tree
version=v4
num_class=1
num_tree_per_iteration=1
label_index=0
max_feature_idx=36
objective=binary sigmoid:1
feature_names=rating word_count char_count avg_word_length uppercase_ratio punctuation_count punctuation_ratio exclamation_count question_count digit_count digit_ratio positive_count negative_count positive_ratio negative_ratio sentiment_score user_review_count user_avg_rating user_unique_products product_review_count product_avg_rating exact_text_count rating_sentiment_difference user_previous_review_count user_previous_avg_rating user_previous_rating_std user_previous_unique_products time_since_previous_review_hours user_days_since_first_review user_previous_reviews_per_day reviews_previous_24h reviews_previous_7days product_previous_review_count product_previous_avg_rating user_product_previous_reviews rating_distance_from_user_history rating_distance_from_product_history
feature_infos=[1:5] [0:1601] [1:8581] [0:47] [0:1] [0:244] [0:1] [0:88] [0:35] [0:292] [0:0.27027027027027029] [0:51] [0:14] [0:1] [0:1] [-1:1] [1:197] [1:5] [1:197] [1:7378] [1:5] [1:37] [0:1.5] [0:196] [0:5] [0:2.8284271247461903] [0:196] [0:999999] [0:3502] [0:46] [0:46] [0:59] [0:5898] [0:5] none [0:5] [0:4]
tree_sizes=6772 6888 6880 6905 6952 6876 6902 6915 6917 6925 6933 6936 6929 6965 6942 6938 6929 6950 6953 6962 6959 6941 6977 6949 6959 6969 6967 6980 6948 6992 6978 6981 6962 6952 6952

Tree=0
num_leaves=63
num_cat=0
split_feature=16 33 16 32 20 33 5 0 20 19 33 32 27 2 32 19 32 19 32 19 32 1 22 32 19 32 33 20 27 32 19 33 19 32 19 32 36 23 20 19 32 19 19 32 19 19 32 32 33 29 32 29 17 29 19 20 19 32 19 20 33 16
split_gain=45043.2 11220.7 7283.56 3034.48 3001.32 2185.92 1762.69 1635.65 1302.11 1139.94 1092.34 972.341 944.058 904.218 892.563 2399.61 913.495 1432.04 829.251 1675.62 763.749 741.917 710.17 645.44 613.562 572.774 570.602 753.784 551.528 544.028 1054.24 542.31 504.586 556.787 549.338 1119.87 476.485 473.253 464.698 452.724 1310.79 1140.57 539.862 1062.95 1433.75 525.733 1244.63 497.743 410.904 409.813 409.1 406.011 558.372 547.583 403.336 401.371 731.051 383.209 788.027 372.241 364.688 345.171
threshold=1.5000000000000002 3.6885570652879895 4.5000000000000009 41.500000000000007 3.7450134812656906 3.222436722436723 5.5000000000000009 1.5000000000000002 3.150992531446541 80.500000000000014 3.6825619761013018 193.50000000000003 204.00000000000003 87.500000000000014 279.50000000000006 397.50000000000006 190.50000000000003 281.50000000000006 135.50000000000003 193.50000000000003 645.50000000000011 73.500000000000014 0.55277081592871069 26.500000000000004 43.500000000000007 14.500000000000002 3.9833506583506586 3.8765186168904635 1.0000000180025095e-35 101.50000000000001 140.50000000000003 2.6250778331257787 458.00000000000006 329.50000000000006 605.50000000000011 419.50000000000006 1.2478197490176199 1.0000000180025095e-35 2.5029034841810174 756.50000000000011 594.50000000000011 909.00000000000011 1107.5000000000002 869.50000000000011 1399.0000000000002 1807.0000000000002 1270.5000000000002 756.50000000000011 2.9689903846153851 1.0000000180025095e-35 271.50000000000006 0.088273491214667668 4.3545026881720439 1.0000000180025095e-35 250.50000000000003 3.7193817957866124 1399.0000000000002 924.50000000000011 1363.0000000000002 3.9604611776967173 2.4005494505494509 8.5000000000000018
decision_type=2 2 2 2 2 2 2 2 2 2 2 2 2 2 2 2 2 2 2 2 2 2 2 2 2 2 2 2 2 2 2 2 2 2 2 2 2 2 2 2 2 2 2 2 2 2 2 2 2 2 2 2 2 2 2 2 2 2 2 2 2 2
left_child=1 4 6 9 5 8 12 -5 20 23 49 22 -2 -9 15 16 17 18 19 29 31 51 54 24 25 -3 27 -17 -12 30 -15 38 -16 -34 -35 -36 -33 60 -1 -37 41 -41 -42 44 47 -45 -47 -44 -10 50 -8 53 61 -4 -7 57 -57 58 -13 -46 -14 -53
right_child=2 3 21 7 -6 11 10 13 48 -11 28 55 37 14 32 26 -18 -19 -20 -21 -22 -23 -24 -25 -26 -27 -28 -29 -30 -31 -32 36 33 34 35 39 -38 -39 -40 40 42 -43 43 45 59 46 -48 -49 -50 -51 -52 52 -54 -55 -56 56 -58 -59 -60 -61 -62 -63
leaf_value=-1.7936618001067275 -1.8409835036581188 -1.7924967957802047 -1.8893140088150455 -1.8171905224091391 -1.7156768046624324 -1.8423771296989764 -1.848325758368607 -1.8312905702958653 -1.6884530355661005 -1.7312021289934614 -1.876239806565086 -1.8597214809577844 -1.7605179010730652 -1.8718027914982425 -1.9102737769314428 -1.8213062700937659 -1.8923555711949436 -1.7930230698416876 -1.8915408739917252 -1.7953101780532887 -1.9161972124572162 -1.9122655481216178 -1.7863785615161907 -1.8498212155480629 -1.7499211862277344 -1.8543971670579913 -1.8233536872582867 -1.7165143162227041 -1.8958152088234106 -1.8997015326618223 -1.8092428019726068 -1.8469835149281417 -1.8286022004097964 -1.8999929303926213 -1.8046015629053105 -1.9066825215265553 -1.7823621113771781 -1.888173615237976 -1.715084792309393 -1.8638066052234061 -1.9058419888229505 -1.7727639132945099 -1.8241275280208287 -1.902428010378957 -1.8119602927602261 -1.7933578688517393 -1.8813275073935993 -1.895158096210217 -1.7496680493155898 -1.8835032516262071 -1.891121500095847 -1.8669529022728919 -1.8396570638776522 -1.9087916462244712 -1.7600789902944778 -1.8969721137609075 -1.6920768102655499 -1.9110910502521063 -1.682188633126142 -1.7030933857083681 -1.8651316173259254 -1.9052785019932326
leaf_weight=131.45996895432472 1083.4549797326326 346.77442072331905 1718.041845574975 855.52220633625984 424.77859078347683 465.50135603547096 952.10972279310226 877.08806511759758 151.41985952854156 153.02582773566246 1549.759319871664 372.35520002245903 30.513395935297012 993.97960819303989 287.46830907464027 106.91159778833389 699.16973017156124 308.11647173762321 625.4099046587944 380.61446508765221 43.017005547881126 16554.549703031778 677.1450233310461 387.72661000490189 159.79383660852909 220.24706840515137 268.31140260398388 147.17551498115063 7883.1243686825037 328.30578634142876 320.62008135020733 165.98828540742397 283.68281258642673 550.61767101287842 235.61847838759422 310.98427210748196 270.60564289987087 1201.2642189264297 141.21049021184444 285.40349280834198 477.43140557408333 218.87052422761917 168.74137376248837 666.36209394037724 44.737685769796371 167.47954159975052 1063.0362410992384 187.09529612958431 290.22139742970467 975.62568582594395 254.66067284345627 296.3011342138052 200.97544991970062 5333.4204158484936 60.567943811416626 28.104443624615669 35.216588541865349 115.28557486832142 23.860099077224731 78.118882074952126 1507.6600104421377 737.71296714246273
leaf_count=1146 9445 3023 14977 7458 3703 4058 8300 7646 1320 1334 13510 3246 266 8665 2506 932 6095 2686 5452 3318 375 144314 5903 3380 1393 1920 2339 1283 68721 2862 2795 1447 2473 4800 2054 2711 2359 10472 1231 2488 4162 1908 1471 5809 390 1460 9267 1631 2530 8505 2220 2583 1752 46494 528 245 307 1005 208 681 13143 6431
internal_value=-1.88178 -1.8385 -1.89854 -1.85192 -1.79027 -1.80094 -1.88236 -1.85702 -1.76954 -1.80798 -1.88817 -1.82203 -1.86469 -1.8604 -1.86317 -1.85293 -1.86152 -1.85423 -1.86135 -1.85202 -1.79358 -1.9086 -1.8067 -1.81854 -1.80186 -1.81653 -1.79279 -1.76055 -1.8926 -1.86517 -1.85654 -1.78613 -1.87169 -1.86935 -1.87195 -1.86799 -1.80691 -1.87407 -1.75291 -1.87206 -1.86885 -1.82427 -1.87674 -1.87089 -1.83094 -1.88097 -1.86935 -1.86148 -1.72863 -1.86905 -1.85736 -1.90127 -1.8854 -1.90405 -1.83287 -1.85415 -1.78295 -1.86298 -1.84898 -1.74262 -1.86305 -1.89429
internal_weight=55880.4 15601.2 40279.2 12204.4 3396.74 2971.96 15438.2 10936.9 1193.92 1267.57 11615.3 1778.04 3822.89 10081.4 9204.26 4178.61 3656.22 2957.05 2648.93 2023.52 752.281 24841 1203.21 1114.54 726.815 567.021 522.399 254.087 9432.88 1642.91 1314.6 709.264 5025.65 4738.18 4454.5 3903.88 436.594 2739.44 272.67 3668.26 3357.28 504.274 2853 2375.57 478.693 1896.88 1230.52 355.837 441.641 2182.4 1206.77 8286.45 1234.99 7051.46 526.069 574.822 63.321 511.501 396.215 122.857 1538.17 1034.01
internal_count=487136 136003 351133 106392 29611 25908 134582 95342 10408 11050 101256 15500 33326 87884 80238 36427 31873 25778 23092 17640 6558 216551 10489 9716 6336 4943 4554 2215 82231 14322 11460 6183 43811 41305 38832 34032 3806 23881 2377 31978 29267 4396 24871 20709 4173 16536 10727 3102 3850 19025 10520 72237 10766 61471 4586 5011 552 4459 3454 1071 13409 9014
is_linear=0
shrinkage=1


Tree=1
num_leaves=63
num_cat=0
split_feature=18 33 28 32 2 20 33 36 18 18 20 19 32 32 18 2 2 32 32 19 32 32 19 19 20 19 20 33 20 27 32 19 19 19 32 19 32 22 33 36 32 19 36 20 32 32 19 2 33 22 33 19 32 5 19 33 19 32 32 33 33 20
split_gain=41494.8 9320.69 7366.08 2594.49 2521.84 2212.92 1538.82 1475.58 1145.32 1102.6 953.348 950.033 820.52 773.649 770.951 680.46 670.362 644.59 634.86 576.49 543.505 541.468 1724.78 532.851 489.697 775.336 479.873 1212.01 661.001 452.567 427.78 1046.92 422.377 413.415 588.366 412.802 571.102 411.412 407.433 383.451 348.754 618.599 346.98 328.068 323.907 321.377 869.739 313.704 305.372 296.191 293.872 289.686 626.547 280.539 273.378 269.836 265.297 256.871 249.816 248.538 236.192 281.436
threshold=1.5000000000000002 3.6885570652879895 27.500000000000004 42.500000000000007 325.50000000000006 3.7861155698234352 3.222436722436723 1.1244255927038842 3.5000000000000004 5.5000000000000009 3.150992531446541 73.500000000000014 196.50000000000003 103.50000000000001 4.5000000000000009 95.500000000000014 87.500000000000014 645.50000000000011 26.500000000000004 247.50000000000003 52.500000000000007 223.50000000000003 354.50000000000006 89.500000000000014 3.7193817957866124 894.00000000000011 3.8863598334596499 3.8727546767930439 3.9277079726144906 492.00000000000006 163.50000000000003 225.50000000000003 425.50000000000006 37.500000000000007 14.500000000000002 397.50000000000006 279.50000000000006 0.67424242424242442 2.6250778331257787 1.2478197490176199 924.50000000000011 1363.0000000000002 2.0003610108303254 2.5029034841810174 107.50000000000001 107.50000000000001 157.50000000000003 437.50000000000006 3.0630051840534862 0.67424242424242442 3.7333654154635867 106.50000000000001 77.500000000000014 1.0000000180025095e-35 269.50000000000006 2.9689903846153851 281.50000000000006 190.50000000000003 413.50000000000006 3.4002652519893903 3.9579052842527167 3.8765186168904635
decision_type=2 2 2 2 2 2 2 2 2 2 2 2 2 2 2 2 2 2 2 2 2 2 2 2 2 2 2 2 2 2 2 2 2 2 2 2 2 2 2 2 2 2 2 2 2 2 2 2 2 2 2 2 2 2 2 2 2 2 2 2 2 2
left_child=1 5 4 11 9 6 10 16 13 15 17 18 19 48 -4 59 -5 38 33 20 23 22 30 49 40 -26 42 28 -28 -17 31 45 -30 34 -3 -23 60 -29 43 -40 41 -14 -9 -1 -33 46 -18 -38 -6 -8 -31 -22 -53 -11 -32 58 -46 -56 -12 -2 61 -37
right_child=2 3 14 7 8 -7 12 26 -10 53 55 -13 24 -15 -16 29 21 -19 -20 -21 51 35 -24 -25 25 -27 27 37 32 50 54 44 -34 -35 -36 36 47 -39 39 -41 -42 -43 -44 -45 56 -47 -48 -49 -50 -51 -52 52 -54 -55 57 -57 -58 -59 -60 -61 -62 -63
leaf_value=0.080104826394981218 0.086190307400996549 0.079068131009833245 -0.017014196867838633 0.043938721711447658 0.057175821044572674 0.15284515298606491 0.045089503244179631 0.021462073508576061 -0.020827029967817847 0.077248229083077005 0.16950638057951414 0.12183677455097054 0.020439688422837003 -0.0080274393974122636 -0.029945556934405222 0.027931583291865826 0.0080372321085522766 -0.034261728031431064 0.024028740222625338 0.1205782239400135 0.0044627593791329084 -0.025414934729582596 0.099767735633546295 0.16925524729781419 0.0051338336017204608 0.16912612745450178 0.057572435754728063 0.019657074106892863 0.094249167616986665 0.025628680924605247 -0.032835016396436711 0.12260837729439206 0.17833590530095861 0.10596939644689775 0.011759092983424242 0.025391942597136646 0.014940442234063217 0.055934236109881123 0.032889816443197793 0.089636783783073409 -0.029066774452947711 0.16769250495112439 0.056300464990407868 0.14324407451108173 0.037537655788648795 -0.0087618318154634289 0.07335083330340901 -0.002035905885356857 0.013343983629307003 0.093300545900953269 0.00063466390837099251 0.1227937577215629 0.037815460629576622 -0.0090622727511900404 0.042854601822345163 0.11659007933662052 0.09995655103762674 -0.011990754128559702 -0.03437981536217783 0.038506327942919673 0.031881347368994277 0.13416817825485411
leaf_weight=140.13592153787613 112.04241405427456 361.27903228998184 5354.5298634842038 740.52528834342957 160.87499024719 366.13665851950645 186.56903228163719 1171.7636016979814 4785.612089343369 34.514253206551075 170.05719277262688 237.02751038223505 370.61372405290604 3337.4456982091069 18461.983085736632 1578.3229395970702 924.80629638582468 41.935826651751995 378.33858486264944 185.10090546309948 130.22232821583748 317.32270983606577 248.70530790090561 60.561117589473724 50.850945256650448 52.976821541786194 206.24723271280527 600.48769959062338 118.91329327225685 566.69376470148563 216.81789545714855 76.239086173474789 99.170010283589363 223.00872401148081 172.97892153263092 34.764929413795471 2174.2889392003417 530.17726407200098 170.2678209990263 290.79944302886724 112.81512893736362 27.501301288604736 329.92998000979424 159.10363765060902 237.05459181964397 455.11312237381935 228.87105428427458 1782.4130477160215 1290.661540620029 300.26522468030453 1674.3026615306735 97.656391158699989 390.16073320806026 1614.5220961868763 131.81568790972233 322.02378416061401 82.823156848549843 183.93534982204437 5.5292925238609305 814.97798702120781 157.18512570112944 56.16680771112442
leaf_count=1146 953 2952 46987 6222 1373 2834 1573 10091 42417 301 1292 1894 3179 29252 164433 13575 7964 375 3224 1493 1079 2794 2060 495 423 405 1751 5145 999 4873 1904 624 809 1802 1478 290 18757 4414 1447 2359 1005 208 2744 1231 2029 3947 1905 15469 11233 2437 14592 804 3232 14145 1089 2552 677 1616 42 6999 1307 435
internal_value=-2.06975e-05 0.0406006 -0.0164683 0.0282897 -0.000704357 0.0829014 0.075053 0.0234796 -0.0104477 0.013882 0.100382 0.0672001 0.0582946 -7.47884e-05 -0.0270385 0.0212243 0.0167397 0.0801191 0.0557838 0.0713744 0.0635473 0.0139828 0.0243862 0.0853236 0.0295483 0.0889199 0.041225 0.0529091 0.0961435 0.0156261 0.016993 0.0233416 0.132564 0.0716397 0.0572871 0.00757191 0.0100626 0.0366738 0.0864356 0.0686988 0.0174622 0.0306588 0.0291215 0.113722 0.0670258 0.0125803 0.0210022 0.00729233 0.0182076 0.0748439 0.00695725 0.0442446 0.0548551 -0.0072494 -0.00690116 0.13302 0.0537348 0.0109022 0.163053 0.0442815 0.0542065 0.0926875
internal_weight=55895.9 16109.5 39786.5 12478.2 15970 3631.28 3265.15 11105.5 9574.59 6395.38 1299.85 1372.63 1965.29 4788.98 23816.5 4746.34 8048.85 802.243 1135.61 1350.54 1165.43 7308.32 2786.18 547.395 614.758 103.828 3056.69 1555 424.331 3819.32 2537.48 2004.91 218.083 757.267 534.258 4522.14 4204.82 1130.66 760.307 461.067 510.93 398.115 1501.69 299.24 396.117 1608.79 1153.68 3956.7 1451.54 486.834 2241 618.039 487.817 1649.04 532.569 497.61 319.878 315.751 175.586 927.02 248.117 90.9317
internal_count=487136 136003 351133 106392 139713 29611 26777 95042 84275 55438 10444 11350 16333 41858 211420 40992 69089 6558 9456 11113 9620 62867 23815 4505 5220 828 25953 13118 3559 33040 21755 17146 1808 6232 4430 39052 36258 9559 6183 3806 4392 3387 12835 2377 3330 13816 9869 34226 12606 4010 19465 5115 4036 14446 4609 3886 2706 2705 1334 7952 2032 725
is_linear=0
shrinkage=0.03


Tree=2
num_leaves=63
num_cat=0
split_feature=18 32 18 28 18 36 36 2 2 32 2 32 28 32 18 27 28 0 18 22 2 22 2 32 18 32 32 20 0 36 2 36 20 0 2 36 2 32 32 36 36 2 32 0 0 17 29 1 32 36 32 32 24 0 20 17 18 32 32 4 0 36
split_gain=38540.5 7521.42 3163.5 3162.77 2673.73 2291.36 1661.46 1467.6 670.049 641.182 613.004 566.434 559.446 555.695 542.111 472.114 399.885 393.108 390.924 353.654 348.077 318.591 310.653 300.152 275.135 235.907 230.936 246.673 416.044 234.127 213.306 204.497 262.415 233.794 201.937 190.817 182.516 181.804 352.377 250.349 247.356 171.593 170.363 168.543 165.738 161.518 820.412 388.171 160.462 159.001 155.012 288.705 153.162 151.486 141.757 140.988 169.24 140.923 129.962 127.003 123.574 122.203
threshold=2.5000000000000004 71.500000000000014 1.5000000000000002 41.500000000000007 1.5000000000000002 1.1733867499311865 0.98405559032123524 318.50000000000006 87.500000000000014 869.50000000000011 349.50000000000006 295.50000000000006 33.500000000000007 30.500000000000004 7.5000000000000009 252.00000000000003 37.500000000000007 2.5000000000000004 5.5000000000000009 0.13423423423423422 437.50000000000006 0.55277081592871069 91.500000000000014 31.500000000000004 5.5000000000000009 47.500000000000007 187.50000000000003 3.8988789756740405 4.5000000000000009 1.3531968410734434 77.500000000000014 0.99731242664098496 4.0831491959333546 4.5000000000000009 95.500000000000014 0.99731242664098496 56.500000000000007 4320.0000000000009 3700.5000000000005 0.75007050197405534 0.2500712250712252 82.500000000000014 834.50000000000011 2.5000000000000004 2.5000000000000004 4.37638888888889 0.083369533738777854 120.50000000000001 905.50000000000011 1.2718670305579169 4320.0000000000009 3276.5000000000005 4.8819444444444455 2.5000000000000004 4.47295321637427 4.6961538461538472 9.5000000000000018 1560.5000000000002 41.500000000000007 0.014036982304573502 3.5000000000000004 0.59764469304733747
decision_type=2 2 2 2 2 2 2 2 2 2 2 2 2 2 2 2 2 2 2 2 2 2 2 2 2 2 2 2 2 2 2 2 2 2 2 2 2 2 2 2 2 2 2 2 2 2 2 2 2 2 2 2 2 2 2 2 2 2 2 2 2 2
left_child=1 2 6 7 5 8 13 14 50 21 16 17 30 53 15 34 22 -10 25 -8 37 60 -6 -21 -5 -9 -23 29 -29 42 -4 -19 -33 -34 -2 43 -16 38 -13 40 -40 -11 -28 -32 -15 -26 -47 52 -22 -12 51 54 -48 -1 59 -20 -57 -56 -36 -3 -7 -55
right_child=3 4 12 24 10 9 19 18 11 41 49 20 -14 44 36 -17 -18 31 55 23 48 26 -24 -25 45 -27 27 28 -30 -31 35 32 33 -35 58 -37 -38 -39 39 -41 -42 -43 -44 -45 -46 46 47 -49 -50 -51 -52 -53 -54 61 57 56 -58 -59 -60 -61 -62 -63
leaf_value=0.10597860762563477 0.047449995137753234 0.071039195241521039 0.080995402544209102 -0.022086437529750612 0.04424009604428214 0.033925148644225453 0.023264056336420105 0.0059077392099804336 0.10820114018032718 0.068809038935864417 -0.011019688951926355 0.016044583363998038 -0.0010638843717913312 0.096068113456423632 0.025988422663988497 0.00078783462305172345 -0.011654412259121963 0.019701573795202369 -0.025245848999278196 0.10036429394042232 0.0055252423410562575 0.069858551248727987 0.012954165933039464 0.07855367744325864 -0.031355877858668904 -0.013848760455230924 0.020665612067469218 0.059932646618256286 0.16816493911791922 0.056433867739494423 0.090944911104990256 0.0306157729521867 0.027067209221332721 0.12410779402626249 0.036524688791140493 0.044424102815120339 -0.015633249657464852 -0.023925439710279096 0.1995081667689981 0.19913074657256863 -0.0050836959423510254 0.014827593631634273 0.13592654486152078 0.018266263325623387 0.034387167543957257 -0.027632867855694271 0.070924465469949932 -0.02467107349422348 -0.0122188138538942 0.0067768114970054374 -0.020122117600005977 0.14064458597245233 0.17525744416877234 0.05501437363291798 0.11590439147689428 -0.013838728922313845 0.080708831038518059 -0.034038430707568179 0.013158991077279423 0.034677677756529073 0.091373795310202441 0.078759797509449433
leaf_weight=87.10527428984642 282.00870518386364 100.81342617422342 84.764278657734394 4587.9612351283431 348.4186277911067 740.1997049972415 73.859190583229065 667.80562980473042 49.71212600171566 58.280075214803219 2481.3875425457954 2260.8660101220012 541.90329445153475 40.698245227336884 103.96003427356482 1555.9880211874843 493.67593660950661 2778.1245609521866 3375.1231558918953 1206.4579658731818 1234.0953822955489 966.67322205752134 1587.7267401143909 1082.8497896641493 14694.879263266921 2927.2154390066862 375.10991267114878 272.12333928793669 36.2228939011693 429.37744420021772 29.920472130179405 576.75925443321466 37.67786468565464 55.383273474872112 287.03898820281029 593.34675268828869 1063.7096286416054 98.49669885635376 7.0769124031066921 15.429989337921141 20.418632507324219 581.10180228948593 11.823861837387083 679.20092616230249 1070.0798880681396 1317.8054681718349 65.636988796293736 37.948827818036079 729.81063442677259 552.11997906863689 32.551222443580627 28.252004384994507 15.780022338032721 504.51488552242517 39.061466932296753 55.754749871790409 24.402998492121696 6.5102444887161246 848.06397707760334 618.08140634000301 35.322956442832947 321.64799602329731
leaf_count=649 2353 814 697 41048 2902 6139 594 5835 372 478 21924 19194 4816 311 909 13449 4388 23183 30522 9074 10644 7599 13656 8448 133872 25944 3154 2170 267 3456 245 4803 314 431 2441 5039 9416 849 61 133 176 4861 95 5817 8799 12003 579 346 6358 4860 265 230 140 3920 318 503 219 53 7210 5012 267 2512
internal_value=-3.70097e-05 0.028705 0.0568006 -0.0216312 0.0186551 0.0264683 0.0708794 -0.00877955 0.0182069 0.0469396 0.0012135 0.0155072 0.0247792 0.050923 0.00539577 0.0121989 0.0124419 0.0245033 -0.0171054 0.0879679 0.00829947 0.0529988 0.0185878 0.090053 -0.0285723 -0.0101779 0.0590923 0.0498304 0.0727073 0.0411775 0.0348759 0.0232926 0.0381768 0.0849222 0.0247251 0.0318662 -0.0119231 0.015958 0.0176655 0.102731 0.0479984 0.0197627 0.0242297 0.0213495 0.0366583 -0.0304166 -0.0208087 0.0544653 -0.00106742 -0.00777949 0.0439239 0.0465598 0.091373 0.0682636 0.0430609 -0.0243116 0.0149724 0.0943907 0.0190729 0.0397901 0.0365571 0.0642712
internal_weight=55886.1 23975 6316.35 31911.1 17658.7 12195.4 4387.21 11191.1 8689.12 3506.24 5463.33 7863.85 1929.14 2024.05 4140.77 2973.1 2429.82 3497.66 7050.3 2363.17 4366.19 2866.85 1936.15 2289.31 20720 3595.02 2091.33 1124.66 308.346 816.311 1387.23 3447.94 669.82 93.0611 1417.11 1302.47 1167.67 2402.29 2303.79 42.9255 27.4955 639.382 386.934 709.121 1110.78 16132.1 1437.17 119.366 1963.91 3033.51 825.27 792.719 81.417 913.268 764.467 3455.28 80.1577 45.5717 1135.1 718.895 775.523 826.163
internal_count=487136 200347 50921 286789 149426 101696 34307 98801 73210 28486 47730 66518 16614 16191 35778 25453 20946 29103 63023 18116 37415 23147 16558 17522 187988 31779 16741 9142 2437 6705 11798 28731 5548 745 12004 11101 10325 20413 19564 370 237 5339 3249 6062 9110 146940 13068 1065 17002 26784 6692 6427 719 7081 6197 31244 722 371 9651 5826 6406 6432
is_linear=0
shrinkage=0.03


Tree=3
num_leaves=63
num_cat=0
split_feature=16 33 28 16 16 32 20 1 33 36 20 19 31 36 32 1 32 19 16 16 32 19 32 19 32 19 32 19 32 32 19 31 19 32 32 32 19 19 32 19 32 19 32 19 19 32 19 19 32 32 33 19 20 33 19 32 19 32 19 19 32 36
split_gain=36088.6 8290.54 3112.08 2610.62 2022.73 1936.29 1649.62 1403.56 1186 1183.91 808.567 708.902 706.753 663.342 503.613 468.274 471.846 1489.81 456.465 433.725 417.619 993.179 417.278 546.084 725.588 706.68 531.27 893.95 515.335 440.589 573.683 415.411 407.706 454.901 398.289 391.537 889.566 389.997 664.13 360.721 408.967 393.995 935.551 756.51 401.05 1038.25 489.742 417.669 975.672 355.934 356.177 516.764 354.878 818.21 344.16 578.435 343.258 332.315 1124.7 326.131 844.191 400.999
threshold=2.5000000000000004 3.6885570652879895 41.500000000000007 1.5000000000000002 1.5000000000000002 36.500000000000007 3.7450134812656906 53.500000000000007 3.1972026604068859 1.1000467726847523 3.150992531446541 63.500000000000007 1.0000000180025095e-35 1.484070746560409 645.50000000000011 13.500000000000002 223.50000000000003 354.50000000000006 10.500000000000002 5.5000000000000009 869.50000000000011 1228.0000000000002 679.50000000000011 877.50000000000011 425.50000000000006 598.50000000000011 184.50000000000003 281.50000000000006 594.50000000000011 131.50000000000003 179.50000000000003 1.0000000180025095e-35 1852.0000000000002 1270.5000000000002 17.500000000000004 163.50000000000003 225.50000000000003 446.50000000000006 324.50000000000006 552.50000000000011 401.50000000000006 756.50000000000011 594.50000000000011 909.00000000000011 1191.5000000000002 887.50000000000011 1419.5000000000002 1807.0000000000002 1131.5000000000002 425.50000000000006 3.0027247956403271 1243.5000000000002 3.3971889055472269 3.3637417044137794 360.00000000000006 295.50000000000006 45.500000000000007 1504.5000000000002 2237.5000000000005 3539.0000000000005 2359.5000000000005 1.2478197490176199
decision_type=2 2 2 2 2 2 2 2 2 2 2 2 2 2 2 2 2 2 2 2 2 2 2 2 2 2 2 2 2 2 2 2 2 2 2 2 2 2 2 2 2 2 2 2 2 2 2 2 2 2 2 2 2 2 2 2 2 2 2 2 2 2
left_child=1 4 7 5 6 11 8 18 10 15 14 34 -5 52 -1 -7 17 35 31 -9 21 22 23 24 25 26 27 29 -25 30 -11 -2 -22 -34 -3 36 -17 -18 -39 -40 -41 -42 43 -43 -44 46 -46 -47 -49 50 51 -6 -10 -54 -28 -56 -36 58 -50 -35 -61 -62
right_child=2 3 -4 12 49 9 -8 19 13 20 -12 -13 -14 -15 -16 16 37 -19 -20 -21 32 -23 -24 28 -26 -27 54 -29 -30 -31 -32 -33 33 59 56 -37 -38 38 39 40 41 42 44 -45 45 47 -48 48 57 -51 -52 -53 53 -55 55 -57 -58 -59 -60 60 61 -63
leaf_value=0.072456306748999097 0.00090363503770029695 0.067443351400906904 -0.028326328272332099 -0.0040010301529696708 0.05308933529371359 0.039656219711201819 0.11916073767701217 -0.0090319655141653417 -0.0005437066148376898 0.032189579401741629 0.11524936517885428 0.10489547600932957 0.021339459373898178 0.068050961640250221 -0.034231765226805537 0.012038588063891157 -0.016303191386667918 0.089786397033918788 -0.016147494146368076 -0.023517880461925662 -0.01632542116030624 0.11827404810437375 -0.014999452192924376 0.12426277298960962 -0.015430943083026867 0.094039556874698393 -0.017272397031650524 0.11063883992969736 0.029529103332557614 -0.00033268293071854319 0.089561103565287736 0.023196374649278571 0.10334873902592238 -0.007342811276761895 0.0065108562288224052 -0.0074417339328768876 0.060621179010296254 0.049523006247400365 -0.026664284389402756 0.047142885636674889 -0.023437563405609645 0.015447905416326893 -0.01925968877865563 0.093973735426776908 0.030752112662577158 -0.02448169629371522 0.11497213478171739 0.1148513648180622 -0.012602915394215123 -0.0083682208030448138 0.027211390648816506 0.20079359372321176 0.12749425107748144 0.032833356140844927 0.057970056263411618 -0.0029762747827825329 0.055956852535211134 -0.0076723750010321574 0.1335885819795001 0.15930174724309684 0.19466916194059408 -0.0096736642416662497
leaf_weight=840.44986816495657 1578.0786095410585 526.27929624915123 20280.249060019851 4679.8540196567774 259.63591712713242 650.67631038278341 547.21853557229042 3837.8329806700349 218.49443590641022 592.94479024410248 498.21585597097874 256.62268196046352 1256.3924165219069 911.3828981295228 41.705753304064274 1781.548978574574 565.154362231493 268.39520870149136 651.85059329122305 3612.02529823035 243.70337838679552 141.9906382188201 132.48789759725332 126.27200891077518 228.14175895601511 203.33941923826933 206.89845483750105 173.90566089749336 87.735240615904331 221.89608614146709 213.46176454424858 1438.101928204298 68.095648989081383 194.9150907099247 264.51190574467182 529.25399715453386 418.9806471914053 354.2771693021059 273.00828412175179 237.33103504031897 355.16380228847265 253.20482149720192 576.921839825809 195.91692445427179 152.40774907171726 442.50419275462627 105.10050521045923 74.537038818001747 146.11473606526852 190.97566320002079 1022.016526684165 23.168723113834858 90.73339968919754 867.79223102331161 284.74666980654001 275.71379279345274 242.14901650696993 718.65213962644339 69.945787250995636 45.69250064343214 9.3099398612976056 105.81869603693485
leaf_count=6079 13649 3897 187988 41072 2117 5135 3703 34084 1757 4666 3368 1852 10674 6819 375 14758 4865 2036 5822 33192 2052 1074 1092 969 1893 1575 1699 1321 716 1794 1641 12054 539 1615 2072 4527 3297 2853 2371 1981 3083 2140 5003 1556 1292 3886 825 602 1230 1654 8641 186 683 6827 2262 2267 1848 6202 595 361 77 873
internal_value=-4.89329e-05 0.0272683 -0.0213332 0.0178497 0.0596523 0.0253691 0.0707443 -0.00857653 0.0631022 0.0215311 0.0846831 0.0602616 0.00136199 0.0488331 0.0674057 0.01524 0.013126 0.0223544 0.00661367 -0.016056 0.0359775 0.0409188 0.0369158 0.0395477 0.0354498 0.0407938 0.0352907 0.0477395 0.0854713 0.0370894 0.0473892 0.0115341 0.014581 0.032359 0.0491608 0.0157202 0.0212924 0.00700403 0.0103356 0.00647787 0.00919843 0.0062821 0.0101428 0.0497226 0.00236424 0.00966535 0.065169 -0.000181483 0.0104713 0.0298675 0.0354662 0.0652673 0.0339453 0.0418094 0.0157798 0.0279875 0.0301549 0.0021331 0.03475 0.0187363 0.0503478 0.0069792
internal_weight=55861.9 24463.8 31398.1 18952 5511.79 13015.7 4015.99 11117.9 3468.77 11726.2 1380.37 1289.56 5936.25 2088.4 882.156 8169.1 7518.42 2998.18 3668.03 7449.86 3557.07 2889.53 2747.54 2615.06 2401.05 2172.91 1969.57 1202.21 214.007 1028.3 806.407 3016.18 667.535 423.832 1032.94 2729.78 2200.53 4520.24 3955.09 3600.81 3327.8 3090.47 2735.31 449.122 2286.18 1709.26 257.508 1451.75 1009.25 1495.8 1304.82 282.805 1177.02 958.526 767.359 560.46 506.661 934.713 216.061 355.736 160.821 115.129
internal_count=487136 200347 286789 158138 42209 106392 29611 98801 25908 96723 9822 9669 51746 16086 6454 68237 63102 24618 31525 67276 28486 22969 21895 20803 19118 17225 15650 9422 1685 8101 6307 25703 5517 3465 7817 22582 18055 38484 33619 30766 28395 26414 23331 3696 19635 14632 2117 12515 8629 12598 10944 2303 9267 7510 6228 4529 3920 8027 1825 2926 1311 950
is_linear=0
shrinkage=0.03


Tree=4
num_leaves=63
num_cat=0
split_feature=16 16 28 0 19 2 28 2 2 20 16 0 16 20 20 20 23 16 2 10 6 4 19 19 19 4 17 29 1 22 19 24 22 17 16 30 23 2 2 23 0 2 28 0 30 2 22 23 17 21 20 19 4 4 13 16 17 29 30 30 2 4
split_gain=33823.2 4320.19 3061.58 2768.22 1413.39 1345.88 807.793 758.075 555.353 498.709 486.912 416.688 373.793 366.68 351.353 347.812 311.349 281.98 269.318 260.952 233.701 211.682 190.591 189.3 182.31 171.599 165.238 784.364 340.74 158.082 148.269 156.621 139.893 138.496 152.375 135.718 121.214 119.897 111.987 111.701 103.7 102.599 101.314 96.4847 95.8962 92.3938 96.4509 90.7559 82.6428 82.0391 81.6396 78.6467 78.069 77.7375 77.0662 76.3987 99.4861 74.0652 72.0776 64.6509 64.3793 63.3497
threshold=2.5000000000000004 1.5000000000000002 41.500000000000007 1.5000000000000002 146.50000000000003 318.50000000000006 33.500000000000007 123.50000000000001 87.500000000000014 3.913412796880539 5.5000000000000009 4.5000000000000009 5.5000000000000009 3.6981174637027321 3.67219227313567 3.7193817957866124 1.5000000000000002 5.5000000000000009 393.50000000000006 0.0006400000655359502 0.0083945527896693017 0.016902360750030904 1890.5000000000002 133.50000000000003 65.500000000000014 0.010992787281447002 4.37638888888889 0.083369533738777854 120.50000000000001 0.50788437629506855 157.50000000000003 4.5064102564102573 0.50051387461459418 4.6961538461538472 9.5000000000000018 1.0000000180025095e-35 1.0000000180025095e-35 91.500000000000014 38.500000000000007 1.0000000180025095e-35 1.5000000000000002 166.50000000000003 8.5000000000000018 2.5000000000000004 1.0000000180025095e-35 82.500000000000014 0.49539435656218017 7.5000000000000009 2.477272727272728 1.5000000000000002 4.6018867924528308 657.50000000000011 0.014036982304573502 0.0096647547324021019 0.038984065579810205 13.500000000000002 3.3291666666666671 0.012892663595539951 1.5000000000000002 1.0000000180025095e-35 437.50000000000006 0.012790450378723802
decision_type=2 2 2 2 2 2 2 2 2 2 2 2 2 2 2 2 2 2 2 2 2 2 2 2 2 2 2 2 2 2 2 2 2 2 2 2 2 2 2 2 2 2 2 2 2 2 2 2 2 2 2 2 2 2 2 2 2 2 2 2 2 2
left_child=1 3 5 15 9 10 7 25 22 11 16 -5 23 29 32 -1 35 57 36 21 -12 -16 52 58 45 -3 38 -28 30 -9 -29 -32 -10 -14 -35 49 -15 -22 -19 -27 -20 -18 -36 -21 -25 -11 -47 -33 -8 -2 -23 -42 -6 -26 -45 56 -39 -4 -7 -31 -59 -13
right_child=2 6 17 4 8 12 48 13 14 24 20 61 33 18 19 -17 41 26 40 43 37 50 -24 44 53 39 27 28 -30 59 31 47 -34 34 42 -37 -38 55 -40 -41 51 -43 -44 54 -46 46 -48 -49 -50 -51 -52 -53 -54 -55 -56 -57 -58 60 -60 -61 -62 -63
leaf_value=0.079281551003763356 0.0017724479326419189 0.079508342059401257 -0.023639494334041243 0.041811240813030184 0.061596745445032831 0.0022091712207905605 0.016162112938037234 0.013720617048297946 0.028560292711808814 0.078724192014261771 0.055903420878448053 0.10333804855265984 -0.024698985033020596 0.006967116195733411 0.043592360648849471 0.054910036088900029 0.045522483215284737 7.9303829264282158e-05 0.025021181111060633 0.027439948772477702 0.0090276295210384317 0.021947620449366531 0.066233646328418799 -0.016319052067601009 0.073268333886112424 0.025871252395951901 -0.027110471949212043 -0.0056137588715618192 -0.024057596922797474 0.032810384491214234 0.041162426874317419 0.056832940230598074 0.05205018261350023 -0.013098729414335254 0.018582814516490898 0.020849691065863766 0.023136446142558963 0.020302593489656271 -0.031201194022836918 0.05129842407835878 0.00089065159048756207 0.020982312111925298 0.13866691084389857 0.0086169813426353395 -0.0044020762610086726 0.022711441457133767 0.046130740027908422 0.15742735134678718 -0.012372024087928575 0.083434890569495129 0.08361427813187651 -0.010792552049761848 0.033308670739530817 0.024958659425934723 0.01949658672208536 -0.022922855963610347 -0.011243586900835413 -0.0070313950615848893 0.037017345444912086 0.061905778784216992 -0.021547919583597797 0.066744859049117047
leaf_weight=983.99976854771376 1329.6664788201451 88.081951178610325 3313.4565637931228 1114.263929232955 101.67904164642096 534.52277368307114 96.434946946799755 483.2724340185523 496.07668690383434 63.120809391140938 51.115636728703976 45.143035441637039 3253.6224293708801 1178.3718709200621 452.10330314189196 1141.0911034271121 278.3447380810976 103.57925327122211 113.59412617981434 387.74323073029518 272.54883252084255 5168.978240288794 274.86830962449312 2092.5562682300806 30.771954461932182 436.44487795978785 1263.2924367636442 13.492311507463453 36.460499942302704 325.75290688872337 24.818399012088776 10.706775575876234 424.79654172807932 54.217949390411377 13.438470810651781 494.15545321255922 646.73927994817495 100.62012349069118 13943.505832716823 242.6533865109086 1145.3456049785018 343.57252748310566 12.017030805349348 2193.366880401969 857.66616649925709 201.74865479022264 749.57665118575096 36.254828982055187 1678.9873240813613 11.067107036709784 19.342354975640774 946.81515230238438 664.01730328053236 1164.8977275639772 800.77959398180246 448.17063084989786 839.49405777454376 524.54830440878868 59.436985231935978 87.741204932332039 579.92951940745115 973.33028681576252
leaf_count=6800 11393 707 30776 8090 763 4683 851 3996 3872 454 425 309 30522 10183 3664 8372 2255 985 984 3080 2388 42122 2073 18905 236 3567 12003 114 346 2653 212 90 3153 503 116 4009 5377 887 132887 1928 9994 2856 103 18312 7670 1495 5466 303 14997 93 155 8398 5099 9190 6552 4078 7394 4867 521 709 5405 6746
internal_value=-6.25465e-05 0.0259391 -0.0210364 0.0341112 0.0296614 -0.00837649 0.00684727 0.0123557 0.0239319 0.0441506 0.00507309 0.0545029 -0.0165293 0.00803571 0.0217486 0.0661996 0.0136319 -0.0280813 0.00417454 0.0199459 -0.00720792 0.0238973 0.044787 -0.00974475 0.0341574 0.0400949 -0.029995 -0.0200999 0.0525906 0.0253855 0.0853886 0.10252 0.0394039 -0.0237417 0.0152973 0.00741135 0.0126994 -0.00915536 -0.0309703 0.0349674 -0.0028781 0.0319759 0.0757103 0.0133542 -0.0128559 0.0435174 0.0411702 0.134726 -0.0108196 0.00245494 0.0221797 -0.00439546 0.0370766 0.0262105 0.0115283 -0.0127276 -0.00786222 -0.0213951 0.00570309 0.039005 -0.0146576 0.0683798
internal_weight=55818.2 24921.9 30896.3 17451.7 15326.6 11046.2 7470.24 5694.81 10983.8 4342.85 4168.76 2132.74 6877.48 4927.63 9943.19 2125.09 2456.81 19850 4030.87 9022.31 1711.95 5640.42 1040.56 3544.18 2210.12 767.18 15432.1 1385.03 121.733 896.767 85.2723 71.78 920.873 3333.3 79.6735 1834.89 1825.11 1660.83 14047.1 679.098 2205.75 621.917 25.4555 3381.89 2950.22 1014.45 951.325 46.9616 1775.42 1340.73 5188.32 2092.16 765.696 1195.67 2994.15 1388.28 940.114 4417.93 593.96 413.494 1104.48 1018.47
internal_count=487136 200347 286789 136003 120831 98801 64344 48496 88845 31986 35778 15145 63023 42294 80910 15172 20606 187988 34936 73885 15172 45941 7935 31779 16841 6202 146940 13068 1065 7358 719 605 7025 31244 722 15495 15560 14747 133872 5495 19376 5111 219 27944 26575 7415 6961 393 15848 11486 42277 18392 5862 9426 24864 12359 8281 41048 5204 3362 10272 7055
is_linear=0
shrinkage=0.03


Tree=5
num_leaves=63
num_cat=0
split_feature=16 33 28 16 32 20 2 33 36 20 22 32 27 36 16 32 2 33 16 27 16 36 33 32 32 20 20 33 20 2 32 20 2 16 22 32 20 33 32 20 33 32 33 20 28 16 32 2 32 32 33 20 20 33 20 33 20 33 32 32 22 32
split_gain=31744 6729.6 3011.2 2155.2 1611.87 1500.95 1286.02 1214.76 725.963 720.068 667.677 647.92 635.275 604.675 465.185 454.983 449.495 445.839 440.483 371.408 360.655 339.373 337.862 332.863 305.582 409.912 297.188 914.073 360.205 294.677 292.794 287.862 284.181 282.515 271.603 263.547 259.348 302.217 256.098 252.67 624.449 227.351 222.809 627.313 221.262 216.877 213.706 208.392 207.662 207.034 203.333 965.133 294.002 492.64 335.009 309.03 300.365 665.621 290.174 272.878 194.103 180.58
threshold=2.5000000000000004 3.6885570652879895 41.500000000000007 1.5000000000000002 157.50000000000003 3.7450134812656906 322.50000000000006 3.222436722436723 0.89745676076025982 3.150992531446541 0.55277081592871069 645.50000000000011 228.00000000000003 1.1244255927038842 6.5000000000000009 30.500000000000004 253.50000000000003 2.6250778331257787 1.5000000000000002 324.00000000000006 5.5000000000000009 1.3531968410734434 3.0630051840534862 196.50000000000003 1682.5000000000002 3.3224745331069614 3.8863598334596499 3.8727546767930439 3.9227820731227889 134.50000000000003 413.50000000000006 2.3868817204301078 322.50000000000006 5.5000000000000009 0.13423423423423422 905.50000000000011 4.47295321637427 4.4377819174248874 44.500000000000007 3.646446078431373 3.5716221447928773 905.50000000000011 3.3637417044137794 3.3971889055472269 85.500000000000014 1.5000000000000002 43.500000000000007 71.500000000000014 123.50000000000001 107.50000000000001 3.8235567207384351 3.8687343358395987 4.0331200487507628 4.0442641152075245 4.071858864027539 3.9719838898781936 4.117156862745099 4.0980580693816 315.50000000000006 728.50000000000011 0.67424242424242442 1401.5000000000002
decision_type=2 2 2 2 2 2 2 2 2 2 2 2 2 2 2 2 2 2 2 2 2 2 2 2 2 2 2 2 2 2 2 2 2 2 2 2 2 2 2 2 2 2 2 2 2 2 2 2 2 2 2 2 2 2 2 2 2 2 2 2 2 2
left_child=1 5 6 4 8 7 14 9 15 11 39 17 29 16 19 -3 36 31 -7 -2 46 -19 30 45 25 48 -15 28 61 -5 -11 -1 44 -4 -10 -18 50 -38 -36 41 -41 42 43 -9 -14 -12 -8 -16 -24 -45 51 -6 -52 54 55 -54 -55 58 -58 -56 -29 -28
right_child=2 3 33 12 13 18 20 10 34 22 23 -13 32 26 47 -17 35 21 -20 -21 -22 -23 24 -25 -26 -27 27 60 -30 -31 -32 -33 -34 -35 38 -37 37 -39 -40 40 -42 -43 -44 49 -46 -47 -48 -49 -50 -51 52 -53 53 56 59 -57 57 -59 -60 -61 -62 -63
leaf_value=0.043020035205533581 0.022717000926742954 0.047458626849125905 -0.021097547101050374 0.050705241922048366 0.016343875027785629 0.1035918715872759 0.0063599580766953104 0.0037026040424786551 0.013065457569373461 0.10932086949356484 0.063396579551674034 -0.034489219207634543 0.010501376343267664 0.017269149459675538 0.020470363729376686 0.018291267192926369 0.008392955994030199 0.017747882625786499 0.054758899286673421 0.0010370988054998682 -0.023520772201683898 0.058808526279107654 0.051493948415605707 0.023760871133185386 0.15996844426935206 0.095832740540527289 0.063783230654690007 0.010150404282500251 0.11696686176978144 0.013068240367777628 -0.03556444571067266 0.094215633800152437 -0.010269603869617115 -0.029782103313566108 0.066974964250854613 -0.0094950747259370995 0.14632172774076624 0.036670487231030356 0.044652278612470439 0.1043715067361272 0.015299023967468043 -0.029109955649770227 0.008929721056572873 0.067732104705857346 -0.013657967765912462 0.031237667680462194 -0.013075151961946908 -0.013941418101380569 -0.012549651524382099 0.15639917778928625 0.00043261850195267914 0.16697821727349649 0.1197373021036881 -0.019984686217608374 0.072018026919756103 -0.0033749665856062103 0.028130268627052566 0.01523942352212191 0.16294083858318345 0.17902918137788237 0.037807352329086892 -0.033301387330080756
leaf_weight=143.46700622141361 1401.7442410215735 642.63721592724323 4346.9959640055895 225.49939591437578 221.23550566285849 603.07558679580688 618.73827919363976 167.07095475494862 177.31175021827221 407.50487846881151 883.43722367286682 76.62054455280304 1455.2842051237822 1226.2878492176533 182.06288854777813 1920.6955781057477 2785.4876911044121 321.73085256665945 230.47793317586184 1444.1151419878006 3248.48165705055 415.65915117412806 148.3109055608511 372.36128699034452 29.002947211265564 155.99449881911278 128.76589954644442 478.11712634563446 148.62267320603132 1104.2755261287093 12.875988960266112 321.53854266554117 2729.8656196221709 15082.058535926044 678.87235525995493 1009.8326393887401 29.210246540606022 100.24513936787844 1462.4802904650569 102.62409078329802 228.66590967029333 103.9915084540844 752.86099518835545 75.439207941293716 445.46826350688934 240.9334441870451 2869.8232172206044 1210.8300859779119 65.610118225216866 34.84131708741188 795.89227879047394 46.214277595281601 24.406994797289371 177.33615702390671 68.443832375109196 72.849358268082142 22.12511321157217 762.2942114546895 41.470640033483505 31.437679126858711 437.99637057632208 19.799893453717232
leaf_count=977 11334 4519 41048 1731 1778 3703 5413 1325 1370 2567 5932 669 12328 9692 1559 15123 23106 2423 1885 12441 31009 2821 999 2872 191 1037 977 3824 966 9274 94 2084 24380 146940 4692 8708 214 785 11013 764 1805 899 5938 553 4033 1946 26103 10942 490 235 6390 344 182 1444 519 588 174 6096 317 228 3184 159
internal_value=-7.06223e-05 0.0247099 -0.0207433 0.0162075 0.022837 0.0527953 -0.00818172 0.0466482 0.0366131 0.0641141 0.0342733 0.0500358 0.00118004 0.0150414 0.00476387 0.0256064 0.0100539 0.0554269 0.0901013 0.0117171 -0.0163271 0.0409022 0.0860794 0.0483679 0.0662504 0.0588532 0.027691 0.0382196 0.0839333 0.0194562 0.104869 0.0784395 -0.00406798 -0.0278393 0.0487784 0.00363252 0.0202359 0.0615291 0.0517334 0.019874 0.0429233 0.0131357 0.0174053 0.0403897 0.00483729 0.0565115 -0.00962716 -0.00944021 0.0318409 0.0958885 0.0178705 0.0424368 0.0145757 0.0239499 0.0672982 0.0275811 0.0154229 0.0230308 0.116205 0.105875 0.0233792 0.0508105
internal_weight=55769.4 25364.6 30404.9 19470.5 13510.1 5894.09 10975.8 5060.54 4882 2098.32 2962.23 1279.02 5960.39 8628.07 4238.75 2563.33 6188.48 1202.4 833.554 2845.86 6737.04 737.39 819.299 1496.73 398.918 369.916 2439.59 1213.3 297.188 1329.77 420.381 465.006 4630.62 19429.1 2318.66 3795.32 2393.16 129.455 2141.35 1465.49 331.29 1134.2 1030.21 277.351 1900.75 1124.37 3488.56 1392.89 213.921 110.281 2263.71 267.45 1996.26 1200.36 197.138 97.2564 1003.23 825.89 63.5958 99.8815 916.113 148.566
internal_count=487136 200347 286789 158138 106392 42209 98801 36621 36717 14352 22269 8974 51746 69675 36276 19642 50873 8305 5588 23775 62525 5244 5378 10750 2717 2526 18802 9110 2102 11005 2661 3061 40741 187988 17075 31814 19059 999 15705 11519 2569 8950 8051 2113 16361 7878 31516 12501 1489 788 18060 2122 15938 9548 1517 770 8031 6587 491 747 7008 1136
is_linear=0
shrinkage=0.03


Tree=6
num_leaves=63
num_cat=0
split_feature=16 33 28 16 32 19 16 2 20 32 19 32 33 19 19 32 19 32 19 32 19 19 32 19 19 32 32 27 32 20 19 32 16 19 32 32 19 32 32 19 33 33 19 19 32 19 32 19 32 32 19 20 32 19 27 16 20 19 33 20 20 19
split_gain=29818 5971.76 2960.85 1942.19 1427.28 1490.96 1379.03 1228.4 1146.49 1054.4 904.192 1141.93 743.777 736.707 685.89 1167.15 640.644 1080.92 723.763 1111.63 955.386 729.97 1033.05 1156.94 885.117 1508.41 587.926 586.561 561.514 537.098 528.703 1244.03 439.383 438.554 1235.45 418.857 410.981 1284.61 560.285 1382.51 1053.58 424.934 407.4 388.337 380.036 374.875 398.257 373.551 724.16 432.146 643.666 372.155 365.288 406.196 354.47 352.706 341.523 331.131 339.631 327.284 322.106 493.144
threshold=2.5000000000000004 3.693560441679927 41.500000000000007 1.5000000000000002 157.50000000000003 233.50000000000003 1.5000000000000002 322.50000000000006 3.7861155698234352 47.500000000000007 281.50000000000006 199.50000000000003 3.1972026604068859 80.500000000000014 387.50000000000006 279.50000000000006 552.50000000000011 401.50000000000006 734.00000000000011 585.50000000000011 909.00000000000011 1107.5000000000002 869.50000000000011 1399.0000000000002 1807.0000000000002 1270.5000000000002 31.500000000000004 228.00000000000003 756.50000000000011 3.150992531446541 106.50000000000001 75.500000000000014 7.5000000000000009 2237.5000000000005 1504.5000000000002 193.50000000000003 3539.0000000000005 2226.5000000000005 4320.0000000000009 5674.0000000000009 4.2500639386189265 4.0508859125946088 360.00000000000006 247.50000000000003 645.50000000000011 48.500000000000007 14.500000000000002 193.50000000000003 133.50000000000003 101.50000000000001 140.50000000000003 3.8014831869779395 46.500000000000007 63.500000000000007 468.00000000000006 5.5000000000000009 3.8019325352635494 2618.5000000000005 3.7701262335433467 3.8432805773221426 3.7193817957866124 490.00000000000006
decision_type=2 2 2 2 2 2 2 2 2 2 2 2 2 2 2 2 2 2 2 2 2 2 2 2 2 2 2 2 2 2 2 2 2 2 2 2 2 2 2 2 2 2 2 2 2 2 2 2 2 2 2 2 2 2 2 2 2 2 2 2 2 2
left_child=1 6 7 4 5 9 8 32 12 13 -6 42 29 26 -13 -16 -17 -18 -19 20 -20 -21 23 28 -24 -26 45 -5 -23 44 -11 -32 54 -27 51 43 -36 -38 39 -39 -41 -40 -12 52 -1 46 -3 49 -49 50 -33 -35 53 -14 -2 -9 -30 58 59 -25 -37 -62
right_child=2 3 -4 27 10 -7 -8 55 -10 30 11 14 35 -15 15 16 17 18 19 21 -22 22 24 57 25 33 -28 -29 56 -31 31 47 -34 34 36 60 37 38 41 40 -42 -43 -44 -45 -46 -47 -48 48 -50 -51 -52 -53 -54 -55 -56 -57 -58 -59 -60 -61 61 -63
leaf_value=0.058777968817276233 0.020152143016673989 0.057474915068008295 -0.027597672898963688 0.018585361223691175 -0.025885140325015429 0.07647925169096266 0.025382371191267399 -0.0094076511028421007 0.099831687809303488 -0.010936805094622502 0.0388319216261147 -0.015958108165592039 0.04618025241486063 0.08845238683093655 0.055793468276533947 -0.010746428712251836 0.05609486435286868 -0.020659296842541929 0.02030724979845186 -0.020791915250012401 0.09038933883858899 0.053893659285356027 -0.020377368491133269 0.16791078860896336 0.083310011992757407 -0.034849613963043251 0.0059562482996547801 -0.0039559635331708198 0.18663523263872348 0.091111913649167472 0.068871789471128389 -0.016495575039774696 -0.011208428770567767 -0.034783164733553709 -0.02033227951531974 0.013470229571006805 0.174471836146043 -0.013261654937712 0.20582678938868124 0.18327737213494363 0.007596187576226144 -0.03362349614491613 0.094496634692714854 0.086288847516044015 -0.034165135529300873 0.08023971839515541 0.016550633825428866 0.063025495151436212 -0.011501547864582639 -0.0209068945026171 0.046654971050894049 0.12420188563413011 0.031523035046081671 0.098109501252378134 -0.00015788919797496008 -0.023235569126946264 -0.018401319610622288 -0.036195386911908572 0.13399913160215882 -0.033121224773404734 -0.018953751911155357 0.099175888923379973
leaf_weight=948.69320859014988 1624.3834673166275 467.65052384138107 19017.557741984725 1342.0947846770287 475.27192711830139 660.28218631446362 1610.311157271266 3463.4660265669227 515.23473886400461 537.88793801516294 301.09480704367161 638.0197240114212 464.82728381454945 299.36179012805223 621.02041428536177 899.81745358556509 559.05101910233498 540.83555609732866 408.69909100234509 599.89721594005823 306.44357512891293 239.78055609762669 770.59781571477652 10.472253814339636 270.62456902861595 202.61255031079054 404.47318485379219 4598.2671969532967 7.4577841162681571 589.03883366286755 413.15897917747498 268.99826295673847 1152.7202882170677 15.089938625693319 423.46876525878906 599.20444768667221 43.729108907282352 228.38027459383011 6.7501891776919356 73.911450043320656 52.605455420911312 251.39531807601452 195.45014695823193 232.17767944931984 41.215118058025837 253.81620711088181 395.20302240550518 282.85638315975666 200.33152548223734 476.27215989679098 315.46333725750446 104.84570735692978 845.46016707271338 191.81783869862556 1475.6230832412839 3190.5861688032746 222.89997942745686 13.65753163397312 163.90703551471233 23.342600613832474 45.887404918670654 103.04497312009335
leaf_count=6079 13047 3070 187988 10956 3948 4692 12806 31516 2975 4192 2273 5315 3062 2007 4539 7413 4234 4532 3251 5039 2180 1864 6606 72 1979 1693 3021 40582 56 3401 3110 2100 10495 120 3543 4624 308 1842 55 541 429 2149 1343 1498 375 1671 2824 2071 1602 3830 2338 796 5886 1234 12734 31009 1837 93 1094 169 336 692
internal_value=-7.99047e-05 0.0235715 -0.0204512 0.0154553 0.0216879 0.0344959 0.0492654 -0.0079899 0.0576674 0.0280699 0.0143377 0.0166708 0.0523153 0.0454302 0.0138261 0.0165178 0.0127293 0.0165426 0.0121021 0.0160933 0.0503505 0.00951519 0.0153336 0.0479927 0.00622374 0.0184757 0.0369562 0.00113648 0.0217658 0.0684173 0.0154001 0.0226404 0.00460318 0.00596072 0.0128551 0.04207 0.00270617 0.0175661 0.00634234 0.0308029 0.110317 -0.0272733 0.0607633 0.0501654 0.0549022 0.0481806 0.0387384 0.0102631 0.0321241 0.000299958 0.017587 0.104162 0.0445745 0.0613669 0.0104838 -0.0160388 -0.0116722 0.106273 0.116143 0.0293602 0.0232956 0.0627707
internal_weight=55698.5 25774.2 29924.3 19587.2 13646.9 4975.76 6186.91 10906.8 4576.6 4315.47 8671.13 8195.86 4061.37 1820.5 7699.31 7061.29 6440.27 5540.46 4981.4 4440.57 715.143 3725.43 3125.53 681.518 2444.01 1673.41 1521.14 5940.36 470.138 1578.95 2494.97 1957.08 4252.73 1402.79 1200.18 2482.42 1080.24 656.772 613.043 354.897 126.517 258.146 496.545 1734.28 989.908 1116.67 862.854 1543.92 483.188 1060.73 584.462 119.936 1502.11 656.645 3100.01 6654.05 230.358 211.379 197.722 33.8149 748.137 148.932
internal_count=487136 200347 286789 157379 105841 36528 42968 98801 30162 31836 69313 65365 27187 12593 61749 56434 51895 44482 40248 35716 5431 30285 25246 5185 20061 13455 10586 51538 3757 9855 19243 15051 36276 11476 9783 17332 8867 5324 5016 2812 970 2204 3616 11680 6454 7565 5894 11941 3673 8268 4438 916 10182 4296 25781 62525 1893 1428 1335 241 5652 1028
is_linear=0
shrinkage=0.03


Tree=7
num_leaves=63
num_cat=0
split_feature=16 33 28 16 32 19 16 1 32 20 33 19 32 19 32 19 32 19 32 19 32 19 19 32 19 19 32 32 19 32 30 32 19 36 19 32 20 19 32 16 19 32 32 19 33 16 33 20 32 33 20 33 32 33 31 32 2 33 20 16 20 32
split_gain=28027.6 5332.79 2910.66 1804.8 1306.93 1483.46 1179.51 1174.25 1015.94 1002.02 788.128 652.444 1148.56 689.874 1142.75 651.392 1210.5 706.348 698.865 727.653 970.893 873.081 756.492 909.421 1014.77 826.297 1315.56 591.785 570.193 530.273 519.355 481.504 456.601 429.138 424.841 1292.63 401.709 395.329 751.996 393.09 391.423 1134.48 424.906 1426.88 812.818 375.224 362.854 360.418 351.196 319.895 371.193 449.567 410.797 381.315 316.636 315.059 310.979 292.531 290.054 289.561 282.581 281.895
threshold=2.5000000000000004 3.6885570652879895 41.500000000000007 1.5000000000000002 119.50000000000001 179.50000000000003 1.5000000000000002 53.500000000000007 46.500000000000007 3.7193817957866124 3.222436722436723 228.50000000000003 163.50000000000003 310.50000000000006 220.50000000000003 427.50000000000006 315.50000000000006 552.50000000000011 407.50000000000006 734.00000000000011 594.50000000000011 909.00000000000011 1107.5000000000002 869.50000000000011 1399.0000000000002 1807.0000000000002 1230.5000000000002 924.50000000000011 73.500000000000014 31.500000000000004 1.0000000180025095e-35 756.50000000000011 281.50000000000006 0.68965517241379304 2237.5000000000005 1504.5000000000002 3.2330316742081453 93.500000000000014 65.500000000000014 5.5000000000000009 3539.0000000000005 2359.5000000000005 4320.0000000000009 5674.0000000000009 4.2500639386189265 10.500000000000002 4.0508859125946088 3.8014831869779395 645.50000000000011 3.7875744707259127 4.0331200487507628 4.1633351978903876 1044.5000000000002 3.8839118512573578 1.0000000180025095e-35 505.50000000000006 349.50000000000006 3.9167000266880176 3.8019325352635494 5.5000000000000009 4.0831491959333546 425.50000000000006
decision_type=2 2 2 2 2 2 2 2 2 2 2 2 2 2 2 2 2 2 2 2 2 2 2 2 2 2 2 2 2 2 2 2 2 2 2 2 2 2 2 2 2 2 2 2 2 2 2 2 2 2 2 2 2 2 2 2 2 2 2 2 2 2
left_child=1 6 7 4 5 8 9 45 28 10 36 -6 32 -14 -15 -16 57 -18 -19 -20 21 55 -22 24 31 -25 49 33 29 -3 56 -24 -13 -12 -28 47 48 -10 -39 -9 -37 -42 43 -43 -45 54 -44 -36 -1 -27 53 -52 -53 -51 -2 60 -5 -17 -33 -4 -21 -8
right_child=2 3 59 30 11 -7 61 39 37 -11 27 12 13 14 15 16 17 18 19 20 22 -23 23 25 -26 26 34 -29 -30 -31 -32 58 -34 -35 35 40 -38 38 -40 -41 41 42 46 44 -46 -47 -48 -49 -50 50 51 52 -54 -55 -56 -57 -58 -59 -60 -61 -62 -63
leaf_value=0.056104755077956737 0.00075499218264294223 0.044199235368362698 -0.020409053201305635 0.0053187007553031551 -0.016002056006331044 0.077507168497028489 0.029185417615469174 -0.0082543856862115957 -0.019804663299731375 0.083678046549505419 0.017555221378979115 0.034644181606046986 -0.016485551149909902 0.05764784580162826 -0.013811457892243957 0.076422241120416914 -0.022379682883737654 0.047869932159591774 -0.022659000312964424 0.019379049861738135 -0.023414635074116136 0.080960024681660456 0.049346913411718527 -0.0198697832950431 0.097178648338243731 0.17090098848133059 -0.030422637003408685 -0.029693662379375239 0.075936207780049003 0.001279368310904297 0.019711021234706062 0.16022768100375492 0.0878871195356207 0.048299871068721675 -0.034728607489737044 -0.0200191720701339 0.08453287003019043 0.056212167974686367 0.004643945330288648 -0.022379853142688193 0.1208343579875734 -0.026608465286988018 0.17349422451525615 0.15780935142000285 0.0073286194516276491 -0.015280320780058575 -0.03344025661107046 0.11490292557326925 -0.034016377022161703 0.10404370883637122 0.1581293360954989 0.1483528764993011 -0.0049335874231460049 -0.036024719263324727 0.019948323022668794 -0.0061926800107436246 -0.0099287012287479093 0.03658757159351899 -0.018090464230267347 -0.029373361848125407 0.095414229865831243 -0.0091959719267543771
leaf_weight=1154.3576240688562 1583.5194632634521 1128.5652465820312 4188.19718362391 2178.7811645492911 580.5296955704689 625.77834600955248 1418.5816221758723 3743.8155935928226 314.9324913546443 853.27613013982773 580.76827869564295 344.71619141101837 619.93515138328075 560.95322466641665 722.83365839719772 299.31597456336021 496.37172277271748 525.9097233787179 504.09974317252636 129.62525693327188 553.06838173419237 349.7913324534893 240.89218363165855 763.10560569912195 225.72357755899429 32.176386654376984 229.64778692275286 118.86934411525726 372.2831823900342 336.45642924308777 1100.8491455838084 8.4259937405586225 250.71185967326164 1382.3645072430372 16.243859522044659 417.28511239588261 527.51356978714466 338.83207286149263 1022.4043805673718 3370.1851687952876 82.862798132002354 199.46150778979063 7.7686128169298163 83.121053293347359 52.889540515840054 628.8765876814723 245.28264101594687 128.78251457959414 40.169724829494953 27.63725271821022 62.077032536268234 23.709925323724747 46.272632360458374 47.232383325695992 1512.9554305896163 235.59668539464474 2689.8644893690944 374.00010437518358 219.97465618699789 14427.343967728317 66.650205045938492 195.84108611941338
leaf_count=7057 13649 7435 41048 18700 4667 4285 10944 34084 2463 4888 4275 2521 5134 3987 5954 2131 4176 3867 4299 1009 4745 2360 1809 6637 1428 223 1926 1005 2383 2512 8820 56 1642 9081 131 3543 2930 2526 7845 33192 543 1662 55 541 429 5822 2149 894 375 189 415 157 330 335 12054 1871 24226 2771 1837 146940 520 1654
internal_value=-9.10179e-05 0.0225104 -0.0201606 0.0149021 0.0208222 0.0349517 0.0466301 -0.00780138 0.0273694 0.0542905 0.0476959 0.0148383 0.016786 0.0139949 0.0163638 0.0132406 0.0161619 0.0118952 0.0149752 0.0115134 0.0153465 0.0457344 0.0089485 0.0146132 0.044921 0.00606709 0.0176953 0.0352708 0.0427778 0.0343451 0.00110255 0.019764 0.0570788 0.0392073 0.00703051 0.0140066 0.0627135 0.0104765 0.0174854 -0.0149468 0.00279207 0.0169752 0.00232895 0.0244698 0.0993633 0.00584294 -0.0270095 0.0981102 0.053069 0.0829216 0.0691509 0.0993912 0.0470943 0.0157097 0.0101343 0.0171846 -0.00310471 0.0543089 -0.0114317 -0.0273568 0.0452494 0.0245273
internal_weight=55610.1 26155.2 29454.9 19883.4 13913.9 4139.25 6271.74 10839.4 3513.47 4657.32 3804.04 9774.68 9194.15 8598.72 7978.79 7417.84 6695 6021.69 5525.31 4999.4 4495.3 781.663 3713.64 3160.57 695.016 2465.56 1702.45 2082 1837.3 1465.02 5969.49 469.293 595.428 1963.13 1463.35 1233.7 1722.04 1676.17 1361.24 7114 1088.67 671.386 588.523 335.472 136.011 3725.35 253.051 145.026 1194.53 239.106 206.929 132.06 69.9826 74.8696 3096.47 431.872 4868.65 673.316 228.401 18615.5 196.275 1614.42
internal_count=487136 200347 286789 158138 106392 29449 42209 98801 25164 29611 24723 76943 72276 68113 62979 58992 53038 48136 43960 40093 35794 5760 30034 25289 5130 20159 13522 14361 12330 9947 51746 3702 4163 13356 11873 9947 10362 12834 10371 67276 8922 5379 4836 2632 970 31525 2204 1025 7432 1649 1426 902 487 524 25703 3400 42926 4902 1893 187988 1529 12598
is_linear=0
shrinkage=0.03


Tree=8
num_leaves=63
num_cat=0
split_feature=18 33 28 18 20 2 32 32 33 36 18 19 32 19 32 27 19 18 20 33 19 19 32 20 33 19 32 19 32 18 32 19 33 20 19 18 24 19 27 32 20 33 19 19 17 32 19 32 19 19 20 18 18 2 28 2 32 19 19 20 33 20
split_gain=26369.7 4789.25 2866.99 1512.6 1382.59 1197.43 1134.11 1077 765.113 728.811 539.663 710.301 583.753 678.516 722.908 518.112 470.899 426.269 417.811 1889.99 403.439 396.159 423.007 390.601 1242.63 559.864 388 424.4 377.942 370.871 415.444 432.024 361.759 1534.45 551.605 356.832 341.366 326.72 317.365 307.204 303.078 757.184 285.653 280.186 262.793 260.263 297.325 448.865 302.25 276.736 259.75 257.593 251.647 249.921 249.752 249.063 248.236 341.085 246.797 241.652 508.379 629.432
threshold=2.5000000000000004 3.7333654154635867 66.500000000000014 1.5000000000000002 3.7972401979444239 322.50000000000006 123.50000000000001 37.500000000000007 2.4005494505494509 1.1000467726847523 1.5000000000000002 177.50000000000003 75.500000000000014 106.50000000000001 51.500000000000007 228.00000000000003 63.500000000000007 7.5000000000000009 4.0554373522458631 4.0339564407174482 78.500000000000014 129.50000000000003 91.500000000000014 4.117156862745099 4.0980580693816 485.50000000000006 33.500000000000007 51.500000000000007 23.500000000000004 1.5000000000000002 2226.5000000000005 3539.0000000000005 3.8235567207384351 3.8687343358395987 334.50000000000006 5.5000000000000009 1.5357142857142858 35.500000000000007 252.00000000000003 26.500000000000004 3.9004310344827586 3.8750639713408401 193.50000000000003 334.50000000000006 4.6961538461538472 193.50000000000003 470.50000000000006 324.50000000000006 666.50000000000011 228.50000000000003 3.7630817983759166 9.5000000000000018 6.5000000000000009 134.50000000000003 85.500000000000014 345.50000000000006 967.50000000000011 1228.0000000000002 984.00000000000011 4.1925692132824564 4.2273044250031715 4.2979600163198706
decision_type=2 2 2 2 2 2 2 2 2 2 2 2 2 2 2 2 2 2 2 2 2 2 2 2 2 2 2 2 2 2 2 2 2 2 2 2 2 2 2 2 2 2 2 2 2 2 2 2 2 2 2 2 2 2 2 2 2 2 2 2 2 2
left_child=1 4 5 7 6 17 10 16 -8 18 11 12 13 14 20 53 39 38 32 58 26 -14 -23 -21 25 -25 27 28 37 30 31 42 33 -9 -35 -7 -6 -1 -2 -3 -11 43 -10 -42 -37 49 -47 -48 -49 -44 -50 -46 -4 -5 55 -17 57 -34 -20 -26 61 -61
right_child=2 3 52 15 36 35 8 9 29 40 -12 -13 21 -15 -16 54 -18 -19 19 23 -22 22 -24 24 59 -27 -28 -29 -30 -31 -32 -33 56 34 -36 44 -38 -39 -40 -41 41 -43 45 -45 51 46 47 48 50 -51 -52 -53 -54 -55 -56 -57 -58 -59 -60 60 -62 -63
leaf_value=0.049115438841815622 0.01892942408744562 0.042712732502343802 -0.021741885780592402 0.045544539049187642 0.082819969693555692 -0.0094173287526191311 0.12156061995169125 -0.0013103558921680042 -0.02824208194892483 0.017982460183601567 0.027572148004631748 0.10652849167650416 -0.024306580802471497 0.095984785764477984 0.0028977093464411831 0.008844105369444492 0.075753291993600022 -0.011200343646282033 0.066836236051734388 -0.010919947551739076 0.09189040696651378 0.088251588007024331 0.010872670317531984 0.040749787078162576 -0.0057803897628708753 0.12570240695415807 0.019115712013859934 0.097677213815279093 0.010418649676571195 -0.0011501443271058705 -0.034827160170740334 0.13134255801148786 0.00049329645177056242 0.032841968838991993 0.14561261128257591 -0.024058965218191345 0.029653630328500404 0.096127403679973161 0.00025781070996018979 0.0057131227523733001 0.044085088936539077 0.025263995764612125 0.0070622551528615966 0.092115812325683624 -0.01159337171323653 -0.0035016608114028852 0.084517483898391185 -0.024310799343217331 0.024101489383019609 0.064298232006485032 0.091083734504845804 0.09352617784450766 -0.029884675043850163 0.011138033473660365 -0.016604375613926442 -0.0077271591018611974 -0.019254783512015771 0.051599093507759639 0.12787172420256071 0.021142885236773743 0.0065642685001359577 0.092459406318484413
leaf_weight=711.47616975009441 1591.1925410702825 901.04152876138687 4702.0410800278187 230.30543634295464 823.76342681795359 3632.2965455576777 66.289565682411194 551.99684050679207 80.955892153084278 1614.1410927996039 979.70270934700966 209.36626254767179 140.82934308052063 315.65346045792103 269.34926488995552 1505.9414103403687 315.66748122870922 1261.9895802736282 359.4891869276762 617.4010217115283 239.41862732172012 96.387729100883007 186.87211073189974 178.3308497145772 713.15902607887983 114.97175510972738 296.24526001513004 197.65990243852139 182.20768983662128 645.22118753194809 97.218012399971485 36.187763094902039 2257.0638224557042 63.186084598302841 102.68067732453346 3495.2845494374633 125.59185716509819 164.01082932949066 1689.4477554559708 260.59823016822338 202.69209682941437 1463.8017859831452 101.28139517456293 238.88504477590322 55.444562435150146 299.4272191375494 121.90532905608416 106.64511375129223 559.675273001194 306.61622885614634 57.427122369408607 33.594055488705635 12534.688252933323 1087.1422199383378 1108.3023107424378 1782.1896300166845 546.90515924990177 123.89909992367029 71.78233528137207 493.53164377063513 2042.4890844970942 143.85432736575603
leaf_count=4140 12481 5742 47259 1666 4900 33647 364 4493 545 12126 7376 1260 940 1850 1759 12690 1894 11785 2528 5073 1392 619 1244 1318 5842 770 1829 1140 1104 5303 815 206 17966 467 642 35398 997 940 14703 1850 1359 10648 687 1425 550 2202 837 810 4168 1888 368 289 130677 8834 10185 16144 4693 962 434 3769 16148 996
internal_value=-0.000100719 0.0215255 -0.019872 0.013577 0.0419831 -0.00845059 0.037019 0.0190957 0.0210795 0.0160959 0.0469221 0.0532192 0.0492285 0.055016 0.0487336 0.000655703 0.0432555 0.00361501 0.0112839 0.0171616 0.0556246 0.016791 0.0372356 0.01116 0.014859 0.0740921 0.0500211 0.0573099 0.0497548 0.0183124 0.0254192 0.0289298 0.00364893 0.0227326 0.102717 -0.0160459 0.0757935 0.0579359 0.00931523 0.0344162 0.0275528 0.0356574 0.0266518 0.0700906 -0.0227618 0.029517 0.0221789 0.0312748 0.0222922 0.050099 0.0303534 0.0280948 -0.0276637 0.017158 -0.00428901 -0.000136683 -0.00102965 0.00315602 0.0770294 0.00973581 0.0138661 0.0372553
internal_weight=55504.8 26508.8 28996 19091.4 7417.38 11759.2 6468.03 13377.6 2478.85 11900.3 3989.18 3009.48 2800.11 2376.02 2060.37 5713.88 1477.31 4542.63 8380.74 4735.01 1791.02 424.089 283.26 4303.74 3686.34 293.303 1551.6 1255.35 1057.69 2412.56 1767.34 1670.12 3645.73 717.864 165.867 7216.62 949.355 875.487 3280.64 1161.64 3519.52 1905.38 1633.93 441.577 3584.32 1552.98 1145.08 845.653 723.748 407.898 617.102 89.0386 17236.7 1317.45 4396.43 3288.13 2927.87 2380.96 431.272 3393.03 2679.88 637.386
internal_count=487136 200347 286789 150664 49683 108853 43786 101145 18193 91659 25593 18217 16957 14154 12304 49519 9486 38969 66101 36878 10545 2803 1863 33916 28843 2088 9153 7324 6184 17829 12526 11711 29223 5602 1109 69884 5897 5080 27184 7592 25558 13432 11505 2784 36237 10960 8385 6183 5346 2575 4536 839 177936 10500 39019 28834 23621 18928 2962 26755 20913 4765
is_linear=0
shrinkage=0.03


Tree=9
num_leaves=63
num_cat=0
split_feature=16 33 16 16 32 19 16 32 19 32 27 19 32 20 33 19 32 19 32 19 32 19 19 32 19 19 32 1 27 19 32 20 33 32 1 19 32 19 19 32 19 33 32 19 19 1 20 33 33 19 32 19 32 33 33 32 22 19 32 32 19 20
split_gain=24829 4326.65 2291.76 1523.25 1094.6 1097.52 927.962 829.352 804.247 901.025 798.75 777.141 849.453 767.333 636.335 617.429 949.182 547.833 843.659 670.393 843.703 725.863 698.114 777.926 886.984 835.016 1095.5 531.802 484.313 464.767 475.367 455.722 547.188 451.473 441.155 394.273 903.173 389.82 357.899 569.418 776.983 597.412 532.159 673.643 332.867 326.147 325.618 322.756 321.19 318.491 516.384 298.441 382.9 288.665 487.005 284.28 284.015 275.319 275.108 270.6 493.694 269.272
threshold=2.5000000000000004 3.6885570652879895 5.5000000000000009 1.5000000000000002 157.50000000000003 233.50000000000003 1.5000000000000002 105.50000000000001 281.50000000000006 199.50000000000003 252.00000000000003 157.50000000000003 48.500000000000007 3.7193817957866124 3.5429261559696346 387.50000000000006 279.50000000000006 552.50000000000011 407.50000000000006 734.00000000000011 594.50000000000011 909.00000000000011 1107.5000000000002 887.50000000000011 1419.5000000000002 1807.0000000000002 1270.5000000000002 73.500000000000014 396.00000000000006 80.500000000000014 31.500000000000004 3.515942180633203 3.1972026604068859 756.50000000000011 42.500000000000007 2237.5000000000005 1504.5000000000002 206.50000000000003 2979.0000000000005 4320.0000000000009 5674.0000000000009 4.2500639386189265 2359.5000000000005 3539.0000000000005 1273.5000000000002 10.500000000000002 4.1144620811287487 3.6204836829836835 4.0508859125946088 93.500000000000014 63.500000000000007 45.500000000000007 15.500000000000002 3.9579052842527167 4.1265470391814487 133.50000000000003 0.55277081592871069 360.00000000000006 505.50000000000006 324.50000000000006 458.00000000000006 3.8014831869779395
decision_type=2 2 2 2 2 2 2 2 2 2 2 2 2 2 2 2 2 2 2 2 2 2 2 2 2 2 2 2 2 2 2 2 2 2 2 2 2 2 2 2 2 2 2 2 2 2 2 2 2 2 2 2 2 2 2 2 2 2 2 2 2 2
left_child=1 6 10 4 5 7 13 11 -6 57 34 12 29 14 31 -11 -17 59 -19 -20 21 58 -22 24 33 -25 -27 45 -5 30 51 32 -1 -24 -2 -28 61 -9 -38 40 42 -42 43 53 -35 -4 -46 -12 -41 -14 -51 52 -3 -40 -55 -39 -34 -10 -21 60 -18 -37
right_child=2 3 27 28 8 -7 -8 37 9 15 47 -13 49 -15 -16 16 17 18 19 20 22 -23 23 25 -26 26 35 -29 -30 -31 -32 -33 56 44 -36 36 38 55 39 48 41 -43 -44 -45 46 -47 -48 -49 -50 50 -52 -53 -54 54 -56 -57 -58 -59 -60 -61 -62 -63
leaf_value=0.054341571952316509 0.02064410309878769 0.047035738682323636 0.0081161581564332883 0.015798424429533286 -0.025593329053870701 0.063771344143597142 0.022349420417927309 -0.0174896570678401 0.034388798374283588 -0.016023564053274025 0.00095551566579631358 0.066628980561494217 -0.022741169036610078 0.072918357217295976 0.017747011666007801 0.048636413436252385 -0.025455689031235608 0.046623416892978387 -0.022483756788229718 0.041088137455460021 -0.023215375099774449 0.07252317570645192 0.044926544798481488 -0.02272636279446234 0.082939702448140862 0.068526915789269269 -0.03454909013784143 -0.029420760728025252 -0.0039151113125404534 0.069816814667221769 0.0039543772825098395 0.074135445829918115 0.0096326094798008365 -0.02834200897171214 -0.0032515024246609113 -0.034577950810072436 -0.029813510637907506 0.059832909258224425 -0.034631747704602145 0.15218712307394991 0.13210478340960422 0.0066975041553186546 -0.026881944087340449 0.10126921443377171 0.11245418028286119 -0.020406209056756934 -0.034655142425180981 -0.016745012231543625 -0.033267006824666351 0.049789324306841631 0.0014872452150992031 0.064596484640408874 0.0064468446326472022 0.14419761259771691 -0.029677490125239108 -0.0029901538269303711 0.040520242433969095 0.077909641846767977 -0.0063315460705688576 -0.026730328892205536 0.037594017920724546 0.098204603066522386
leaf_weight=1646.3668418824673 1013.8955176398158 543.16576805710793 384.76644912362099 1495.6761127337813 468.6852492839098 738.9200452119112 1667.2193010672927 549.84236985445023 321.11411458998919 640.51057494431734 1106.9260888397694 464.29035274684429 268.01162564009428 922.65878354012966 755.25056698918343 673.0334155857563 223.08185435086489 658.13756120949984 499.21060088276863 205.81716601550579 546.67650273442268 374.08042694628239 252.71084623038769 696.16714933514595 273.65028455853462 297.77196642011404 193.34151352196932 12382.457774311304 4483.3448506370187 334.02280563861132 432.08870973438025 518.04416480660439 479.47235961258411 210.54690113663673 2212.1263292580843 15.375640317797659 242.20695693045855 124.33315043151379 91.349648848176003 8.607909142971037 94.710617020726204 53.566203430294991 212.34065066277981 93.418664373457432 33.801777295768261 5749.443480476737 22.443866245448589 5697.7550703287125 239.29901426285505 268.15246738493443 774.37006701529026 337.19973340630531 340.50605966150761 26.885978862643242 31.221284285187721 135.13014386594296 608.25656908005476 221.49511905014515 236.41696468740702 455.95639277249575 223.77564262598753 123.72156232595444
leaf_count=9354 7971 3287 3689 11859 3960 4712 12598 4373 2290 5362 10382 3081 2111 4888 5096 4560 1866 4603 4299 1529 4745 2360 1809 6137 1640 1947 1693 131179 39887 2006 3150 3114 3427 1786 20261 126 2090 849 785 55 541 429 1833 543 247 58488 186 54819 2149 1901 5843 2017 2308 228 269 1079 3732 1349 1871 3917 1675 796
internal_value=-0.000108011 0.0206028 -0.0195856 0.0137284 0.019054 0.0298477 0.0417026 0.024362 0.0126576 0.0147692 -0.00803624 0.0302889 0.0251695 0.0482462 0.0425633 0.0122154 0.0146905 0.0112467 0.0146673 0.010522 0.0141237 0.041768 0.0081199 0.0134527 0.0392354 0.00499986 0.0161996 -0.0258418 0.00101599 0.0375352 0.0310062 0.0483248 0.0434306 0.0161968 0.00425804 0.00526696 0.0115166 -0.00318439 0.0023525 0.0115091 0.0272349 0.0868557 0.0077934 0.0381202 -0.011012 -0.0186166 0.0537421 -0.0138652 -0.0267567 0.00641732 0.0139177 0.0405768 0.0314015 -0.00137262 0.0508317 0.0271142 0.0269098 0.0521708 0.0157352 -0.0104721 0.00611274 0.0834911
internal_weight=55394.8 26847.5 28547.4 20250.2 14271.2 5310.03 6597.27 4571.11 8961.13 8492.44 10030.7 3761.81 3297.52 4930.05 4007.39 7949.84 7309.32 6636.29 5733.48 5075.34 4576.13 816.315 3759.81 3213.14 793.154 2419.98 1723.82 18516.7 5979.02 1986.98 1652.96 3252.14 2734.1 519.503 3226.02 1426.05 1232.7 809.306 1093.61 851.4 603.493 148.277 455.216 242.876 266.793 6134.21 56.2456 6804.68 247.907 1310.53 1042.52 1220.87 883.672 149.457 58.1073 259.463 1087.73 542.609 442.234 902.814 446.857 139.097
internal_count=487136 200347 286789 158138 106392 36717 42209 32005 69675 65715 93433 25704 22623 29611 24723 62076 56714 52154 44696 40093 35794 5760 30034 25289 5668 19621 13484 193356 51746 12768 10762 19627 16513 4028 28232 11537 9844 6301 8922 6832 4628 970 3658 1825 2219 62177 433 65201 2204 9855 7744 7612 5595 1282 497 1928 7159 3639 3400 7458 3541 922
is_linear=0
shrinkage=0.03


Tree=10
num_leaves=63
num_cat=0
split_feature=16 33 28 16 1 16 0 27 2 2 22 16 36 16 33 16 33 28 2 27 2 19 33 33 19 17 16 2 33 21 19 36 17 1 19 19 19 28 16 31 33 19 33 19 19 33 19 33 2 17 29 16 17 19 19 36 1 19 27 33 19 4
split_gain=23394.4 3922.99 2824.75 1282.56 1151.1 948.216 727.265 452.099 443.555 432.389 418.035 383.209 335.044 291.966 266.599 250.007 246.355 239.037 234.794 223.237 221.588 180.405 177.769 171.76 194.337 170.529 192.982 168.241 165.423 151.15 145.121 137.018 135.003 134.114 128.03 124.289 189.47 124.104 123.801 148.484 122.8 122.009 116.785 115.681 110.1 110.011 204.842 151.889 109.059 104.199 580.333 233.654 144.919 102.492 109.133 101.679 101.427 100.164 99.6478 98.8348 142.681 94.9566
threshold=2.5000000000000004 3.7333654154635867 66.500000000000014 1.5000000000000002 73.500000000000014 1.5000000000000002 1.5000000000000002 228.00000000000003 95.500000000000014 82.500000000000014 0.49707173603608246 6.5000000000000009 1.7807938212559786 5.5000000000000009 2.4005494505494509 6.5000000000000009 2.4005494505494509 85.500000000000014 345.50000000000006 252.00000000000003 134.50000000000003 60.500000000000007 3.6825619761013018 3.8235567207384351 4325.5000000000009 4.6961538461538472 11.500000000000002 82.500000000000014 4.1265470391814487 1.5000000000000002 378.50000000000006 0.81700737032401627 4.5577777777777788 8.5000000000000018 86.500000000000014 2895.5000000000005 1807.0000000000002 52.500000000000007 20.500000000000004 1.5000000000000002 3.7333654154635867 310.50000000000006 3.4002652519893903 964.00000000000011 1199.0000000000002 4.0729770370602436 2068.5000000000005 3.8727546767930439 91.500000000000014 4.4176356589147305 0.08574929971988797 28.500000000000004 4.4316770186335415 4325.5000000000009 2895.5000000000005 0.76330574090394043 92.500000000000014 120.50000000000001 1.0000000180025095e-35 3.7762545029577956 2174.0000000000005 0.014036982304573502
decision_type=2 2 2 2 2 2 2 2 2 2 2 2 2 2 2 2 2 2 2 2 2 2 2 2 2 2 2 2 2 2 2 2 2 2 2 2 2 2 2 2 2 2 2 2 2 2 2 2 2 2 2 2 2 2 2 2 2 2 2 2 2 2
left_child=1 5 4 6 8 12 -3 20 38 61 23 19 14 22 34 -4 30 18 48 57 -5 -12 -6 24 35 -15 -27 -18 41 40 -7 -16 -13 -17 -1 36 -11 44 39 42 -21 -23 -2 -33 55 47 -47 53 -9 -35 -51 -52 -53 54 -43 -29 -25 -10 -24 -38 -61 -8
right_child=2 3 15 7 13 16 9 17 11 10 21 32 -14 25 31 33 27 -19 -20 29 -22 28 58 56 -26 26 -28 37 -30 -31 -32 43 -34 49 -36 -37 59 -39 -40 -41 -42 45 -44 -45 -46 46 -48 -49 -50 50 51 52 -54 -55 -56 -57 -58 -59 -60 60 -62 -63
leaf_value=0.054718687330358201 0.05229590539552486 0.039539493942308317 -0.021268463642124185 0.041936083923542228 0.004052892790839595 0.045762974069343841 0.05398091264578702 0.02591753612423088 0.029125534958187742 0.015624954501106455 0.031186712026794274 -0.016342717085952106 0.055927945153719835 -0.024539088725819478 0.030548029445753126 0.0004295913245398955 0.052123100257077712 -0.01624281937578384 -0.0074582686825961798 0.010573949084805566 0.010127135718985889 0.02677522225729603 -0.003132793559787623 0.0070811651523349688 0.13275321434128223 -0.0063869846133021322 0.10651627472568655 0.011554530565441479 0.010095248149104749 0.16458599653669626 0.13171599628633548 0.04430234016955701 0.018683740344116885 -0.030617101923028783 0.098748935940930413 -0.034311907913999219 0.13476642426868626 -0.0012752212937445025 -0.021399206429606677 0.044749376069324262 -0.0085167966792498977 0.024978270700178429 0.011620755508257592 0.023322319631698757 -0.001602006052005665 0.026536609709357208 0.12264934059813698 0.0082209981454700442 0.0048824455075189245 -0.02610029306706076 -0.0078487881804388173 0.20892349869633825 0.077613204916715944 0.11459759097949578 -0.020146912802338005 0.029600863839611063 -0.0038413315329601538 0.0092178852405408029 -0.017300991532659186 0.12742249102584796 -0.011713067468304755 0.029713813692839305
leaf_weight=219.68647658824921 72.20552121847868 1228.9186204895377 4572.3929534852505 239.81630381941795 618.36083438247442 98.533663839101791 174.51438228785992 270.16720432043076 285.17246747761965 600.27945736795664 806.49338095635176 1419.5824002176523 1529.3088507577777 2965.1976580396295 1561.5213322639465 132.89583515375853 114.96153791248798 1091.2941145822406 1767.4986647963524 407.18493875861168 1108.0886919423938 1473.4779690876603 586.82387928664684 1905.0795336663723 13.197767227888106 53.647514745593071 18.140538141131401 474.35015773773193 2524.3195975795388 4.7210317999124518 21.588831603527069 2139.1469395533204 106.30223551392555 11043.587776258588 82.189075976610184 40.010729499161243 17.603414885699749 350.82397444546223 56.532360345125198 233.07880215346813 1186.1637874990702 875.739457719028 528.52582500129938 267.06826288998127 204.07625871151686 234.85010153800249 21.752370476722717 1518.3124639689922 1241.7621313035488 760.92194212973118 18.52484942227602 11.840957365930079 21.56106323748827 10.926722377538679 50.89972260594368 692.42167949676514 1278.2568361461163 1128.3980522230268 1879.8159516751766 10.872515201568605 16.650094136595726 878.27826990932226
leaf_count=1169 578 7924 47259 1666 5639 667 1133 2136 2245 4588 5102 13823 8499 31380 10331 1381 815 10185 16144 3559 8834 10530 5432 14541 76 536 150 3623 19494 41 127 12579 975 120579 413 358 107 2854 525 1833 10725 6347 4389 1867 1686 1787 155 11984 10554 8245 182 100 190 57 425 5053 10249 9051 17972 61 137 6090
internal_value=-0.000115369 0.019744 -0.0192989 0.0125338 -0.00791078 0.0377779 0.0175211 0.000602296 0.00214695 0.0153474 0.0136477 -0.00165141 0.0438717 -0.0168285 0.0395515 -0.0272405 0.0197156 -0.00408151 -3.33101e-05 0.00455351 0.0157914 0.0177765 -0.0103259 0.00565192 0.0191219 -0.0234324 0.0222099 0.0169889 0.0161639 -0.00312675 0.0613324 0.0374801 -0.0138995 -0.0295176 0.0667451 0.0169105 0.0200954 0.0146382 0.0215062 0.024421 -0.00363586 0.0198225 0.0165226 0.0419761 0.0187127 0.0160437 0.0347404 0.0140877 0.00864466 -0.0298535 -0.0194725 0.0774551 0.124737 0.0235831 0.0224944 0.0222683 0.00269435 0.0132379 -0.0139318 0.0793299 0.0434047 0.033744
internal_weight=55266.3 27154.7 28111.6 19399.1 11549.9 7755.68 13680.4 5718.63 5427.87 12451.5 11398.7 4537.52 5798.92 6121.99 4269.61 16561.7 1956.76 4370.72 3279.43 3011.64 1347.9 7516.77 3085 3881.95 698.614 3036.99 71.7881 1836.63 6710.28 1598.07 120.122 3967.74 1525.88 11989.3 301.876 685.416 645.405 1721.67 890.343 833.81 1593.35 4185.96 600.731 2406.22 1370.85 2712.48 256.602 2455.88 1511.93 11856.4 812.849 51.9269 33.402 937.566 926.639 1166.77 3183.34 1413.57 2466.64 45.126 27.5226 1052.79
internal_count=487136 200347 286789 150664 108853 49683 101145 49519 47744 93221 85998 40419 34858 61109 26359 177936 14825 39019 28834 25621 10500 55881 29043 30117 5327 32066 686 14031 50779 14325 794 24777 14798 130677 1582 5251 4893 13216 7325 6800 14284 31285 4967 14446 10362 20755 1942 18813 12690 129296 8717 472 290 6829 6772 8676 24790 11296 23404 305 198 7223
is_linear=0
shrinkage=0.03


Tree=11
num_leaves=63
num_cat=0
split_feature=16 33 28 16 1 32 19 32 19 32 19 32 16 19 32 19 32 19 32 19 32 19 32 19 32 28 2 19 32 16 32 19 33 19 32 19 32 19 32 19 32 19 19 32 32 19 32 19 32 19 19 19 33 27 19 32 19 33 16 33 32 19
split_gain=22054.7 3565.83 2776.38 1374.6 1102.41 1005.82 1194.07 699.208 665.917 924.101 729.624 834.892 645.407 625.95 1019.65 529.119 487.16 528.351 669.518 535.183 982.946 687.098 1243.8 715.903 891.501 457.411 454.178 415.633 700.654 412.913 404.697 803.265 496.426 381.317 387.575 376.233 371.06 486.136 347.76 631.372 522.609 482.761 391.741 439.868 361.932 325.599 322.43 900.609 545.994 869.787 322.285 313.881 310.432 299.311 295.346 328.228 306.251 291.583 286.316 284.398 274.247 520.463
threshold=2.5000000000000004 3.6445640381430944 66.500000000000014 1.5000000000000002 73.500000000000014 107.50000000000001 174.50000000000003 41.500000000000007 206.50000000000003 155.50000000000003 281.50000000000006 199.50000000000003 1.5000000000000002 414.50000000000006 291.50000000000006 490.00000000000006 338.50000000000006 605.50000000000011 419.50000000000006 804.50000000000011 594.50000000000011 1191.5000000000002 887.50000000000011 1807.0000000000002 1131.5000000000002 35.500000000000007 341.50000000000006 106.50000000000001 71.500000000000014 7.5000000000000009 4320.0000000000009 5674.0000000000009 4.2500639386189265 63.500000000000007 26.500000000000004 1399.0000000000002 199.50000000000003 284.50000000000006 73.500000000000014 106.50000000000001 45.500000000000007 129.50000000000003 63.500000000000007 30.500000000000004 93.500000000000014 281.50000000000006 2359.5000000000005 3539.0000000000005 1504.5000000000002 2237.5000000000005 909.00000000000011 344.50000000000006 3.9863200838386113 468.00000000000006 40.500000000000007 18.500000000000004 24.500000000000004 3.7730514620392985 5.5000000000000009 4.0508859125946088 1922.5000000000002 2895.5000000000005
decision_type=2 2 2 2 2 2 2 2 2 2 2 2 2 2 2 2 2 2 2 2 2 2 2 2 2 2 2 2 2 2 2 2 2 2 2 2 2 2 2 2 2 2 2 2 2 2 2 2 2 2 2 2 2 2 2 2 2 2 2 2 2 2
left_child=1 12 4 5 29 6 7 33 -7 45 -11 -12 36 -13 -15 -16 -17 -18 -19 -20 50 -22 35 -24 -25 26 -5 -9 -29 53 31 46 -33 34 -3 -23 37 38 39 40 42 -40 43 54 -43 -10 47 48 49 57 -21 -38 -51 -2 55 56 -1 -26 -6 -32 61 -53
right_child=2 3 -4 25 58 8 -8 27 9 10 11 13 -14 14 15 16 17 18 19 20 21 22 23 24 30 -27 -28 28 -30 -31 59 32 -34 -35 -36 -37 51 -39 41 -41 -42 44 -44 -45 -46 -47 -48 -49 -50 52 -52 60 -54 -55 -56 -57 -58 -59 -60 -61 -62 -63
leaf_value=0.037978015387277152 0.015170682819436527 0.038012470336834234 -0.027012072550690668 0.01537334802848303 -0.01009751492712062 -0.019113575811998712 0.070257107869496252 -0.0055503397801942075 0.032649536839921424 -0.022926838633980873 0.047920644398994142 -0.011903108869059631 0.022012089386946723 0.048610228679334996 -0.023693061673683506 0.047889258853584457 -0.017323846425255932 0.052357004250187154 -0.016971046094914444 0.022483413396717028 -0.015687857090154366 0.028326957530758097 -0.020666812263393612 0.08096582494648237 0.137306794660913 -0.013761584559984313 -0.0031470049917171369 0.056235490639738005 0.0052549418097906806 -0.011204994054181771 0.1335315906403616 0.11806466318840808 0.0058708547364882072 0.059860654190724671 0.0015534835308920114 0.076896834661079702 -0.030791133533582003 0.088534434908121559 -0.021240044919380315 0.085954076286275313 0.012543120719698597 0.079973183908772338 0.077051145547358244 0.0007924740614716117 0.027887812532815165 0.073348117716134573 -0.026777441724330352 0.091111092957549683 -0.020448985564498159 0.052079976649572528 0.065860589926059962 0.028743129944886911 0.13847108430043187 -0.0014295740509129946 0.075719565795789076 0.0071004758196354344 0.077267699228322648 -0.015327403179205855 -0.023162922018118131 -0.03316329637805146 -0.034779548816260081 0.11626259350545924
leaf_weight=557.32838734984398 2042.1038710400462 1056.2133250683546 16206.613182574511 2270.8784699440002 3060.8031424209476 547.98805460333824 580.52455326169729 790.29535260796547 583.46321304142475 505.24851512908936 612.69687720388174 905.89127552509308 1508.1806383803487 713.24203677475452 375.93108177930117 339.5244690105319 540.86528271436691 376.4634734839201 552.56737811863422 256.46347527205944 825.31132759898901 264.71010325849056 667.19579450041056 170.54406760632992 11.691649392247198 1415.3111976757646 2507.0762919485569 373.93940173089504 691.07974956929684 1517.9598502442241 9.4827654361724836 102.21609295904636 54.453400321304798 483.13887451589108 349.39763224124908 314.59927963465452 78.141974627971649 255.68368601799011 143.18035151064396 396.33316883444786 375.3314501196146 153.09926615655422 415.82321727275848 184.98633846640587 558.22542333602905 254.3734729886055 210.64249269664288 120.01947090029716 433.77390491962433 134.74204587936401 387.87325935065746 629.13394735753536 51.987439543008804 1874.4818491265178 312.2262969315052 193.05099175870419 263.38087984919548 250.79976574331522 2981.1370857134461 235.46892746537924 50.915692746639252 67.695027366280556
leaf_count=2919 16187 6272 177936 18022 29043 4329 3497 5854 3936 4212 3895 7362 11033 4628 3101 2372 4426 2483 4591 1930 6946 1961 5892 1006 69 13215 22074 2457 5048 14803 55 541 429 2744 2390 1774 535 1341 903 2037 2231 858 2172 1070 3378 1454 1833 634 3780 844 2319 4197 307 16754 1623 1077 1370 1988 32066 2149 425 359
internal_value=-0.000119299 0.0189245 -0.0190172 0.0131236 -0.00772667 0.0179956 0.0302235 0.0240138 0.0131033 0.0148241 0.0121392 0.0141261 0.0390647 0.0116325 0.014514 0.0108763 0.0129362 0.0109477 0.0137641 0.0108881 0.0143084 0.00857785 0.0151836 0.00584416 0.0157511 0.00121713 0.00565491 0.0109299 0.0231612 0.00207666 0.00885919 0.0152096 0.0791174 0.0368632 0.0289526 0.0547172 0.0446127 0.0485669 0.0456874 0.050971 0.0449436 0.0289947 0.0512525 0.0441461 0.0391121 0.0450168 0.00695147 0.0140398 0.00355152 0.0267328 0.0486061 0.0263705 0.0762095 0.00722518 0.0501915 0.0423195 0.0505983 -0.00846779 -0.0165449 -0.026646 0.0323515 0.0372652
internal_weight=55153.9 27470.8 27683.1 21328.1 11476.5 15134.8 4324.59 3744.06 10810.2 10262.2 9424.41 8919.16 6142.72 8306.46 7400.57 6687.33 6311.4 5971.87 5431.01 5054.54 4501.98 3857.64 3032.33 2453.02 1785.82 6193.27 4777.95 1855.31 1065.02 5434.55 1615.28 1370.33 156.669 1888.75 1405.61 579.309 4634.54 3808.65 3552.97 2698.46 2302.13 854.505 1926.8 1510.97 711.325 837.837 1213.66 1003.01 882.995 449.221 644.337 825.887 186.729 3916.59 1325.99 1013.76 820.709 262.491 6041.94 244.952 747.745 696.829
internal_count=487136 200347 286789 162819 108853 109508 28262 24765 81246 76917 71527 67315 37528 63420 56058 51430 48329 45957 41531 39048 34457 30208 23262 19527 13635 53311 40096 13359 7505 47744 12629 10425 970 11406 8662 3735 26495 20979 19638 14499 12462 5139 10231 8059 4236 5390 9455 7622 6988 3208 4249 5516 1151 32941 6989 5366 4289 2057 61109 2204 4981 4556
is_linear=0
shrinkage=0.03


Tree=12
num_leaves=63
num_cat=0
split_feature=18 33 28 18 5 18 0 18 27 4 22 2 18 36 18 33 17 33 28 33 2 2 33 19 29 27 19 27 2 33 19 28 1 2 33 19 19 19 36 28 17 29 18 18 19 19 2 19 19 36 36 1 1 36 19 33 5 2 33 19 17 18
split_gain=20805.6 3258.04 2728.2 1093.86 1065.61 767.19 629.096 415.4 411.521 383.493 355.303 279.569 289.255 278.91 257.131 234.856 228.612 223.417 216.442 213.58 209.411 192.718 177.302 202.394 169.887 167.684 157.358 148.7 147.156 146.277 234.402 145.057 135.334 128.381 124.021 122.402 191.785 119.282 117.434 111.05 106.719 544.409 194.279 112.246 105.937 105.527 102.28 100.622 99.1869 90.0206 86.3403 86.0648 85.687 83.6071 82.6188 79.465 79.2832 77.0113 74.9102 124.815 74.4834 105.595
threshold=2.5000000000000004 3.7333654154635867 66.500000000000014 1.5000000000000002 6.5000000000000009 1.5000000000000002 1.5000000000000002 5.5000000000000009 228.00000000000003 0.0096647547324021019 0.49707173603608246 61.500000000000007 7.5000000000000009 1.7807938212559786 6.5000000000000009 3.7243558228071509 4.6961538461538472 2.4005494505494509 85.500000000000014 2.4005494505494509 107.50000000000001 180.50000000000003 3.8235567207384351 4325.5000000000009 0.12508234519104086 492.00000000000006 60.500000000000007 1.0000000180025095e-35 82.500000000000014 3.9000399680255797 4325.5000000000009 31.500000000000004 8.5000000000000018 253.50000000000003 2.4005494505494509 2895.5000000000005 1807.0000000000002 378.50000000000006 0.81700737032401627 52.500000000000007 4.4176356589147305 0.08574929971988797 28.500000000000004 51.500000000000007 2618.5000000000005 86.500000000000014 461.50000000000006 304.50000000000006 1199.0000000000002 0.76330574090394043 0.86666666666666659 106.50000000000001 113.50000000000001 2.0834273890142967 612.00000000000011 3.6365271419228256 1.0000000180025095e-35 576.50000000000011 3.7785311513591373 2174.0000000000005 4.37638888888889 13.500000000000002
decision_type=2 2 2 2 2 2 2 2 2 2 2 2 2 2 2 2 2 2 2 2 2 2 2 2 2 2 2 2 2 2 2 2 2 2 2 2 2 2 2 2 2 2 2 2 2 2 2 2 2 2 2 2 2 2 2 2 2 2 2 2 2 2
left_child=1 5 4 6 11 13 -3 15 21 -8 22 56 25 17 55 -6 51 45 20 37 -10 -5 23 35 -18 -13 -12 -17 -21 30 44 -26 -16 -24 54 36 -11 -7 -19 48 -34 -42 -43 52 -28 -1 -22 -40 49 -30 -49 60 -44 -48 -27 -4 -2 -29 -38 -60 -9 -62
right_child=2 3 14 8 7 19 9 16 18 10 26 12 -14 -15 32 27 24 38 -20 28 46 -23 33 -25 31 34 29 57 39 -31 -32 -33 40 -35 -36 -37 58 -39 47 -41 41 42 43 -45 -46 -47 53 50 -50 -51 -52 -53 -54 -55 -56 -57 -58 -59 59 -61 61 -63
leaf_value=0.049206762436511467 0.055482509337851253 0.036209564574157922 -0.011409516801776915 0.033754340131148704 0.0058283793515757866 0.041873042600961988 0.03997189464056318 -0.019348935058906374 0.021517394789376969 0.014728064063578546 0.028802794063243167 0.015853368259316693 -0.012404642030456679 0.050290677779055826 0.0012439188611637732 -0.0001630976395436576 -0.0060199729994916329 0.027513782710606383 -0.015706583772640361 0.047697392136064727 0.0023823896143678955 0.0081680571934922269 0.011025124925974555 0.10717802279640094 0.039412035927165655 0.042782561560799029 0.022945541865602607 -0.0093708786712527713 0.010487949490117261 0.012692641156235139 0.11078983239500637 0.17576917088325264 -0.030294426050150425 -0.0013555615160038205 -0.0019759931030033187 -0.034229113375221956 0.11177155567989884 0.11695967315252069 0.041652761202879196 -0.0016106137838059792 -0.025604148303353381 -0.0070071153857987076 0.14977215473501157 -0.033169433214998795 -0.0068137255150984583 0.088008039749053663 -0.011120954689171807 0.098446093679298158 -0.0020162848353480873 0.027263238584441438 0.026667982697338662 -0.026379796506416142 -0.0069116658430526763 0.015760100481793493 0.1967859128349132 -0.022384000734970939 0.02210474904561071 -0.020291884075440431 0.1112556363277007 -0.018715115764215993 -0.011080498139161118 0.044498742125305808
leaf_weight=230.36385436356068 76.633177682757378 1274.6492154300213 709.46929746866226 359.5297162681818 959.45951900631189 102.80838787555695 495.47373358160257 1411.6598008796573 357.51096092164516 628.96598274260759 862.44837641716003 1221.23186814785 829.21791149675846 1605.9639641270041 130.14626666903496 824.10817925632 67.576526060700417 1619.2284872308373 1066.7198934406042 120.35765116661787 1579.4287297055125 1008.6240242570639 1146.8220760673285 22.667446151375771 28.702814772725105 17.278136759996418 1761.2694367170334 1130.886475674808 483.61331500858068 5335.4756125509739 26.537191227078438 9.2764164805412275 10545.268463499844 2198.1570126265287 1028.6354979500175 40.594504974782467 25.217994026839733 23.43738666176796 1803.689002931118 353.64807873219252 729.30448168516159 18.033883199095726 28.25190614908934 4.0890920832753173 114.46101272106171 87.666039511561394 1237.702296949923 15.370715811848639 206.16851941496134 714.69208524376154 688.65574651956558 2024.2730164453387 3.482125110924243 113.52476206421852 3.7840231433510771 3692.3759557381272 395.40254642814398 1199.1969776973128 11.89252582192421 14.802886106073856 138.70014064013958 39.422708168625832
leaf_count=1169 585 7924 7541 2492 8613 667 3409 14763 2787 4693 5264 9461 8187 8499 1381 7355 656 10331 10185 815 13583 8008 8392 113 258 144 12362 10605 3623 40049 142 72 120579 17244 9155 372 138 127 9903 2854 8245 182 220 35 858 413 11447 79 1686 5053 4464 22261 35 1017 31 39718 3178 11719 61 124 1403 407
internal_value=-0.000125278 0.0181677 -0.0187352 0.0115897 -0.00754417 0.034239 0.016118 -0.0137366 0.00054365 0.0140986 0.0130463 0.00603415 0.0027578 0.0395684 -0.0267825 -0.00716599 -0.0210022 0.0356927 -0.00396488 0.0181505 -0.000154457 0.0148959 0.00583617 0.0190803 0.0224867 0.00829591 0.0166856 -0.0111197 0.0156078 0.015241 0.0223859 0.0731701 -0.0291508 0.00288845 -0.000494354 0.0162938 0.0193149 0.0559181 0.0338224 0.0134068 -0.0295003 -0.0188012 0.0731425 0.113482 0.0211277 0.0599362 -0.00279988 0.0378934 0.0171901 0.020497 0.0282531 -0.0222738 0.132518 -0.0088593 0.0713917 -0.0206162 0.0275405 -0.0149934 0.0746953 0.0392727 -0.0170423 0.00122171
internal_weight=55004 27738.1 27265.9 19682.5 11405.4 8055.66 13959.4 7833.26 5723.04 12684.8 12189.3 3572.18 3100.15 6050.94 15860.4 4113.65 3719.61 4444.97 4354.89 2004.73 3288.17 1368.15 4089.12 744.141 105.556 2270.93 8100.19 3154.19 1878.48 7237.74 1902.27 37.9792 11458.6 3344.98 1049.7 721.474 680.879 126.246 4126.94 1758.12 11328.4 783.161 53.857 35.8231 1875.73 318.03 2930.66 2507.72 1404.47 1198.31 704.026 3614.06 31.734 1351.23 21.0622 4401.85 472.036 2330.08 51.9134 26.6954 1589.78 178.123
internal_count=487136 200347 286789 150664 108853 49683 101145 78112 49519 93221 89812 30741 26978 34858 177936 38292 39820 26359 39019 14825 28834 10500 31137 5501 986 18791 58675 29679 14031 53411 13362 330 130677 25636 9330 5388 5016 794 24777 13216 129296 8717 472 290 13220 1582 26047 14446 10362 8676 4543 38834 255 12464 175 47259 3763 22324 323 185 16573 1810
is_linear=0
shrinkage=0.03


Tree=13
num_leaves=63
num_cat=0
split_feature=16 33 16 20 16 32 5 32 19 33 0 2 32 22 5 19 32 19 32 19 32 19 32 19 32 19 32 19 32 5 31 17 29 33 32 19 16 16 19 32 19 32 19 32 19 32 33 20 19 19 32 23 19 19 32 31 33 20 33 32 19 33
split_gain=19633.6 2967.82 2175.29 1067.34 998.642 842.66 818.955 750.573 733.299 548.325 487.611 475.623 454.062 398.521 378.589 354.653 561.242 404.074 894.643 425.647 944.852 469.886 597.354 359.268 489.235 403.329 539.975 468.86 870.345 403.681 349.411 325.081 516.478 298.529 297.105 417.341 272.09 271.158 251.87 345.318 248.584 298.255 362.969 277.021 242.827 262.091 236.496 395.243 233.743 232.878 292.516 227.424 216.345 207.445 366.956 205.592 193.489 389.853 185.765 185.467 212.326 235.52
threshold=2.5000000000000004 3.7419561886620571 6.5000000000000009 3.7972401979444239 1.5000000000000002 117.50000000000001 6.5000000000000009 61.500000000000007 103.50000000000001 2.4005494505494509 1.5000000000000002 77.500000000000014 35.500000000000007 0.55277081592871069 5.5000000000000009 120.50000000000001 89.500000000000014 193.50000000000003 135.50000000000003 264.50000000000006 190.50000000000003 354.50000000000006 248.50000000000003 446.50000000000006 319.50000000000006 605.50000000000011 439.50000000000006 909.00000000000011 604.50000000000011 6.5000000000000009 1.0000000180025095e-35 4.5477272727272737 0.076940695584763366 3.6279631502078424 2226.5000000000005 3539.0000000000005 1.5000000000000002 9.5000000000000018 48.500000000000007 17.500000000000004 1273.5000000000002 905.50000000000011 1852.0000000000002 4320.0000000000009 169.50000000000003 79.500000000000014 3.0027247956403271 3.0183800623052961 80.500000000000014 200.50000000000003 163.50000000000003 1.0000000180025095e-35 140.50000000000003 106.50000000000001 50.500000000000007 1.0000000180025095e-35 3.8750639713408401 4.1764375413086592 3.9167000266880176 1131.5000000000002 5674.0000000000009 4.2500639386189265
decision_type=2 2 2 2 2 2 2 2 2 2 2 2 2 2 2 2 2 2 2 2 2 2 2 2 2 2 2 2 2 2 2 2 2 2 2 2 2 2 2 2 2 2 2 2 2 2 2 2 2 2 2 2 2 2 2 2 2 2 2 2 2 2
left_child=1 3 6 5 7 13 30 8 12 -7 -9 -4 38 46 -6 -12 52 -18 -19 -20 -21 -22 -23 -24 58 -26 56 -28 -29 40 -2 -13 -33 -8 35 36 49 -34 39 -3 -30 -42 -43 59 45 53 47 -1 -14 -11 -51 -5 -17 54 -15 -35 -27 -58 -25 -44 -61 -62
right_child=2 4 11 51 14 9 33 10 -10 34 15 31 48 44 -16 16 17 18 19 20 21 22 23 24 25 26 27 28 29 -31 -32 32 37 55 -36 -37 -38 -39 -40 -41 41 42 43 -45 -46 -47 -48 -49 -50 50 -52 -53 -54 -55 -56 -57 57 -59 -60 60 61 -63
leaf_value=0.019026322198258068 -0.0040422515559148699 0.037538834968412392 0.0030117021733606338 0.064589773625409949 0.012866806973984459 0.092435280846339174 -0.00085284048913577962 0.031839225650875269 0.06994118123211307 -0.015420712853628039 -0.019512712842661373 -0.02765241584865942 -0.011696082992778717 0.045566507902189378 -0.0043958826579118919 0.014470995413191889 -0.013143268138975414 0.048694830495114097 -0.015033766619045506 0.047885356937697347 -0.021898026988503381 0.042577328214428722 -0.017372519699106751 0.062876303594491506 -0.014740186353464886 0.073808152656559933 -0.01499362186129804 0.056812329147557614 -0.0063511787605876361 -0.0024657315096050817 0.015255133092616542 -0.019978338147347299 -0.0076634233281541748 -0.019919744676311083 -0.032162478776691157 0.10202573820971871 -0.0023888060290623422 0.080797351023282227 0.050820671274369164 0.00056357092165888593 0.063935515161165579 -0.020063377010470534 0.079460068658232921 -0.022630163901481651 0.074203952273149743 0.0099881523651239763 0.018310610067021088 0.06710944785807435 0.023696098485744985 0.05333007306255233 0.017784589181681139 0.025430258380537318 0.057059997149952808 0.066738127360660482 0.0035404080300519007 -0.0081342252591448602 0.0067289378770932322 0.078258657211331809 0.023828241261403479 0.020493650159972083 0.10011674616000929 -0.0078981444473498301
leaf_weight=337.28397516906261 2186.2099796384573 636.73282065987587 499.09123753756285 988.81101459264755 1587.6342177689075 80.895609170198441 1308.2987476736307 1025.1791746467352 358.36036261916161 157.42944590747356 350.32326652109623 14360.448199160397 392.66848463565111 1549.467885568738 4085.3354464024305 161.91394457221031 655.01826491951942 539.88791564106941 621.40516397356987 571.64293768256903 448.99237141758204 465.57369770109653 487.40536522120237 179.94538732618093 677.97827842086554 121.86354353278875 737.7884286865592 341.43891777843237 263.26886129379272 1868.3287317976356 1375.6799221783876 461.17269942909479 50.134285129606724 4668.2519973218441 123.79917661100626 48.994474627077579 693.02164056897163 82.092496231198311 480.5689255297184 353.76966662704945 160.01560009270906 168.68494790047407 78.239976331591606 81.182441860437393 221.13435875624418 218.57164043188095 1244.896397575736 283.35104316473007 293.25341153889894 241.35059549659491 1528.3928709626198 154.82014823704958 320.1875973045826 321.15113726258278 212.84908412396908 1865.7525029107928 217.5265821069479 100.13513019680977 282.00691624730825 409.13607178628445 67.126380309462547 24.808341778814793
leaf_count=1937 21048 3612 4953 5251 12670 376 12691 6370 2100 989 2658 164444 2887 8286 36413 1190 5054 3329 5007 3566 3778 3055 3981 1136 5636 791 6122 2030 2112 15513 10849 5110 487 48575 1028 249 5470 710 2714 2283 944 1459 425 706 1243 1285 8037 1493 2015 1342 10049 1166 2013 1741 1244 17922 1507 693 1933 2953 321 185
internal_value=-0.000128125 0.017439 -0.018457 0.032353 0.0110473 0.0281095 -0.00851797 0.0153651 0.0302017 0.0154789 0.0120987 -0.0257917 0.0235951 0.0363793 0.000434857 0.0101525 0.0111869 0.00959513 0.0112664 0.00885254 0.0107676 0.00781195 0.00979407 0.00735745 0.0094438 0.00687007 0.0100289 0.00671669 0.0113442 0.00636706 0.0034102 -0.0267532 -0.00498651 -0.013936 0.0132456 0.015354 0.0137283 0.047254 0.0329936 0.0243371 0.0195447 0.0264397 0.0191933 0.0292252 0.0441548 0.0412638 0.0258594 0.0409908 0.00343207 0.0195255 0.0226366 0.0592938 0.0427687 0.0445428 0.0404929 -0.0165551 0.041664 0.0293039 0.0390555 0.0364998 0.0297713 0.0709597
internal_weight=54878.7 28021.5 26857.1 8406.22 19615.3 7262.59 11404.2 13942.4 2515.35 2873.88 11427 15452.9 2156.99 4388.71 5672.97 10401.8 10051.5 9569.4 8914.38 8374.49 7753.09 7181.45 6732.45 6266.88 5779.47 5317.52 4639.54 4200.02 3462.23 3120.79 3561.89 14953.8 593.399 7842.3 2792.99 2669.19 2620.19 132.227 1471.07 990.502 1252.46 989.194 829.178 660.493 2523.17 2302.04 1865.53 620.635 685.922 1927.17 1769.74 1143.63 482.102 2083.47 1762.32 6534 439.525 317.662 461.952 579.311 501.071 91.9347
internal_count=487136 200347 286789 51186 149161 44769 111085 100078 15611 19503 84467 175704 13511 25266 49083 78097 75439 72236 67182 63853 58846 55280 51502 48447 44466 41397 35761 32770 26648 24618 31897 170751 6307 79188 19127 18099 17850 1197 8609 5895 9105 6993 6049 4590 13799 12556 11467 3430 4902 12380 11391 6417 3203 11271 9530 66497 2991 2200 3069 3884 3459 506
is_linear=0
shrinkage=0.03


Tree=14
num_leaves=63
num_cat=0
split_feature=16 33 28 16 2 20 32 19 32 32 19 32 19 32 19 19 32 19 32 19 32 19 32 19 19 32 28 36 19 32 2 2 19 32 32 19 32 19 32 19 33 16 19 32 36 33 33 33 16 16 19 19 19 20 19 28 20 33 27 32 19 19
split_gain=18536.5 2732.87 2679.18 1086.29 995.068 989.693 821.704 1001.31 647.463 623.191 545.06 774.892 591.22 1025.66 506.132 432.147 759.302 542.507 512.112 560.152 828.273 629.397 692.021 646.799 636.927 788.87 408.575 397.498 392.881 419.483 392.496 384.724 373.647 653.733 372.276 343.135 513.639 518.292 519.15 497.899 391.051 331.767 328.831 651.974 275.914 259.007 388.814 257.748 254.933 250.224 249.794 234.083 233.898 262.569 232.849 220.684 215.309 204.602 201.833 195.056 427.035 185.024
threshold=2.5000000000000004 3.6445640381430944 66.500000000000014 1.5000000000000002 417.50000000000006 3.67219227313567 119.50000000000001 179.50000000000003 48.500000000000007 329.50000000000006 228.50000000000003 163.50000000000003 354.50000000000006 238.50000000000003 535.00000000000011 446.50000000000006 319.50000000000006 572.50000000000011 419.50000000000006 804.50000000000011 594.50000000000011 1107.5000000000002 869.50000000000011 1399.0000000000002 1807.0000000000002 1270.5000000000002 35.500000000000007 0.64636464805712712 73.500000000000014 33.500000000000007 95.500000000000014 341.50000000000006 2237.5000000000005 1504.5000000000002 756.50000000000011 2979.0000000000005 4320.0000000000009 5674.0000000000009 2359.5000000000005 3539.0000000000005 4.2500639386189265 7.5000000000000009 106.50000000000001 79.500000000000014 1.7568950024192993 3.9579052842527167 4.1265470391814487 4.0508859125946088 7.5000000000000009 5.5000000000000009 281.50000000000006 909.00000000000011 1273.5000000000002 4.1144620811287487 2618.5000000000005 9.5000000000000018 3.8014831869779395 3.8612776600964596 492.00000000000006 190.50000000000003 269.50000000000006 1318.0000000000002
decision_type=2 2 2 2 2 2 2 2 2 2 2 2 2 2 2 2 2 2 2 2 2 2 2 2 2 2 2 2 2 2 2 2 2 2 2 2 2 2 2 2 2 2 2 2 2 2 2 2 2 2 2 2 2 2 2 2 2 2 2 2 2 2
left_child=1 5 4 6 30 9 7 8 28 14 -8 50 59 -14 27 -15 -17 -18 -19 -20 51 -22 23 34 -24 -26 31 -1 29 -3 -2 -5 -27 56 61 -35 37 38 39 45 -39 58 -10 -44 -11 -37 -47 -38 -4 -6 -12 57 -36 -54 -25 -29 -34 -21 -32 60 -13 -23
right_child=2 3 48 26 49 -7 10 -9 42 44 11 12 13 15 -16 16 17 18 19 20 21 22 24 54 25 32 -28 55 -30 -31 41 -33 33 35 52 36 47 40 -40 -41 -42 -43 43 -45 -46 46 -48 -49 -50 -51 -52 -53 53 -55 -56 -57 -58 -59 -60 -61 -62 -63
leaf_value=0.012627231484580117 0.019684154114940147 0.030999966313992686 -0.020777485293875585 0.013971561895081537 -0.0099298613949311762 0.059160780762576505 -0.016263815315897615 0.057125610895684374 -0.012467316368992131 -0.0084025744516524389 0.027054285932208582 -0.029285111024367018 0.049963361115451237 -0.013829658816355788 0.077808152800673352 0.043139081150888617 -0.017826799802064499 0.038975741435584271 -0.017695049225950627 0.065762120941977462 -0.022930499306509332 0.048542545231251323 -0.018443912671431271 0.077947292244840358 0.054646253885123619 -0.034505545258270702 -0.013273459913207615 0.036673023787479761 0.053683110681086693 -0.0065626242804406165 0.0099498989141850423 -0.0029866532670690532 -0.035066054930192221 -0.029605088949703831 -0.02746083366977636 -0.034439713572276875 0.12037439377443082 0.10284348723112763 -0.026653475999024314 0.078853137229516992 0.0051440164655545692 -0.014538968327499209 0.039977235433603271 -0.0036911401093356047 0.034897478724788704 0.12123754075225361 -0.029517322700710062 -0.033027882705226656 -0.029061904430242962 -0.022762165235553154 0.062757345386971058 0.057224390393759671 0.10689185498069971 -0.034878417864119923 -0.038903052503415685 0.0032920834914007173 0.079676965264377633 0.0053005136303324596 -0.0044687366347823431 -0.021432732523105562 0.029198738779433003 -0.031632169998907764
leaf_weight=911.77343706786633 915.55829530954361 1436.4963710606098 4960.6164053305984 2325.8236261457205 2801.6536240056157 1146.0249558314681 610.89051184803247 785.74801257252693 555.76561143994331 535.94709307700396 395.17155530303717 194.86169663071632 635.05014988034964 614.70526447147131 211.32829256355762 655.67037451267242 603.36706499010324 573.2562567293644 618.58604153245687 68.005797058343887 531.84442784637213 238.50502108037472 759.69637879729271 281.70535944402218 351.15280352532864 191.04769244045019 1388.7521508187056 3310.3017010986805 520.0520636215806 328.62706603854895 1837.4790376871824 2495.617870695889 16.337636269629002 237.13266246020794 184.01019329577684 87.978763207793236 10.193630635738371 111.21626774966717 208.47120040655136 129.80190528929234 55.249031066894531 1322.9107645079494 543.41758884489536 708.94542437046766 175.79706953465939 30.652860246598721 30.724640764296055 230.5761496797204 10283.064173638821 2674.5376906618476 319.49390807747841 417.70830592513084 27.643794432282448 20.29571221768856 16.139011695981026 188.62006019800901 140.9596111625433 194.04668605327606 1665.4209081977606 612.27517073601484 265.09103718400002 28.945116564631462
leaf_count=5839 7325 8246 55234 18022 27239 6098 4818 4476 4179 3971 2580 1670 3799 4910 1164 4128 5019 3672 5183 479 4624 1619 6674 1444 2045 1693 13215 17971 2853 2315 14785 22074 126 2090 1557 785 55 541 1833 634 429 13751 3478 5187 1090 228 269 2149 122702 30424 1718 2319 173 163 91 1395 796 1451 15329 5098 1722 190
internal_value=-0.00013206 0.0167602 -0.0181775 0.0116729 -0.00704914 0.0338649 0.0159024 0.0261057 0.0201491 0.0284282 0.0112487 0.0129152 0.0106186 0.0133267 0.0324522 0.0102906 0.012394 0.00924077 0.0120613 0.00910353 0.0127082 0.00740588 0.0121689 0.0366095 0.00464682 0.0142269 0.00106308 0.0302767 0.0307624 0.024005 0.0016767 0.00519335 0.0046339 0.0104381 0.015728 0.00246982 0.0109752 0.0247664 0.00915089 0.0358998 0.0704581 -0.00173941 0.0067331 0.0152565 0.0022915 -0.00143766 0.0457979 -0.0264735 -0.0263663 -0.0161979 0.0430262 0.0432775 -0.0120733 0.0468618 0.0715946 0.0348745 0.0677254 0.0210216 0.00309391 -0.010343 0.00441421 0.0398457
internal_weight=54728.7 28267.5 26461.2 21787.7 11217.6 6479.79 15577.5 4879.05 4093.3 5333.77 10698.5 10087.6 9372.9 8300.68 4622.02 7665.63 7050.92 6395.25 5791.88 5218.63 4600.04 3920.28 3388.44 797.244 2591.19 1831.49 6210.19 4410.7 2285.18 1765.12 5741.37 4821.44 1480.34 1289.29 499.4 1132 894.864 654.095 487.629 279.158 166.465 4825.81 1808.13 1252.36 711.744 149.356 61.3775 240.77 15243.7 5476.19 714.665 679.761 231.95 47.9395 297.844 3498.92 157.297 262.052 3502.9 1072.23 459.953 267.45
internal_count=487136 200347 286789 162819 108853 37528 109508 30734 26258 31430 78774 73956 69658 61168 26369 57369 52459 48331 43312 39640 34457 30208 25584 5237 20347 13673 53311 25205 13414 10561 51190 40096 11628 9935 3702 9013 6923 4719 3749 1916 970 43865 12844 8665 5061 1282 497 2204 177936 57663 4298 4249 1893 336 1535 19366 922 1930 30114 8490 3392 1809
is_linear=0
shrinkage=0.03


Tree=15
num_leaves=63
num_cat=0
split_feature=18 33 18 28 18 5 28 5 0 4 22 28 33 33 5 27 5 33 19 18 17 22 18 23 5 27 36 19 33 27 28 19 17 4 19 19 19 36 5 4 33 19 36 19 18 18 31 28 23 17 4 29 19 33 19 33 19 19 19 17 19 19
split_gain=17602.3 2912.86 1605.77 1489.31 999.025 654.594 624.39 494.234 488.163 325.856 309.111 299.09 263.636 242.315 237.455 214.63 207.281 150.703 164.316 150.208 270.794 147.679 145.203 139.115 132.912 132.56 121.033 119.103 124.398 118.117 116.292 113.196 107.335 100.283 94.49 115.043 93.7237 89.6526 88.8138 87.7019 86.8832 191.258 97.8618 96.3372 86.8405 83.6774 94.6617 82.9288 79.8136 104.153 93.0799 78.9647 76.4451 204.439 163.722 143.152 206.956 101.912 75.2444 75.1569 74.2528 73.2128
threshold=3.5000000000000004 3.7419561886620571 1.5000000000000002 66.500000000000014 1.5000000000000002 7.5000000000000009 35.500000000000007 8.5000000000000018 1.5000000000000002 0.0096647547324021019 0.49707173603608246 57.500000000000007 2.4005494505494509 3.1972026604068859 2.5000000000000004 180.00000000000003 5.5000000000000009 3.8235567207384351 4325.5000000000009 7.5000000000000009 4.6291666666666673 0.55277081592871069 7.5000000000000009 2.5000000000000004 5.5000000000000009 1.0000000180025095e-35 1.5600000000000001 60.500000000000007 4.1200165562913922 372.00000000000006 8.5000000000000018 378.50000000000006 4.9642857142857153 1.0000000180025095e-35 2895.5000000000005 1807.0000000000002 2951.0000000000005 2.0466202999347973 5.5000000000000009 0.0076982339694203509 2.4005494505494509 2394.5000000000005 1.2478197490176199 106.50000000000001 7.5000000000000009 20.500000000000004 1.5000000000000002 466.50000000000006 24.500000000000004 4.37638888888889 0.0076982339694203509 0.10006954102920722 683.50000000000011 4.0729770370602436 1731.5000000000002 3.9000399680255797 4325.5000000000009 2895.5000000000005 1170.0000000000002 4.5577777777777788 264.50000000000006 2174.0000000000005
decision_type=2 2 2 2 2 2 2 2 2 2 2 2 2 2 2 2 2 2 2 2 2 2 2 2 2 2 2 2 2 2 2 2 2 2 2 2 2 2 2 2 2 2 2 2 2 2 2 2 2 2 2 2 2 2 2 2 2 2 2 2 2 2
left_child=1 4 8 5 13 14 7 15 -3 -10 17 12 31 36 32 39 47 18 34 29 -21 -15 23 -16 -14 -9 58 -12 52 60 -22 -6 45 -17 35 -11 40 -27 -19 -4 43 42 -42 -1 -18 46 -2 48 -5 50 -50 -32 -29 55 -55 56 57 -54 -26 -24 -7 -37
right_child=3 2 6 16 11 19 -8 25 9 10 27 -13 24 21 22 33 44 38 -20 20 30 -23 59 -25 26 37 -28 28 -30 -31 51 -33 -34 -35 -36 61 -38 -39 -40 -41 41 -43 -44 -45 -46 -47 -48 -49 49 -51 -52 -53 53 54 -56 -57 -58 -59 -60 -61 -62 -63
leaf_value=0.046056812283590556 0.00901605168643645 0.031586984505695068 0.05328481137079126 -0.013548140558190045 0.043591398446370326 0.004813433065599013 -0.015170115264851401 0.006020909885652256 0.035869833114348625 0.013492483458590023 0.02512574941699057 -0.0034965545108222884 0.027261006713459629 0.024153556841948729 -0.0026290903962230675 0.035425008199304019 -0.0241503715656315 0.0097092796979799372 0.09348500308407201 -0.024599048527065133 -0.0036958666284697167 0.035168653050506829 -0.015285034220427363 0.020112332339053088 0.010252323138863805 -0.0098421972328427906 0.025906428990839898 0.019795893956600578 0.008644952048733159 -0.018544409914886529 -0.012383825100580689 0.10795659295827573 0.079852544269872996 0.0038266675797297535 -0.033828713774140685 0.1012605926633391 0.09621637046205242 0.012016634004943981 -0.0010140231871321368 0.019371308180520002 0.030176885724594541 -0.020984986595027098 0.046000674400397644 0.079518349659057783 -0.030142473507428109 -0.023093611624645679 0.036704721747078006 -0.024330158152807164 0.15768077067999767 0.11618726825052936 -0.020638891743435094 0.098961969350131199 0.018452667972150429 0.030212642686321477 0.11237887807111248 0.00073621627929628286 0.097782166966550288 -0.028438933341917286 -0.0094941440486297386 0.022182648096260957 -0.010779150951724398 0.027412979194870089
leaf_weight=338.21175900101662 314.68015127629042 1318.9392356425524 73.314990282058716 944.425363086164 127.99694845080376 395.25596949458122 2386.5664142668247 738.58586500585079 512.04214908182621 600.65429020673037 896.12542355805635 702.14302277565002 685.13576485216618 1973.5560862347484 1199.1927983462811 94.81092543900013 2906.3269543200731 976.41461755335331 24.506228983402252 2326.4423514604568 32.70637384057045 2473.103069588542 864.38944384455681 303.18662266433239 1069.5034743696451 2470.0125017240644 403.15725840628147 2729.1120097711682 2859.4913303256035 1423.3064144477248 7.1964310184121123 30.573878906667233 24.036801598966122 1914.9713659435511 34.383068844676018 22.351559028029442 29.098348870873451 181.05759216099977 2411.0131762549281 1089.6394944861531 542.33751215785742 46.797777429223061 1013.7678607404232 101.24293325841427 8783.4501751810312 46.866184741258621 172.12358881533146 957.79348098486662 2.8873036280274418 9.5996497198939306 22.203064575791359 26.843436673283577 652.91350599378347 100.46776002645493 27.900867089629173 885.59459876269102 28.533699296414852 44.424366287887096 207.1056064888835 50.878166846930981 900.34899754822254 26.707152098417282
leaf_count=1624 2621 7803 500 10962 830 3815 24571 6199 3383 4366 5229 6391 4843 12197 10185 743 33393 6971 113 26760 318 13482 9000 2474 8212 23070 2938 18842 21138 14683 74 162 181 16072 336 108 136 1644 18665 7895 2831 347 4867 441 107669 449 1338 11298 33 77 267 208 4622 705 160 6918 142 392 1788 471 8999 185
internal_value=-0.000136413 0.0137188 0.00791626 -0.0210936 0.0274751 -0.0108944 -0.0020299 0.00274854 0.014206 0.0124192 0.011444 0.0138176 0.0186364 0.034233 0.000292087 0.0112584 -0.0271465 0.00470935 0.0172905 -0.0174057 -0.0228886 0.0302812 -0.00377755 0.00195926 0.0161221 -0.00521597 0.0115757 0.0147976 0.0135339 -0.0125778 0.0366329 0.0560807 0.0179368 0.00532049 0.0145433 0.0171126 0.0427129 -0.0083478 0.00207624 0.0215163 0.0419444 0.0386921 0.04049 0.0537889 -0.0286532 0.015128 0.0188179 -0.0180508 -0.0119033 0.0327021 0.000306855 0.075367 0.0166612 0.0117416 0.0481684 0.00883522 0.0187108 0.0154575 0.00704599 -0.0131968 -0.00601993 0.0612571
internal_weight=54558.4 32844.3 23100.5 21714.1 9743.73 8087.45 8948.96 6562.39 14151.6 12832.6 12320.6 3225.62 2523.47 6518.12 2975.35 3172.74 13626.7 4096.03 708.602 5112.1 2393.19 4446.66 2417.65 1502.38 2364.9 3389.66 1679.77 8224.56 7328.44 2718.91 66.7462 158.571 557.707 2009.78 684.096 649.713 2071.46 2651.07 3387.43 1162.95 2042.36 1602.9 1556.11 439.455 11689.8 533.67 486.804 1936.91 979.115 34.69 25.0904 34.0399 4468.95 1739.83 128.369 1611.47 725.872 697.338 1276.61 915.268 1295.6 49.0587
internal_count=487136 241861 180772 245275 61089 81576 80694 56123 100078 92275 88892 25164 18773 35925 26719 25210 163699 30744 5108 54857 27360 25679 22130 12659 17781 30913 12938 58148 52919 27497 600 992 4589 16815 4995 4659 10246 24714 25636 8395 10110 8045 7698 2065 141062 4408 3959 22637 11339 377 300 282 31781 12939 865 12074 5156 5014 10000 9471 12814 293
is_linear=0
shrinkage=0.03


Tree=16
num_leaves=63
num_cat=0
split_feature=16 33 16 28 32 19 16 28 2 32 19 32 19 32 19 32 1 19 32 19 32 19 32 19 32 19 32 19 19 32 32 19 33 32 32 1 32 19 32 32 19 32 19 19 32 33 19 2 33 33 32 19 33 2 19 33 19 33 19 19 32 19
split_gain=16696.1 2686.61 1719.99 1471.74 734.735 887.683 689.62 676.351 650.034 588.802 578.681 752.216 626.37 734.353 542.514 754.101 531.747 467.359 386.263 443.854 499.751 488.22 741.4 587.269 627.423 592.677 701.75 567.733 344.705 380.22 337.431 620.375 343.685 337.277 297.878 293.755 288.326 308.688 547.183 273.229 628.7 447.443 691.373 271.764 440.494 264.639 345.749 243.344 240.307 235.895 228.092 217.504 265.637 214.99 213.682 210.751 206.361 199.287 198.565 197.935 294.844 216.024
threshold=3.5000000000000004 3.6445640381430944 1.5000000000000002 66.500000000000014 105.50000000000001 157.50000000000003 1.5000000000000002 75.500000000000014 169.50000000000003 48.500000000000007 206.50000000000003 151.50000000000003 281.50000000000006 202.50000000000003 414.50000000000006 291.50000000000006 75.500000000000014 490.00000000000006 338.50000000000006 605.50000000000011 425.50000000000006 804.50000000000011 594.50000000000011 1107.5000000000002 869.50000000000011 1807.0000000000002 1131.5000000000002 1399.0000000000002 73.500000000000014 31.500000000000004 4320.0000000000009 5674.0000000000009 4.2500639386189265 756.50000000000011 425.50000000000006 106.50000000000001 1922.5000000000002 2895.5000000000005 924.50000000000011 2359.5000000000005 3539.0000000000005 1504.5000000000002 2237.5000000000005 106.50000000000001 77.500000000000014 3.0027247956403271 1243.5000000000002 61.500000000000007 3.9863200838386113 4.0508859125946088 1230.5000000000002 1228.0000000000002 4.0661212790399395 389.50000000000006 365.50000000000006 4.1265470391814487 2618.5000000000005 3.9333633363336338 909.00000000000011 45.500000000000007 13.500000000000002 22.500000000000004
decision_type=2 2 2 2 2 2 2 2 2 2 2 2 2 2 2 2 2 2 2 2 2 2 2 2 2 2 2 2 2 2 2 2 2 2 2 2 2 2 2 2 2 2 2 2 2 2 2 2 2 2 2 2 2 2 2 2 2 2 2 2 2 2
left_child=1 6 4 8 5 9 36 16 -2 28 -6 -12 -13 54 -15 57 47 -17 -19 -20 -21 -22 58 -24 27 -26 -27 33 29 59 31 39 -33 -25 45 -10 37 38 -1 40 41 42 50 -11 -45 46 -8 -4 -44 -32 55 -35 -53 -5 -14 -28 -29 -16 -23 60 61 -3
right_child=3 2 7 53 10 -7 34 -9 35 43 11 12 13 14 15 17 -18 18 19 20 21 22 23 24 25 26 30 56 -30 -31 49 32 -34 51 -36 -37 -38 -39 -40 -41 -42 -43 48 44 -46 -47 -48 -49 -50 -51 -52 52 -54 -55 -56 -57 -58 -59 -60 -61 -62 -63
leaf_value=0.036546188100416148 0.0078186502535572428 0.026154620071811706 0.032791705294333923 -0.021305001579895701 -0.018236784548120284 0.054329899523428898 0.030188358598348192 -0.015948525724297138 -0.0089267139920180833 -0.012515286753260014 0.039762658305486011 -0.0207925963481406 0.027135002394584905 -0.013111495159524917 0.055779711855615866 -0.023814350268907526 -0.0058623120282041506 0.040415400519978238 -0.017258395001723856 0.041575603022750644 -0.018852295353002136 0.019829059306206966 -0.022779274738053107 0.036987106172553401 -0.018340589153331012 0.066618580517146586 0.062124490149420682 0.071875627799970088 0.049815232300801239 -0.0034506060042465083 0.10981441085088711 0.095124265047416029 0.0045444739683376048 -0.031448119307382873 -0.013693568584781341 -0.021654296608319027 -0.034953895213695525 0.096077597792361552 -0.035331572264913312 -0.02654228070878098 0.071276561166103328 -0.020167528934600699 0.042802680051542169 0.035307982961149717 -0.006539084493461105 0.013437520328043021 0.11445272095483568 0.0078088529364884638 0.11441298933066525 -0.032904399611059933 -0.029214144308161619 0.08207312655851022 -0.034990493444015183 -0.029516165845175222 0.059664987757440356 -0.034803655577042819 -0.038695311032059011 0.024982590999365704 0.052989080819498872 0.048653827283786838 0.0056680528719874239 0.067939641466871245
leaf_weight=4834.3673445060849 1410.6565300822258 404.34770150482655 386.88107872009277 4191.4895808324218 593.7447270527482 765.50120630860329 501.20729756355286 2201.8883224353194 3654.397556938231 556.32274389266968 821.84635997563601 564.40080086886883 462.24316661804914 877.32757093012333 374.16508276760578 376.68916260451078 3397.1079825386405 367.66549553722143 538.23846244066954 450.01877827197313 523.28702256083488 262.84087085723877 527.05118986219168 276.4134159386158 755.8398070037365 197.49460226297379 59.554546371102333 293.80890455842018 519.72534894943237 406.57248716801405 10.821785956621168 116.12450598180294 55.920584805309772 160.35284783691168 272.25955852866173 2951.195685826242 51.878727532923222 75.937045961618423 97.120036110281944 206.58786898106337 136.20956140756607 426.22988328337669 147.47565723210573 447.06658422201872 458.2747967839241 1601.9505506977439 47.984448544681072 3776.0705571249127 59.250708997249603 226.12176387757063 178.52389743924141 40.349256493151188 30.555889904499054 9135.4516574516892 300.36608144640923 30.394695088267326 15.922754824161528 383.87418400496244 427.99755005538464 360.64634455740452 482.67929109930992 153.96040898561478
leaf_count=24952 11967 2145 2747 50409 4637 4245 3499 23015 36546 4179 4851 4640 2891 7097 2123 3101 31460 2372 4426 2747 4387 1897 4624 1809 6674 1044 339 1444 2764 2804 55 541 429 1390 2310 33063 425 359 759 1833 634 3780 844 2768 3329 12131 260 30436 307 2149 1518 257 246 113290 1581 200 91 2412 2292 1907 2893 812
internal_value=-0.000138011 0.0132104 0.00858699 -0.0208241 0.0146942 0.0248631 0.0290229 -0.00131669 -0.0106658 0.0189088 0.0105857 0.0121882 0.0098892 0.0117526 0.00923113 0.0117921 0.00294463 0.00866988 0.0105471 0.00876139 0.0112563 0.00861336 0.0117106 0.00669576 0.0112343 0.00404092 0.0131838 0.0341656 0.0282788 0.0220847 0.00679494 0.0123403 0.0657199 0.0146239 0.0158605 -0.0146137 0.0353267 0.0360561 0.0351293 0.0049522 0.0112274 0.00214352 0.0221617 0.00398245 0.0141237 0.0196029 0.0375757 0.0101321 0.0633871 -0.0263299 -0.00958273 -0.0120973 0.0316052 -0.0269341 0.0399575 0.029336 0.066171 0.0401932 0.0403818 0.0294935 0.0228486 0.0376928
internal_weight=54418.7 33075.5 25592.8 21343.2 15830.8 4555.1 7482.71 9761.95 8016.25 3789.6 11275.7 10682 9860.12 9295.72 8533.11 7655.78 7560.06 6897.74 6521.05 6153.39 5615.15 5165.13 4641.84 3951 3423.95 2606.55 1850.71 817.403 2327.93 1808.21 1653.22 1416.27 172.045 507.671 2423.4 6605.59 5059.3 5007.42 4931.49 1244.23 1037.64 901.429 475.2 1461.66 905.341 2151.14 549.192 4162.95 206.726 236.944 268.473 231.258 70.9051 13326.9 762.609 89.9492 309.732 758.039 690.838 1401.63 1040.99 558.308
internal_count=487136 241861 197166 245275 109508 27846 44695 87658 81576 23601 81662 77025 72174 67534 63062 55965 64643 51430 48329 45957 41531 38784 34397 30208 25584 20347 13673 5237 13325 10561 12629 10425 970 3702 18200 69609 26495 26070 25711 9455 7622 6988 3208 10276 6097 15890 3759 33183 1151 2204 2057 1893 503 163699 4472 539 1535 4535 4189 7757 5850 2957
is_linear=0
shrinkage=0.03


Tree=17
num_leaves=63
num_cat=0
split_feature=16 32 16 28 28 33 19 32 16 2 28 2 19 32 32 0 19 32 19 19 32 19 32 19 32 19 32 19 32 19 32 5 32 19 33 19 32 19 32 19 32 19 32 19 32 19 32 19 4 33 2 32 19 32 19 19 33 19 33 32 19 32
split_gain=15842.6 2524.27 1474.07 1454.63 1146.75 685.741 644.889 1305.65 740.725 620.675 526.762 470.263 468.636 432.72 380.072 361.344 355.04 429.134 365.029 330.959 819.338 427.611 579.996 310.615 337.589 308.56 399.784 330.23 452.29 276.417 397.172 261.729 259.352 515.087 358.695 254.347 403.724 265.166 505.369 344.822 614.1 313.23 353.756 241.529 591.107 233.851 343.725 331.157 231.592 219.811 216.07 205.315 230.666 278.326 410.544 282.331 234.424 256.182 193.235 192.908 241.029 186.516
threshold=3.5000000000000004 73.500000000000014 1.5000000000000002 66.500000000000014 8.5000000000000018 3.8235567207384351 106.50000000000001 43.500000000000007 1.5000000000000002 413.50000000000006 100.50000000000001 337.50000000000006 129.50000000000003 95.500000000000014 2226.5000000000005 1.5000000000000002 169.50000000000003 119.50000000000001 3539.0000000000005 63.500000000000007 27.500000000000004 37.500000000000007 17.500000000000004 22.500000000000004 8.5000000000000018 228.50000000000003 172.50000000000003 360.00000000000006 259.50000000000006 89.500000000000014 63.500000000000007 2.5000000000000004 4320.0000000000009 5674.0000000000009 4.2500639386189265 140.50000000000003 97.500000000000014 193.50000000000003 143.50000000000003 264.50000000000006 193.50000000000003 354.50000000000006 248.50000000000003 727.00000000000011 432.50000000000006 446.50000000000006 333.50000000000006 552.50000000000011 0.012009436537738402 4.0540582770270275 389.50000000000006 1922.5000000000002 2618.5000000000005 905.50000000000011 1674.0000000000002 2394.5000000000005 3.6522100846415397 2895.5000000000005 4.0508859125946088 324.50000000000006 446.50000000000006 401.50000000000006
decision_type=2 2 2 2 2 2 2 2 2 2 2 2 2 2 2 2 2 2 2 2 2 2 2 2 2 2 2 2 2 2 2 2 2 2 2 2 2 2 2 2 2 2 2 2 2 2 2 2 2 2 2 2 2 2 2 2 2 2 2 2 2 2
left_child=1 4 5 9 6 12 7 19 -8 31 11 48 -3 -14 16 -7 -15 -18 25 20 21 22 23 24 -1 -19 -27 -28 -29 -9 -31 -2 33 35 -35 -17 -37 -38 -39 -40 -41 -42 -43 59 -45 -44 -47 -48 -4 -34 -5 52 53 54 -46 -56 -54 -58 -21 60 -30 -49
right_child=3 2 10 50 -6 15 8 29 -10 -11 -12 -13 13 14 -16 32 17 18 -20 58 -22 -23 -24 -25 -26 26 27 28 43 30 -32 -33 49 34 -36 36 37 38 39 40 41 42 45 44 51 46 47 61 -50 -51 -52 -53 56 -55 55 -57 57 -59 -60 -61 -62 -63
leaf_value=0.033732524549177328 0.016859845425932839 -0.020432944276148241 0.036905812400757382 -0.021034649894714257 -0.0020343563902282574 0.027084692519008319 0.058910719940841308 -0.013340937618580385 0.022558426774791876 -0.018807715941271917 -0.017837999941592929 -0.0061547564135565362 0.056762356842154277 -0.015272807791053054 -0.029473285734346197 -0.021213493240177135 0.05994511354163249 -0.0084831688973819284 0.083898271128550569 0.05194904752173618 -0.0015965475545524621 0.050444431837292913 -0.0060529555132565653 0.048920022860596518 -0.0015383136032575159 0.049549144598638788 -0.0034525330429188753 0.05616691109363476 -0.018971799820375921 0.031100258690439309 -0.020683641582794572 -0.0051811489437107163 0.082998433381072587 0.089261141214894188 -0.0077551892122664319 0.038937107714214755 -0.018184163444192603 0.034331182637059705 -0.02064589464905443 0.038476430417937059 -0.023243345201348742 0.033018920848507681 -0.017791818456970761 0.075033365201348248 0.015490197292841798 0.027866153647272202 -0.029963824803672084 0.026260156283990251 0.0070822676216568264 -0.033874941759329008 -0.029347426829310398 -0.03459583994454167 0.090190506487004732 -0.0059167179962415443 0.09361287352152925 -0.037110533780198136 0.10218712804431018 -0.00036957221405846012 0.026789338946888026 -0.0093058810731554992 0.042851629851156349 0.0027630566514011503
leaf_weight=900.99843722581863 565.30610213428736 222.20886037498713 254.10190490633249 4119.1040263548493 1211.7665608003736 851.60331644117832 1207.3393807709217 774.86924587190151 867.40646228939295 3980.0063497424126 1633.3009996414185 3762.0121829360723 339.60131464898586 206.14140634983778 127.13413283973932 289.46704281121492 294.61715134233236 294.84751430898905 84.764244958758354 915.59855145215988 736.14175837486982 945.78457879275084 406.10210700333118 725.18829773366451 334.80689677596092 458.98267563432455 475.29682369530201 336.6718752682209 82.17682483792305 398.77438827604055 200.0546730607748 3403.0986880883574 15.482156507670878 114.35285687446594 48.875807501375675 349.44786864519119 388.2550767287612 571.75768874585629 442.26141651719809 505.0987229719758 356.63022939860821 397.49748577922583 420.42648434638977 189.18442866206169 551.22239765524864 548.54074951261282 263.25059618800879 333.1612172499299 3011.2018132284284 203.95114159584045 8915.6646955311298 62.759088449180126 80.062078267335892 362.87310902774334 108.04904905706644 17.149039931595325 28.628091409802437 92.269917264580727 393.89467796683311 402.54857207089663 182.63445995748043 3474.7366740182042
leaf_count=4813 4569 1355 1865 50409 11522 5032 6203 5254 6672 45012 17056 34579 1761 1252 1076 2246 1526 1864 370 5103 4516 5298 2376 3996 1809 2385 3144 1803 607 2567 1414 31995 97 516 382 2106 3133 3457 3709 3002 3122 2470 3505 961 3682 3553 2408 2142 23459 2012 113290 548 366 2794 523 113 139 687 2423 2909 1065 27114
internal_value=-0.000141363 0.0127381 0.00731034 -0.0205527 0.0253255 0.0131352 0.0290903 0.024582 0.0437159 -0.0104367 -0.00249172 0.00107486 0.0221406 0.0241217 0.0216221 0.00843216 0.0231304 0.02506 0.0223603 0.0312712 0.027028 0.0333893 0.0265717 0.0333295 0.0241751 0.020957 0.0234884 0.0194606 0.0238245 -0.00150943 0.0137949 -0.00204027 0.00661057 0.0074419 0.0602061 0.0064082 0.00740194 0.0059702 0.00725316 0.00495575 0.00675395 0.00398749 0.00577439 0.0187786 0.0254881 0.0036245 0.00557454 0.00256965 0.00940508 -0.0255812 -0.0267209 0.0182871 0.0209681 0.0152719 0.0266424 0.0756677 0.0503897 0.023955 0.0443859 0.00377031 0.0236552 0.00482029
internal_weight=54237.1 33254 23235.2 20983.2 10018.7 14574.6 8806.96 6732.21 2074.75 7948.41 8660.62 7027.32 4999.82 4777.61 4438.01 9574.8 4310.88 4104.74 3810.12 5358.52 4049.02 3312.88 2367.1 1960.99 1235.81 3725.36 3430.51 2971.53 2496.23 1373.7 598.829 3968.4 8723.19 8503.76 163.229 8340.53 8051.06 7701.62 7313.36 6741.6 6299.34 5794.24 5437.61 2159.56 1492.2 5040.12 4619.69 4071.15 3265.3 219.433 13034.8 1303.01 1240.25 1039.29 676.42 125.198 200.96 120.898 1309.49 667.36 264.811 3807.9
internal_count=487136 241861 177895 245275 63966 100936 52444 39569 12875 81576 76959 59903 30930 29575 27814 70006 26738 25486 23960 30334 22808 18292 12994 10618 6622 23590 21726 19341 16197 9235 3981 36564 64974 62865 898 61967 59721 57615 54482 51025 47316 44314 41192 14394 9813 38722 35217 31664 25324 2109 163699 8852 8304 7112 4318 636 1192 826 7526 4581 1672 29256
is_linear=0
shrinkage=0.03


Tree=18
num_leaves=63
num_cat=0
split_feature=16 33 28 28 20 32 32 1 0 1 33 16 28 1 23 33 20 36 16 20 33 32 5 32 32 20 33 32 33 33 1 20 16 23 36 17 32 33 33 20 20 33 32 20 33 32 32 20 33 20 20 32 33 33 20 20 32 32 27 20 29 32
split_gain=15034.1 2354.95 1437.22 1326.46 797.157 782.483 714.984 597.334 526.831 546.341 489.549 350.542 347.626 288.504 287.153 271.099 292.947 263.576 259.942 256.609 1206.13 282.6 254.974 254.317 227.678 223.548 713.454 342.497 284.336 242.228 216.789 191.339 184.731 185.056 176.928 171.855 171.296 170.637 155.078 318.282 310.512 1000.38 337.549 185.744 422.412 278.731 189.343 160.137 195.072 152.681 151.155 326.209 188.094 144.451 221.466 144.212 141.104 140.187 136.638 134.65 130.665 129.473
threshold=3.5000000000000004 3.7419561886620571 66.500000000000014 29.500000000000004 3.7972401979444239 47.500000000000007 123.50000000000001 83.500000000000014 1.5000000000000002 13.500000000000002 2.4005494505494509 1.5000000000000002 4.5000000000000009 97.500000000000014 1.0000000180025095e-35 3.0027247956403271 3.0183800623052961 0.87195444573493364 1.5000000000000002 3.8687343358395987 3.82987700165204 229.50000000000003 2.5000000000000004 2226.5000000000005 4320.0000000000009 3.9702941176470596 3.9305489480917646 3276.5000000000005 4.2500639386189265 3.8750639713408401 73.500000000000014 3.9794418197461172 7.5000000000000009 2.5000000000000004 0.64636464805712712 4.5577777777777788 1560.5000000000002 4.0508859125946088 3.9863200838386113 4.0099334702258735 4.1223104626465981 4.0980580693816 315.50000000000006 4.2802714932126706 4.2222516946654887 1194.5000000000002 172.50000000000003 4.5427066461785524 4.2932133999921271 4.1785208417644695 3.7450134812656906 497.50000000000006 3.6522100846415397 3.5834372402327515 3.606959518920505 3.913412796880539 1270.5000000000002 770.50000000000011 492.00000000000006 4.0424630364226486 0.079035736635079568 196.50000000000003
decision_type=2 2 2 2 2 2 2 2 2 2 2 2 2 2 2 2 2 2 2 2 2 2 2 2 2 2 2 2 2 2 2 2 2 2 2 2 2 2 2 2 2 2 2 2 2 2 2 2 2 2 2 2 2 2 2 2 2 2 2 2 2 2
left_child=1 4 7 5 6 34 12 22 -7 -10 -8 19 15 58 -6 16 -1 -17 23 56 21 31 -2 50 25 29 59 36 -29 55 -4 -21 33 -24 -3 -34 38 -26 39 -28 61 42 49 -43 46 -46 -45 48 -47 -42 53 52 -52 54 -12 -22 -11 -57 -13 -27 -37 -40
right_child=2 3 30 -5 14 8 10 -9 9 11 18 13 -14 -15 -16 17 -18 -19 -20 20 24 -23 32 -25 37 26 27 28 -30 -31 -32 -33 35 -35 -36 60 -38 -39 40 -41 41 43 -44 44 45 47 -48 -49 -50 -51 51 -53 -54 -55 -56 57 -58 -59 -60 -61 -62 -63
leaf_value=0.029728721197108701 0.01613632693623138 0.014657317719416469 -0.020791531523426346 -0.014125940400324657 0.052020522688545116 0.02521078901810005 0.078246826963706939 -0.019022479733148519 0.023986727801660682 -0.00095507755639856094 0.014724217218955508 0.010813070408522234 0.0047280239180833008 -0.011759211592234182 0.018115360808072741 0.012292014138592555 0.055967808980932135 0.030923086959204173 -0.0041160896692444028 0.025502944744385678 0.0024212055403398033 0.088021352215206475 -0.0043137905902722561 -0.031639294572971093 0.099139941997337513 0.040712055275949649 -0.00068810998964381027 0.08954162853846126 -0.0079644776352064631 -0.008611668400550436 -0.029187815394176309 0.084324215504634176 -0.016554328303382472 0.017457983148817895 0.029532854573567413 -0.0085554541007015171 -0.022657746662649213 -0.032625826642824561 0.005533658428606791 0.042018096493379425 0.01831339002929994 -0.0030370152870429694 0.09853477066533449 0.039466200149125989 0.0041014931334839118 0.1237209213591266 0.11588546856461462 0.11085265776281547 -0.034350519619760232 0.065240577141265424 0.073538276733838934 0.077151750761478427 0.0020977759772418075 0.0011893331400519688 0.059461420772470408 0.020004291308404514 -0.032536194776589825 0.076339048745223237 -0.0018878187920133181 0.083261075695264919 0.066631627651101047 -0.013558502928552055
leaf_weight=939.61328002810478 572.27870565652847 1194.9310253411531 4070.1020377799869 2388.2557165622711 1133.9482638314366 1337.6768644303083 91.777267388999462 3686.1040626689792 1342.9610135406256 1501.1068426892161 950.88460105657578 1248.0948309674859 532.35294208675623 1874.4370156154037 280.94722542911768 979.15975797176361 647.91261370480061 2268.6516269668937 1062.3173227980733 220.70991142839193 265.99356158822775 166.90257824957371 1781.6151186525822 104.14002783596516 9.2029834538698179 254.87362165749073 301.85075736790895 81.569746300578117 40.044069066643715 1300.9212007671595 8679.6581045389175 64.339088052511215 1321.6462640240788 437.57742962986231 1814.335226662457 42.757695607841015 174.81353128701448 177.58354336768389 509.13005857914686 327.02595257014036 154.46078263223171 1448.0221062898636 118.24728744477034 118.90003149211407 1482.6716295704246 10.366105981171133 38.767544880509377 35.050313703715801 21.251549266278744 105.01183208823204 39.994833692908287 109.88947439938784 192.61495833098888 620.043875657022 111.23453100025654 136.1029024720192 139.05693929642439 56.264175802469254 1957.6596875041723 91.25816785544157 40.263441815972328 858.0158809274435
leaf_count=4773 4572 7715 50687 25257 5745 8277 398 42394 8822 11073 5656 9451 4469 17728 2268 6217 3124 12126 8840 1325 1964 804 15822 891 44 1577 2252 368 327 10428 113012 327 14335 3699 11194 423 1600 1830 3610 2115 1005 11071 661 713 11017 61 222 186 188 597 183 535 1210 4079 575 822 1337 291 16959 486 331 7068
internal_value=-0.000143966 0.0122834 -0.0202821 0.00705762 0.0244149 0.00946929 0.0209994 -0.0102111 0.00709808 0.00564104 0.0099692 0.00402932 0.0277447 -0.00240973 0.0452921 0.030278 0.0404423 0.0253076 0.00800219 0.00723364 0.00931449 0.0570087 -0.00246976 0.0140508 0.00665799 0.00742947 0.0101188 0.00763123 0.0574307 -0.00200256 -0.0265079 0.0388151 -0.00540922 -1.89163e-05 0.0236277 -0.0139225 0.00656787 -0.0260681 0.00749289 0.0215182 0.00569179 0.0103901 0.0565227 0.00486453 0.0115688 0.00680409 0.0583368 0.0667677 0.0176066 0.0373348 0.0164038 0.0345729 0.0144204 0.0127009 0.0194175 0.0167467 -0.00363625 0.036528 0.00305626 0.0519596 0.0279088 -0.00644643
internal_weight=54065.4 33433.3 20632 23367.9 10065.5 20979.6 8650.59 7882.24 17970.3 16632.7 3282.9 15289.7 5367.69 5080.19 1414.9 4835.34 1587.53 3247.81 3191.12 10209.5 8569.35 451.952 4196.14 2128.8 8117.4 7930.61 6171.33 5825.2 121.614 1759.28 12749.8 285.049 3623.86 2219.19 3009.27 1404.67 5703.59 186.787 5528.77 628.877 4899.9 3532.75 377.72 3155.03 1707.01 1549.34 157.668 66.668 31.6177 259.473 2024.66 342.499 232.61 1682.16 1062.12 458.361 1640.16 192.367 3205.75 346.132 83.0211 1367.15
internal_count=487136 241861 245275 180772 61089 155515 53076 81576 136606 128329 22367 119507 30709 44138 8013 26240 7897 18343 21969 75369 62959 2456 39182 13129 60503 58629 45124 43061 695 13505 163699 1652 34610 19521 18909 15089 42366 1874 40766 4367 36399 25721 2263 23458 12387 11452 935 435 249 1602 12238 1928 1393 10310 6231 3077 12410 1113 26410 2063 754 10678
is_linear=0
shrinkage=0.03


Tree=19
num_leaves=63
num_cat=0
split_feature=16 33 28 28 20 33 20 17 5 4 17 33 22 22 5 24 5 16 31 20 0 20 33 20 33 20 16 17 20 19 20 33 19 19 33 20 5 19 13 33 5 20 33 33 16 33 20 33 20 20 33 19 33 20 19 16 20 33 19 24 28 20
split_gain=14270.9 2176.68 1419.03 1261.45 741.122 641.181 685.618 574.787 574.267 440.459 444.553 337.552 307.719 296.759 287.725 247.749 213.777 186.723 247.674 185.964 170.287 168.153 396.287 161.938 365.354 159.438 151.534 260.323 136.672 187.826 131.735 214.917 129.742 127.248 125.144 413.231 122.161 119.821 110.34 109.352 107.417 106.926 131.755 106.636 104.319 103.421 626.938 166.412 439.794 148.91 197.422 133.482 180.356 109.862 105.596 102.728 102.226 542.86 141.803 125.808 101.003 95.8639
threshold=3.5000000000000004 3.7333654154635867 66.500000000000014 33.500000000000007 3.7972401979444239 3.4002652519893903 3.5037006802721096 1.9166666666666667 7.5000000000000009 0.014036982304573502 4.9642857142857153 2.4005494505494509 0.53642999336430008 0.55277081592871069 5.5000000000000009 1.1000000000000003 5.5000000000000009 20.500000000000004 1.5000000000000002 2.3868817204301078 2.5000000000000004 3.646446078431373 3.6111790274381965 2.9849385908209443 2.9689903846153851 3.3971889055472269 7.5000000000000009 4.6291666666666673 3.7630817983759166 855.00000000000011 4.071858864027539 4.0442641152075245 19.500000000000004 120.50000000000001 3.8809720582447862 3.9004310344827586 18.500000000000004 60.500000000000007 0.10367218987908641 3.6522100846415397 2.5000000000000004 4.4480769230769246 4.4282817715441416 3.5716221447928773 1.5000000000000002 4.1265470391814487 4.1223104626465981 3.9109690662981182 3.9733020520892111 4.2120276842499074 4.1933129863101213 1159.0000000000002 4.0411107157682506 4.1764375413086592 3539.0000000000005 1.5000000000000002 3.8719642331468953 3.8168407500090673 322.50000000000006 2.4907407407407409 8.5000000000000018 3.9905893673819928
decision_type=2 2 2 2 2 2 2 2 2 2 2 2 2 2 2 2 2 2 2 2 2 2 2 2 2 2 2 2 2 2 2 2 2 2 2 2 2 2 2 2 2 2 2 2 2 2 2 2 2 2 2 2 2 2 2 2 2 2 2 2 2 2
left_child=1 4 8 7 5 6 11 -3 17 38 14 19 23 21 30 -6 -4 18 -2 -1 -16 -7 -23 -13 -25 -26 43 -28 -24 39 34 -32 -21 -8 35 -11 56 -12 -9 -30 -20 -33 -43 -10 45 46 47 48 54 -47 -51 52 -48 -54 -39 -15 -22 58 -58 -60 -29 -59
right_child=2 3 16 -5 15 13 33 9 26 10 37 12 -14 55 20 -17 -18 -19 40 32 36 22 28 24 25 -27 27 60 29 -31 31 41 -34 -35 -36 -37 -38 44 -40 -41 -42 42 -44 -45 -46 49 51 -49 -50 50 -52 -53 53 -55 -56 -57 57 61 59 -61 -62 -63
leaf_value=0.021246097030888696 -0.0031847437116038989 0.027200980176805244 -0.016760858023020644 -0.014011678146056465 0.050568498470964479 -0.0041505992573056694 0.052841922999062409 0.020677467705328717 0.0030077600718342291 -0.00027680850729285857 0.021824004247642494 -0.0061157234058436434 0.029037430245531771 0.02419568056230818 0.010209896606556256 0.017382246710251258 -0.027914427402703147 -0.022729191046044161 0.036285629849395006 0.024403030816986502 -0.0089960819236652098 0.046471911372182498 -0.0045242425481178293 0.050113351548689927 0.001869900963957296 0.033184235510866751 -0.02382273224446551 -0.0026314449574015943 0.061467433326037497 0.073434765204572552 0.050994171527441658 0.0091264411620013766 0.06730861358346657 0.087991210212079382 -0.003207210489739161 0.048092237715669471 -0.0097543145546677666 0.010023865313813822 0.042860097572421263 -0.0063042403264837203 0.010602645067044933 0.079930858446995753 0.018984488057140193 -0.013964747050986364 0.0021442615009286711 -0.0071752096534397798 0.065744309917186619 0.0034347156701077367 0.05960463356901835 0.039649687005472188 0.007872893060117403 0.084887017268088838 0.0098577143207383734 0.04477510787813762 0.057863356948283193 0.0091672302550813104 0.02385363676445925 -0.0084527991319241613 0.092735553042349927 -0.0033816217117494641 0.070973255757365461 0.002665255500555774
leaf_weight=186.46564153581858 1859.9543279260397 1485.5144209489226 1811.4424290731549 2337.6026917621493 1090.7989656031132 1084.0619057640433 365.86567330360413 956.65205995738506 392.00888692587614 554.91813262552023 942.08875881880522 383.63376414775848 1796.5640924051404 1499.6330966874957 1089.2900159284472 249.1313388645649 10660.348214067519 283.53870044648647 191.41780566424131 81.50959488004446 933.00724931806326 240.62685839831829 600.19509029388428 231.12052448838949 750.82136870920658 181.7395925745368 2187.4763467237353 31.732592336833477 26.305474579334259 51.61629980057478 155.42726020514965 890.94596016407013 292.28415787965059 125.13489463925362 823.32443243265152 222.61572378128767 1611.5790730640292 1484.8488827347755 256.37079331278801 113.35322850197554 627.79701309651136 43.984130531549454 116.84706767648458 2207.5346594229341 1148.8132264241576 513.57484126836061 156.61324335634708 1666.7423946559429 191.37867637723684 194.32868787646294 1860.9803121313453 65.811368636786938 170.32051059603691 155.31289226561785 42.657919369637966 564.28962707519531 78.803676404058933 972.71120653301477 81.315720245242119 14.349406398832796 35.309786260128021 2470.1740550622344
leaf_count=971 16777 8521 22637 25061 5373 7732 1908 6912 3961 4051 5403 2447 9542 8139 8181 1980 141062 3037 1404 421 7749 1433 4501 1221 4914 1097 26760 318 148 319 962 6410 1363 659 6087 1407 14214 10235 1575 787 5501 277 807 23536 9578 4041 805 12497 1007 1194 13461 389 1181 892 275 4329 548 8219 476 120 282 20042
internal_value=-0.000145572 0.0118497 -0.0200135 0.00690978 0.0236515 0.0204082 0.0284088 0.00920052 -0.009991 0.0078542 0.00671474 0.0242044 0.0205908 0.0119949 0.00243365 0.0444022 -0.0262948 0.000416172 0.00286754 0.0457586 -0.000723347 0.00409867 0.0127658 0.0107804 0.0163532 0.00797863 -0.0163436 -0.0220368 0.00250987 0.0245884 0.0105867 0.0180699 0.0579697 0.0618222 0.00494102 0.0135723 -0.00265672 0.0117256 0.0253714 0.0064743 0.0166111 0.0131973 0.0357101 -0.0114041 0.0104816 0.011954 0.0150122 0.0101917 0.0167413 0.00726957 0.0108806 0.0447783 0.0392821 0.0265296 0.0113655 0.0200889 -0.000142176 0.00214083 0.0537519 0.0782985 0.0361379 -0.000475188
internal_weight=53892.6 33604.1 20288.6 23688.9 9915.15 8575.22 4395.14 21351.3 7816.77 19865.8 18652.8 3904.14 3343.88 4180.08 10059.3 1339.93 12471.8 2962.71 2679.17 560.259 7251.23 2116.16 1032.1 1547.32 1163.68 932.561 4854.06 2254.52 791.47 191.275 2808.06 1207.2 373.794 491.001 1600.86 777.534 6161.94 8593.47 1213.02 139.659 819.215 1051.78 160.831 2599.54 7651.38 6502.57 3933.69 3385.63 1718.89 2568.88 2055.31 548.058 482.247 325.633 1527.51 2063.92 4550.36 3617.35 174.469 95.6651 67.0424 3442.89
internal_count=487136 241861 245275 182577 59284 51931 24543 157516 81576 148995 140508 21976 19221 27388 79550 7353 163699 26719 23682 2755 59549 14920 7188 9679 7232 6011 54857 27360 5755 1254 20001 8456 1784 2567 11545 5458 51368 60958 8487 935 6905 7494 1084 27497 55555 45977 27281 24014 11517 18696 14655 3267 2878 2073 10510 12468 37154 29405 1144 596 600 28261
is_linear=0
shrinkage=0.03


Tree=20
num_leaves=63
num_cat=0
split_feature=28 36 2 32 32 1 1 28 19 17 33 33 32 19 32 32 17 33 19 19 22 21 17 33 19 32 33 20 20 33 20 33 20 20 33 32 17 23 20 32 19 32 19 32 19 2 27 32 33 19 33 24 23 28 20 33 32 33 17 32 19 32
split_gain=13253.4 2253.08 928.15 770.659 684.021 501.114 468.224 337.101 310.232 290.538 421.228 246.48 243.949 293.665 273.245 243.884 237.973 233.469 223.434 223.103 206.904 202.617 199.686 182.021 168.64 210.563 157.378 271.889 258.349 576.917 267.037 413.437 197.627 161.754 460.524 157.464 155.769 519.903 155.755 153.867 206.563 238.444 181.042 216.124 185.709 155.672 146.453 144.38 143.462 150.441 142.066 129.333 188.363 187.353 127.551 305.83 164.534 123.657 122.683 135.39 312.045 121.259
threshold=21.500000000000004 1.1733867499311865 87.500000000000014 65.500000000000014 129.50000000000003 98.500000000000014 81.500000000000014 466.50000000000006 228.50000000000003 4.8377192982456148 3.4002652519893903 2.4005494505494509 184.50000000000003 360.00000000000006 267.50000000000006 295.50000000000006 3.0071428571428576 3.5003671071953018 458.00000000000006 123.50000000000001 0.55277081592871069 1.5000000000000002 4.8944444444444457 3.3637417044137794 111.50000000000001 30.500000000000004 3.7200136239782022 3.7673672884551879 3.8988789756740405 3.8750639713408401 4.0662280701754394 4.0373594796008598 3.9848664122137412 4.1693611473272503 4.1200165562913922 358.50000000000006 4.37638888888889 7.5000000000000009 3.4924533361668115 319.50000000000006 622.00000000000011 425.50000000000006 887.50000000000011 992.50000000000011 1807.0000000000002 159.50000000000003 1.0000000180025095e-35 2009.5000000000002 3.1709693537641579 129.50000000000003 2.4005494505494509 4.8352713178294584 5.5000000000000009 159.50000000000003 4.4480769230769246 4.4282817715441416 187.50000000000003 3.7904693091109283 2.3405797101449282 576.50000000000011 1399.0000000000002 67.500000000000014
decision_type=2 2 2 2 2 2 2 2 2 2 2 2 2 2 2 2 2 2 2 2 2 2 2 2 2 2 2 2 2 2 2 2 2 2 2 2 2 2 2 2 2 2 2 2 2 2 2 2 2 2 2 2 2 2 2 2 2 2 2 2 2 2
left_child=1 2 -1 9 17 19 7 36 -6 10 -4 -10 -13 -14 -15 22 -8 38 -16 -5 -19 26 23 -7 25 -11 27 50 -28 32 -31 -32 47 -33 35 -35 -2 -38 48 -20 -41 -42 -43 58 -45 -46 -34 57 49 61 -21 -18 -53 -54 -36 56 -56 -30 59 -44 -61 -3
right_child=6 4 3 5 8 15 16 -9 11 24 -12 12 13 14 18 -17 51 20 39 21 -22 -23 -24 -25 -26 -27 28 -29 29 30 31 33 46 34 54 -37 37 -39 -40 40 41 42 43 44 45 -47 -48 -49 -50 -51 -52 52 53 -55 55 -57 -58 -59 -60 60 -62 -63
leaf_value=0.02306845091718664 -0.013829008165830433 0.033912020727222388 0.022400995940609642 -0.022579658017728481 -0.021794758615016032 0.023161234356620826 -0.0086606285565992477 -0.024114685525777464 0.078266680105137793 0.028145242164966278 0.0016084459959272456 0.029875944035604007 -0.014285734444982604 0.03347317958999433 -0.026754404591067777 -0.012475888939172453 -0.028358077641072829 0.0095507203922185081 0.033722121672257126 0.079203388890702872 0.026999740840338553 0.091427629452059941 0.011862523131759303 -0.0082246065926923836 0.044803297578186116 0.0057610170691439182 -0.0073623816932330156 0.044727273242335462 0.060044459546063918 -0.0044216805148885535 0.035561943497484212 -0.0044995580681762258 -0.0097848118347708419 0.036423702561007271 0.0021764773230782981 0.097015930062282235 -0.00714177363034358 0.066508061004846394 0.046160732081733692 -0.012219983186810864 0.036832045538012996 -0.013921638245564697 0.060579669015654869 -0.03301948642575217 0.030877812631193626 -0.00028822598472790032 0.083861019089198352 0.093147634159394588 0.01982599998370646 0.059952100062229341 0.0061775038181691002 -0.018919151702170026 0.1427968611928695 -0.013630611960819295 0.025034451145281463 0.0071081852413071691 0.10500441599039383 0.014425493639725366 0.012471062795365468 -0.00080467706243833202 0.05468552185583278 -0.015108184517789282
leaf_weight=2337.4844149574637 3061.0972321256995 1060.5707400143147 1278.1301436424255 279.75006354600191 217.66837816685438 182.03225930780172 665.17193529009819 2689.3755084350705 54.356811702251434 906.36385917663574 2793.9894303679466 748.09266334027052 368.68344017118216 542.46118321269751 138.63923630863428 3251.5204991027713 8695.2355716526508 823.44968309998512 271.77712202817202 24.469212785363197 2385.6115847453475 24.011443838477135 835.07654438912868 1909.157845184207 262.60546214133501 649.78369443118572 1752.8986353352666 218.72234511375427 62.867005720734596 2664.5814336836338 429.55570049583912 1222.6629482656717 17.656563565135002 140.54157040268183 2133.6502182707191 53.413357391953468 932.37043765187263 94.955492042005062 742.94860947132111 330.20185776799917 328.95921372622252 262.47883467376232 119.32174202799797 119.38191977143288 188.78719751536846 609.4680907651782 98.111854195594788 26.681990005075932 767.54134973883629 202.75166415423155 1010.7029339969158 897.60477010160685 13.016116417944433 14.419481344521044 43.328185401856899 358.72323667258024 50.129645958542824 358.42239753901958 592.69819466024637 205.61575826257467 163.66294661909342 47.306742869317532
leaf_count=15254 36322 5403 8248 2102 1438 1117 7575 34011 235 4943 23516 4803 2607 3675 1019 30214 115962 6060 1825 109 14471 167 6108 18004 1593 4399 14426 1356 402 21801 2995 10063 142 976 16875 338 9973 982 4054 2409 2194 2012 636 982 1201 4711 597 126 4381 1062 7399 10242 109 195 320 2818 296 2649 4702 1399 890 243
internal_value=-0.00014649 0.010017 0.00505621 0.00322855 0.0211647 1.25479e-05 -0.0219882 -0.0158648 0.0132593 0.0125899 0.0081358 0.0147728 0.0140791 0.011292 0.0137276 -0.00682127 -0.0260229 0.0280625 0.0105102 0.00386102 0.0225237 0.00455337 -0.000536907 -0.00549015 0.0225597 0.0188014 0.00435668 0.014341 0.00302626 0.00540393 0.0030828 0.00759526 0.0346122 0.00459223 0.00859226 0.0531671 -0.0104367 -0.000325606 0.0343609 0.0121302 0.0101189 0.012968 0.00949375 0.0125704 0.00185837 0.00708172 0.0695565 0.0255615 0.030139 0.0361742 0.00791406 -0.0272229 -0.0165475 0.0607225 0.00524576 0.0197181 0.0680278 0.0212527 0.0216574 0.0327899 0.0237884 0.031815
internal_weight=53732.7 36669.5 25377 23039.5 11292.4 17148.7 17063.2 6777.8 5262.25 5890.87 4072.12 5044.59 4990.23 4242.14 3873.45 6177.79 10285.4 6030.18 3330.99 10970.9 3209.06 10691.1 2926.27 2091.19 1818.75 1556.15 10667.1 1253.89 9413.22 7660.33 7096.59 4432 563.74 4002.45 2779.79 193.955 4088.42 1027.33 2821.12 3192.35 2920.58 2590.37 2261.41 1998.94 917.637 798.255 115.768 447.971 2078.17 1310.63 1035.17 9620.28 925.04 27.4356 2585.83 452.181 93.4578 421.289 1081.3 488.6 369.279 1107.88
internal_count=487136 271765 199353 184099 72412 141400 215371 81288 36738 42699 31764 35300 35065 30262 27655 55443 134083 35674 23980 85957 20531 83855 25229 19121 10935 9342 83688 8864 74824 60398 56482 34681 3916 31686 21623 1314 47277 10955 15143 22961 21136 18727 16533 14521 6894 5912 739 3177 11089 6708 7508 126508 10546 304 20309 3434 616 3051 7627 2925 2289 5646
is_linear=0
shrinkage=0.03


Tree=21
num_leaves=63
num_cat=0
split_feature=16 32 16 1 29 19 32 16 19 32 19 32 19 32 19 32 19 32 19 32 19 32 19 32 19 32 2 16 17 29 31 19 32 19 32 33 32 19 33 16 19 19 33 19 32 19 19 20 19 32 32 19 20 33 19 33 19 32 19 32 19 33
split_gain=13076.8 1920.9 1181.56 1024.94 737.745 598.104 1019.31 585.301 582.588 652.178 572.029 773.763 599.511 889.83 627.205 774.642 507.042 536.71 562.499 587.268 438.986 710.467 493.02 901.914 630.913 563.894 434.947 433.43 486.384 598.287 399.753 384.085 520.837 332.341 417.323 357.787 347.703 370.648 428.947 319.126 303.633 289.764 284.417 282.651 572.171 280.363 281.137 280.262 266.89 423.95 259.896 236.055 217.776 210.19 204.302 214.512 201.588 199.187 335.27 198.118 196.841 194.84
threshold=3.5000000000000004 71.500000000000014 1.5000000000000002 73.500000000000014 1.0000000180025095e-35 106.50000000000001 46.500000000000007 1.5000000000000002 123.50000000000001 95.500000000000014 177.50000000000003 131.50000000000003 243.50000000000003 181.50000000000003 354.50000000000006 263.50000000000006 458.00000000000006 324.50000000000006 605.50000000000011 419.50000000000006 826.00000000000011 594.50000000000011 1191.5000000000002 905.50000000000011 1807.0000000000002 1230.5000000000002 256.50000000000006 10.500000000000002 4.3656019656019662 0.073570906854265164 1.5000000000000002 2237.5000000000005 1504.5000000000002 2951.0000000000005 4320.0000000000009 3.9579052842527167 2359.5000000000005 3539.0000000000005 3.222436722436723 7.5000000000000009 140.50000000000003 89.500000000000014 4.0208614878258073 63.500000000000007 30.500000000000004 1399.0000000000002 2394.5000000000005 3.8014831869779395 40.500000000000007 20.500000000000004 63.500000000000007 30.500000000000004 3.7193817957866124 4.1265470391814487 5674.0000000000009 4.2500639386189265 210.50000000000003 497.50000000000006 683.50000000000011 13.500000000000002 19.500000000000004 4.0540582770270275
decision_type=2 2 2 2 2 2 2 2 2 2 2 2 2 2 2 2 2 2 2 2 2 2 2 2 2 2 2 2 2 2 2 2 2 2 2 2 2 2 2 2 2 2 2 2 2 2 2 2 2 2 2 2 2 2 2 2 2 2 2 2 2 2
left_child=1 4 8 27 5 6 42 -7 -3 40 -11 56 -13 -14 -15 -16 -17 -18 -19 -20 57 -22 -23 45 -25 52 -4 30 -29 -30 -2 -27 47 -34 35 36 37 38 -35 -5 -10 -8 43 44 48 -24 -47 -33 49 51 -43 59 -26 -37 -55 -56 -12 58 -21 60 -1 -36
right_child=3 2 26 39 -6 7 41 -9 9 10 11 12 13 14 15 16 17 18 19 20 21 22 23 24 25 31 -28 28 29 -31 -32 32 33 34 61 53 -38 -39 -40 -41 -42 50 -44 -45 -46 46 -48 -49 -50 -51 -52 -53 -54 54 55 -57 -58 -59 -60 -61 -62 -63
leaf_value=0.021804618019819769 -0.009568896567664709 -0.025054676546909592 0.0069396239069909145 -0.018024167008879953 0.0017550170578795807 0.053288544504893724 -0.019317156697551376 0.019847825112749597 0.0097515743073337199 -0.017901353229638477 0.022017916757854729 -0.01640054800104182 0.037574163117517802 -0.014676681372874659 0.035207412358342516 -0.020748158035298579 0.035945354333086689 -0.01627012976093491 0.039490250834607263 -0.033495583570589134 0.039019983597621474 -0.014449827689816459 0.019056936315947081 -0.022981449334442138 -0.029368270904385107 -0.030686165665810033 -0.0072032135995468028 -0.024089471044875382 -0.013339473206745757 0.075957014760986916 0.012635927358317237 -0.035945315058405723 -0.029473385854286469 0.079700709557778721 0.07235051528384337 0.087847815054390391 -0.025828609297559507 0.060878567847923067 -0.030112418987579929 -0.028408141469797376 0.04734588368526637 0.025817397350881441 0.015621793012378852 0.043916196467386835 -0.0085226232511876263 0.061987602895140811 -0.038025066520427392 0.067717387395664519 0.046304269215552328 -0.011737310734613274 -0.019923412658490437 0.052257938909432408 0.051364478480729038 -0.030275150852558906 0.081439103126940068 0.0039115820752893288 0.048896439514862521 -0.030831548767999341 0.02408597263225459 7.1312486055105769e-07 0.049629292644267874 -0.033833016593749203
leaf_weight=782.395274348557 3770.1117708906531 380.82933107018471 2981.8950115069747 3967.5398339703679 1393.3391022458673 1173.4267767369747 600.64078809320927 787.82048160582781 271.12531618773937 595.29292800277472 445.38749898225069 725.33080817759037 1084.2021417021751 917.11576707661152 1080.3472861424088 511.00275675952435 661.3688712194562 784.18792853504419 577.92337542027235 152.61834655702114 696.23273420333862 827.65947702527046 326.5911103412509 634.64100723713636 32.828501880168915 247.89971140027046 5693.3473005220294 2649.9070695713162 206.83274243026972 100.1191963031888 904.62062406539917 26.938271671533585 237.81695564091206 41.913050383329391 16.697595596313477 85.636970140039921 192.12355475127697 144.08359716832638 134.37782795727253 8122.8519119918346 676.36289229989052 352.79912152886391 1641.8631530553102 1040.4546799585223 382.19055564701557 410.03686062246561 26.855982042849064 177.72064292430878 721.71676591038704 247.48765054345131 163.4817693606019 349.49369360506535 345.06103646755219 38.738609328866005 74.521710485219955 56.562328927218914 578.14637480676174 340.04345382750034 225.10293594002724 242.3915513753891 323.98490428924561 208.33474066853523
leaf_count=3879 40273 2595 23735 47882 12872 5677 4079 5780 1697 4146 2718 5367 5991 7049 6183 4166 3851 6404 3220 1330 3907 6921 2252 5719 247 2159 53748 33565 2523 857 7825 200 2167 179 99 452 1752 634 1209 112350 3583 2189 9745 5461 2184 2050 168 894 3701 1334 1142 1782 1780 358 322 429 2901 2800 1692 1242 1615 2105
internal_value=-0.00014724 0.0111612 0.00646964 -0.0195673 0.0220419 0.0252499 0.0210656 0.0398588 0.0115693 0.0125244 0.0108546 0.0121651 0.0100362 0.011731 0.00899219 0.0113228 0.00818878 0.0101037 0.00768307 0.0106753 0.00775312 0.0109129 0.00634666 0.0113234 0.00316984 0.0112238 -0.0023416 -0.0109583 -0.019948 0.015792 -0.00527116 0.00378634 0.00974343 0.00237036 0.010002 0.0205317 0.00606487 0.0252023 -0.00395702 -0.025001 0.0365935 -0.0051501 0.0261745 0.0304093 0.0257989 0.0401058 0.0558256 0.0540472 0.0307177 0.0249327 0.0113266 0.0302787 0.0443371 0.0495294 0.0301485 0.0480376 0.0372066 -0.0141786 0.000809488 0.0245778 0.0299591 -0.0259121
internal_weight=53590.4 33868.4 23664.9 19722 10203.5 8810.15 6848.9 1961.25 14989.7 14608.8 13661.3 13066 12042.5 11317.2 10233 9315.87 8235.52 7724.52 7063.15 6278.96 5701.04 4983.27 4287.04 3459.38 2695.9 2061.26 8675.24 7631.59 2956.86 306.952 4674.73 1683.37 1435.47 1230.81 992.99 767.958 512.498 320.374 176.291 12090.4 947.488 1116.92 5731.98 4090.12 3049.66 763.484 436.893 204.659 2667.47 1945.75 516.281 1698.27 377.89 255.46 169.823 131.084 1023.53 717.765 377.721 1348.77 1106.38 225.032
internal_count=487136 241861 179179 245275 62682 49810 38353 11457 101696 99101 93821 89675 84056 78689 72698 65649 59466 55300 51449 45045 41825 36003 32096 25175 20705 14986 77483 85043 36945 3380 48098 12959 10800 9706 7539 5335 3774 2022 1388 160232 5280 7410 30943 21198 15737 4470 2218 1094 13553 9852 3331 8518 2027 1561 1109 751 5619 5822 3022 6736 5494 2204
is_linear=0
shrinkage=0.03


Tree=22
num_leaves=63
num_cat=0
split_feature=16 33 28 28 32 19 1 16 32 19 2 17 19 32 16 32 19 32 2 4 32 19 2 32 19 32 32 19 32 19 16 32 19 19 32 16 19 27 16 19 33 19 16 19 32 19 32 19 32 32 32 22 32 19 33 32 33 32 19 32 19 32
split_gain=12418.6 1829.9 1356.87 1209.07 676.094 544.121 544.044 480.275 443.98 612.22 417.858 390.862 364.507 692.702 395.864 359.589 256.848 328.81 253.81 230.384 229.196 226.66 220.093 219.426 229.11 428.724 198.18 396.788 236.094 404.704 212.413 197.579 373.165 197.29 451.416 196.284 204.068 183.674 187.857 180.858 178.582 272.244 171.731 168.676 284.251 236.162 213.216 210.863 191.048 166.489 166.27 159.745 153.689 226.666 149.192 146.651 143.588 141.778 135.872 260.973 129.5 261.441
threshold=3.5000000000000004 3.6445640381430944 66.500000000000014 33.500000000000007 103.50000000000001 193.50000000000003 106.50000000000001 1.5000000000000002 160.50000000000003 281.50000000000006 253.50000000000003 1.1000000000000003 140.50000000000003 59.500000000000007 1.5000000000000002 217.50000000000003 397.50000000000006 283.50000000000006 95.500000000000014 0.014974151814711602 425.50000000000006 210.50000000000003 389.50000000000006 1922.5000000000002 2895.5000000000005 924.50000000000011 992.50000000000011 1419.5000000000002 604.50000000000011 855.00000000000011 1.5000000000000002 446.50000000000006 605.50000000000011 93.500000000000014 31.500000000000004 1.5000000000000002 281.50000000000006 444.00000000000006 17.500000000000004 1807.0000000000002 3.0027247956403271 1243.5000000000002 1.5000000000000002 1890.5000000000002 1504.5000000000002 3539.0000000000005 905.50000000000011 1273.5000000000002 2359.5000000000005 770.50000000000011 145.50000000000003 0.49355530942821541 333.50000000000006 458.00000000000006 3.9000399680255797 77.500000000000014 4.1633351978903876 1309.5000000000002 114.50000000000001 79.500000000000014 1045.5000000000002 756.50000000000011
decision_type=2 2 2 2 2 2 2 2 2 2 2 2 2 2 2 2 2 2 2 2 2 2 2 2 2 2 2 2 2 2 2 2 2 2 2 2 2 2 2 2 2 2 2 2 2 2 2 2 2 2 2 2 2 2 2 2 2 2 2 2 2 2
left_child=1 7 6 4 12 -6 18 23 21 -10 19 -12 13 33 55 -13 -17 -18 -2 -11 40 -7 -4 24 25 -1 27 28 29 31 -29 32 52 34 51 36 50 38 -20 -28 41 -9 54 46 -45 -46 47 49 -47 -21 -23 -3 53 -19 -31 -14 -56 -41 -15 -60 -30 -62
right_child=2 3 22 -5 5 8 -8 20 9 10 11 15 14 58 -16 16 17 26 37 43 -22 35 -24 -25 -26 -27 39 30 60 42 -32 -33 -34 -35 -36 -37 -38 -39 -40 57 -42 -43 -44 44 45 48 -48 -49 -50 -51 -52 -53 -54 -55 56 -57 -58 -59 59 -61 61 -63
leaf_value=0.029487428702254827 0.013749209432224433 0.0078387056185210968 -0.019769384153559822 -0.013070192838981753 -0.023133078143706007 -0.0039255855428001552 -0.020289619725954069 0.023498667821000449 -0.026854342898029147 0.030711696073659745 0.023269376860418259 0.018920885562621812 0.054605727248518379 -0.020835255954342578 0.012906887607791944 -0.023982343427941255 0.019817768588516353 -0.028418231271784829 0.0024888202649888903 0.0083638638501717759 -0.013454512914798806 0.032202123443277324 -0.028553311605756127 -0.034596039202314896 0.078414962030540297 -0.03510575170111585 -0.031578711672844137 0.040624229414763929 -0.029457971420390319 0.066130252672558495 0.0059705313218700378 -0.022579439504115822 0.021674012821970547 0.032541395233332271 -0.0014861746929015803 0.010708945675074754 0.049636583948951145 -0.013820097446484774 -0.019156433419433631 0.01310304117159621 0.010760511586034985 0.094360263171155145 0.005084623265502115 0.037664539707326923 -0.0198431642738638 0.0524061372206263 -0.018358455151235069 0.033597530903435091 0.0072299019332520021 -0.033526926642393408 0.00071924670118879062 0.027556371580786422 -0.021894401702427489 0.016964336394868846 0.013320603728476139 0.031621816007496285 0.067944262891958221 -0.011074740406536289 0.022031733914728277 -0.020839610663170409 0.015282534496951314 -0.023310770660746265
leaf_weight=5129.8331084474921 659.95921747386456 479.83060169219971 3800.6045642346144 2458.5522283911705 564.21715221554041 300.45849980413914 2709.2971908077598 545.68023024499416 523.63617242127657 584.71088216453791 724.89839749783278 832.13306799530983 402.93601040542126 489.92938348650932 855.00861897319555 445.09000999480486 650.28559623658657 147.17034872621298 2140.7435978129506 2771.2669422402978 269.52495215833187 484.56313393265009 7937.8101169914007 48.982159644365311 83.497883528470993 94.055258847773075 318.0396491587162 307.41927213221788 367.9317235648632 100.21608881652355 330.62185087054968 458.68899175524712 478.69079742580652 727.6080477386713 993.4271491765976 610.1702381297946 382.22867844998837 1720.522767804563 433.90426526963711 267.87352102994919 1674.0846470966935 53.550690501928329 327.603859603405 498.97030156850815 197.40089742094278 117.36997070908546 266.50495335459709 297.84623539447784 298.78714336454868 87.978304050862789 219.57633993774652 1620.6755713969469 515.73966825008392 302.34732215106487 232.0422363653779 662.5851017832756 53.244816437363625 1175.3040340915322 263.77319268882275 247.68414894491434 271.34988008439541 377.66464527696371
leaf_count=24952 5154 3025 50409 26878 4579 2180 33063 3499 4547 3680 4129 5955 1967 3693 6840 3966 4655 1350 20183 19391 2310 2723 113290 425 359 759 3106 1833 3449 549 3017 4129 3513 4431 6775 5083 1817 18048 5128 1978 12131 260 2999 3040 1647 631 2243 1836 2238 736 1504 8970 4677 2217 1395 3694 304 10661 1693 1889 2123 3431
internal_value=-0.000149439 0.0107815 -0.0192991 0.00695136 0.00903434 0.00582784 -0.00948034 0.0234322 0.00682904 0.00498176 0.00618972 0.00218136 0.0170649 0.0126619 0.028119 0.000260143 -0.00191836 -0.000447937 -0.0035693 0.0129867 0.0126932 0.0200812 -0.0257097 0.0285295 0.0291133 0.0283232 -0.00263351 0.000857915 -0.00297383 0.00179395 0.0226757 -0.00542914 1.79857e-05 0.0184821 0.0151738 0.0243346 0.0319831 -0.00623127 -0.00115848 -0.011101 0.015795 0.029851 0.0210681 0.0107006 0.02085 0.00716691 0.00740111 0.00957706 0.0199878 0.00707272 0.0223904 0.0230542 -0.0107197 0.00209657 0.0346384 0.0403205 0.0235461 -0.00658434 -0.00954584 0.00126449 -0.0152392 -0.0071706
internal_weight=53394.1 33991.3 19402.8 26092.1 23633.5 16890 7664.43 7899.21 16325.8 14328.8 13805.2 8684.36 6743.46 4822.93 1920.53 7959.46 7127.32 6682.23 4955.13 5120.84 2542.84 1997 11738.4 5356.37 5307.39 5223.89 6031.95 4270.73 3632.69 2615.74 638.041 1902.64 1443.95 3821.54 3093.93 1696.54 1086.37 4295.17 2574.65 1761.22 2273.32 599.231 713.107 4536.12 1112.53 613.558 3423.6 3157.09 416.157 2859.25 704.139 2100.51 965.257 449.518 385.503 1065.52 285.287 1443.18 1001.39 511.457 1016.95 649.015
internal_count=487136 241861 245275 197166 170288 127311 81576 44695 122732 109425 104878 69436 42977 30476 12501 65307 59352 55386 48513 35442 18200 13307 163699 26495 26070 25711 50731 34986 30136 21133 4850 15886 11757 23201 18770 11127 6044 43359 25311 15745 15890 3759 5247 31762 7556 4516 24206 21963 2869 20127 4227 11995 8244 3567 2248 5661 1699 12639 7275 3582 9003 5554
is_linear=0
shrinkage=0.03


Tree=23
num_leaves=63
num_cat=0
split_feature=16 16 28 33 20 28 1 33 32 20 32 5 19 32 19 36 20 33 5 33 32 19 20 19 36 33 19 20 33 32 32 19 16 17 32 19 33 1 29 32 32 20 33 19 32 32 32 19 32 20 32 36 22 32 19 19 19 33 20 20 33 19
split_gain=11793.6 1718.91 1342.28 1210.51 975.842 631.68 593.23 569.384 470.099 394.683 374.893 370.817 359.128 275.197 430.175 269.931 386.421 401.375 265.975 252.826 250.367 319.719 250.34 238.022 226.792 226.04 222.656 221.598 419.945 220.863 209.223 251.193 207.78 312.544 206.848 237.993 183.529 180.114 179.242 175.266 173.947 172.316 283.432 195.659 203 168.152 160.454 179.556 224.368 208.319 370.856 155.574 153.43 149.852 145.484 142.86 141.914 138.751 255.908 193.512 406.227 319.409
threshold=3.5000000000000004 1.5000000000000002 100.50000000000001 3.8235567207384351 3.8687343358395987 75.500000000000014 106.50000000000001 3.6279631502078424 47.500000000000007 3.67219227313567 36.500000000000007 4.5000000000000009 322.50000000000006 4320.0000000000009 5674.0000000000009 0.87195444573493364 4.1223104626465981 4.1053276573787416 2.5000000000000004 3.1972026604068859 315.50000000000006 446.50000000000006 3.150992531446541 54.500000000000007 0.62508457374830872 4.2500639386189265 485.50000000000006 3.9733020520892111 3.9436664289534682 17.500000000000004 196.50000000000003 281.50000000000006 7.5000000000000009 4.5577777777777788 2226.5000000000005 3539.0000000000005 4.0508859125946088 73.500000000000014 0.068382563063414073 645.50000000000011 160.50000000000003 4.1823216354393065 4.0980580693816 114.50000000000001 67.500000000000014 315.50000000000006 1504.5000000000002 1807.0000000000002 992.50000000000011 3.8014831869779395 1161.5000000000002 1.1065573770491803 0.76696832579185525 924.50000000000011 33.500000000000007 1363.0000000000002 948.00000000000011 4.2000874125874139 4.2328538027781599 4.3683465036529006 4.3987666683567417 387.50000000000006
decision_type=2 2 2 2 2 2 2 2 2 2 2 2 2 2 2 2 2 2 2 2 2 2 2 2 2 2 2 2 2 2 2 2 2 2 2 2 2 2 2 2 2 2 2 2 2 2 2 2 2 2 2 2 2 2 2 2 2 2 2 2 2 2
left_child=1 3 6 4 7 8 18 9 -3 19 23 -10 -6 14 15 27 20 26 -2 22 21 30 39 29 -21 -16 -18 -12 -29 54 31 40 -20 -34 35 46 -15 -4 -35 56 -17 -30 -43 -44 -45 -13 47 48 52 50 -49 -22 -9 55 -5 -26 -1 58 -46 -59 61 -61
right_child=2 5 37 10 12 -7 -8 34 11 -11 13 45 -14 36 25 16 17 -19 32 24 51 -23 -24 -25 53 -27 -28 28 41 -31 -32 -33 33 38 -36 -37 -38 -39 -40 -41 -42 42 43 44 57 -47 -48 49 -50 -51 -52 -53 -54 -55 -56 -57 -58 59 -60 60 -62 -63
leaf_value=0.022330747479003037 0.01452155514253254 0.017557554188906942 -0.020423809178698394 0.020863747348506607 0.038472279694848739 -0.011873417577371859 -0.020643227257487084 0.0032142016763698979 0.01385256168850261 0.049893764259171212 -0.010992073568875044 0.0026815118747554744 0.074848922373913995 0.085903619913468621 0.07557660648080812 0.013018013419198409 0.03331607032482449 0.013012504989404141 -0.0011309025214571449 -0.0010380718092231991 -0.0078355157441925526 0.040786391818570827 0.044433724847940587 0.040710197922829108 0.022295347359708124 0.0036492696123204254 0.075824236976612419 0.05206860284583887 -0.0058883282572046161 -0.00073744586076925057 -0.0084931189327289384 0.042693149198084868 -0.017050584209116572 -0.0058353805021868427 -0.031637103861572938 0.071740771274993134 -0.032427158603893294 -0.028709164346452661 0.068413929454991224 -0.03492504531533186 -0.027153699950994835 0.077241194931481433 -0.012819507284913044 0.050037866760777185 0.0020833763994004429 -0.0074005257934565642 -0.033917567490646304 0.084794396105745892 -0.034311664302086063 0.090657682160857664 -0.033168075958360285 0.0090834290938187085 0.017982315095103937 -0.016023849748362573 0.061836472946621424 0.084217294639943485 0.061991632906572947 -0.0042491557854176789 0.048632822766584156 0.0073600937569609087 0.0006009341806236725 0.075530278164200632
leaf_weight=1219.2869805842638 619.5139884352684 2082.3763057217002 3502.7615346834064 587.33970504999161 798.96660191565752 2542.1659411862493 2997.5007834807038 1174.7894114181399 1699.4774285554886 567.63993714749813 906.20256046950817 3187.3393832668662 352.5446073487401 12.400026887655256 128.24051025509834 1080.2596323564649 339.27969345450401 791.90891302376986 2770.9906499236822 521.44705257564783 1079.8480849862099 350.8677179068327 767.16145589947701 479.75652188062668 1609.4294152855873 56.836596570909023 165.24887108057737 166.25342451781034 1241.6079161688685 452.6713235527277 440.60635821521282 246.51410407572985 1805.4830474629998 55.134527578949928 104.32958104461432 57.447842881083488 207.51463812589645 7277.1594086885452 62.055558808147907 45.360077194869518 106.44556181132793 51.397122211754322 414.36346354335546 106.18164159357548 236.95728991180658 2793.3236216157675 72.478923730552197 41.615683645009995 101.33799858391285 53.397664919495583 56.307518608868122 893.9934853091836 1374.7337351813912 90.522838786244392 90.015980571508408 34.199351444840431 87.045029699802399 1070.2138689830899 192.87787965685129 107.56344106048346 540.98352655023336 145.89066632091999
leaf_count=5689 4959 14436 47328 2939 3826 27274 37888 7892 12059 2507 7275 26846 1548 55 541 6852 1912 5116 26039 3268 8706 1880 3254 2352 8063 429 854 973 9768 2612 3359 1289 21456 584 929 237 2149 106533 488 375 918 270 3037 553 1742 25243 719 191 924 266 396 5929 8020 688 440 158 390 8027 1089 763 3897 937
internal_value=-0.000150532 0.0104127 -0.0190327 0.0154688 0.0237995 0.00144624 -0.00997205 0.0200724 0.00491508 0.0263546 0.00947483 0.00148665 0.0496174 0.00750891 0.00818198 0.00739522 0.0120272 0.0263442 -0.00395092 0.0232983 0.00760509 0.0145054 0.0307414 0.0230034 0.0163041 0.053518 0.047257 0.00248137 0.00533879 0.0154803 0.00958084 0.0151395 -0.00638999 -0.0139675 0.00984601 0.0113241 -0.0257054 -0.0260175 0.033481 0.0229654 0.00941016 0.00344567 0.00748985 0.00621256 0.00949921 -0.00202694 0.0101132 0.0112543 0.00943753 0.0430344 0.0169687 -0.000170986 0.0111789 0.0215202 0.0263215 0.0235906 0.0249803 0.0076198 0.0229847 0.00407526 0.0152923 0.0466257
internal_weight=53215.6 34125 19090.6 21820.3 9130.04 12304.7 8310.68 7978.53 9762.52 4942.09 12690.2 7680.14 1151.51 11080.5 10860.5 10675.5 5494.97 1296.44 5313.18 4374.45 4198.53 2224.69 2118.85 1609.78 2255.6 185.077 504.529 5180.49 4274.29 1130.03 1873.83 1433.22 4693.66 1922.67 3036.44 2932.11 219.915 10779.9 117.19 1351.69 1186.71 4108.04 2866.43 2815.03 2400.67 5980.66 2874.66 2802.18 2650.86 151.321 97.9232 1973.84 2549.52 1734.15 677.356 1643.63 1306.33 2294.49 429.835 1864.65 794.438 253.454
internal_count=487136 241861 245275 136003 49340 105858 91414 43966 78584 24392 86663 64148 5374 78320 76116 75146 36815 7882 53526 21885 28933 14298 9708 8343 12177 970 2766 38331 31056 5991 12418 9059 48567 22528 19574 18645 2204 153861 1072 6454 7770 30083 20315 20045 17008 52089 18408 17689 16836 853 587 14635 15912 8909 3379 8221 6079 16455 2831 13624 5597 1700
is_linear=0
shrinkage=0.03


Tree=24
num_leaves=63
num_cat=0
split_feature=16 16 28 32 19 32 28 19 32 1 19 32 19 32 19 32 19 32 2 19 32 19 32 19 19 32 32 19 32 32 19 32 19 32 19 32 19 32 19 32 2 19 20 19 32 32 19 19 32 32 19 19 32 19 2 2 20 27 27 19 20 20
split_gain=11203.3 1602.23 1324.44 1103.06 803.737 817.465 597.182 575.038 839.655 574.424 550.032 729.836 511.931 743.232 492.557 721.396 542.989 500.349 457.856 400.138 601.12 446.224 489.19 590.555 555.924 516.703 467.455 398.637 642.447 393.954 362.131 454.074 306.755 374.327 302.016 581.032 360.787 340.741 283.658 437.899 263.741 251.267 238.061 222.84 222.811 220.584 219.321 195.764 200.325 190.683 314.258 188.746 187.326 304.142 183.904 183.668 178.649 156.606 150.202 149.157 185.017 143.502
threshold=3.5000000000000004 1.5000000000000002 100.50000000000001 119.50000000000001 169.50000000000003 65.500000000000014 75.500000000000014 89.500000000000014 41.500000000000007 106.50000000000001 228.50000000000003 166.50000000000003 334.50000000000006 229.50000000000003 446.50000000000006 324.50000000000006 605.50000000000011 419.50000000000006 131.50000000000003 826.00000000000011 594.50000000000011 1107.5000000000002 905.50000000000011 1807.0000000000002 1273.5000000000002 770.50000000000011 1230.5000000000002 120.50000000000001 85.500000000000014 208.50000000000003 2237.5000000000005 1504.5000000000002 2951.0000000000005 4320.0000000000009 54.500000000000007 24.500000000000004 35.500000000000007 15.500000000000002 5674.0000000000009 2226.5000000000005 169.50000000000003 22.500000000000004 3.8014831869779395 2394.5000000000005 33.500000000000007 7.5000000000000009 12.500000000000002 3539.0000000000005 2009.5000000000002 497.50000000000006 683.50000000000011 3132.5000000000005 196.50000000000003 269.50000000000006 389.50000000000006 536.50000000000011 3.7193817957866124 444.00000000000006 84.000000000000014 281.50000000000006 3.7794230769230772 4.2613871635610776
decision_type=2 2 2 2 2 2 2 2 2 2 2 2 2 2 2 2 2 2 2 2 2 2 2 2 2 2 2 2 2 2 2 2 2 2 2 2 2 2 2 2 2 2 2 2 2 2 2 2 2 2 2 2 2 2 2 2 2 2 2 2 2 2
left_child=1 3 9 4 5 7 18 8 34 40 -5 59 52 -14 -15 -16 -17 -18 -3 49 61 -22 24 -24 25 -23 56 -7 -29 58 -28 42 -33 38 35 36 37 41 39 47 -2 45 -32 -26 -36 46 -1 48 51 50 -19 -34 53 -13 -4 -31 -25 -42 -20 60 -12 -21
right_child=2 6 54 10 -6 27 -8 -9 -10 -11 11 12 13 14 15 16 17 19 29 20 21 22 23 26 43 -27 30 28 -30 55 31 32 33 -35 44 -37 -38 -39 -40 -41 57 -43 -44 -45 -46 -47 -48 -49 -50 -51 -52 -53 -54 -55 -56 -57 -58 -59 -60 -61 -62 -63
leaf_value=0.018628200409270355 0.0067257529863251151 0.019435553661387151 -0.020094761674333234 -0.014528798258861152 0.043893289635225811 -0.020955473902009615 -0.011626907231009356 0.041727649387897477 -0.0096722050987377312 -0.020373391653237264 0.056734483968407495 -0.025796165246504261 0.037196429502034327 -0.014359178735856869 0.034125382638930994 -0.016484475988489105 0.035936712070112169 -0.03335185172968811 0.016851409609077373 0.029811863213760496 -0.02024455322874235 0.029981615214691146 -0.022768191939886499 -0.028764883519949359 0.050354755719265482 -0.032675801957161001 -0.030466931811048936 0.036274846365276191 -0.0084316625123975752 0.00032836711804697897 -0.035585812693335689 -0.029093842654743879 0.057479651672439631 -0.025513029821100621 0.049006495801202074 -0.0073518007338529189 0.048013911950392139 -0.0041911784648180758 0.051397075697539263 -0.018188522855292977 -0.0029869271076238949 0.046043388030853297 0.061654066121618945 -0.038084615280409781 0.021421955267350971 -9.1191693650602033e-05 0.05731500933529337 0.067747883145498122 -0.023865207420444914 -0.030589290762974577 0.022545361332001784 -0.033632390880854568 -0.026388653016519503 0.01844279391673358 -0.028560043445388969 -0.012980488299256099 0.045863609479738554 -0.015401535735501314 0.0045310291587943776 0.046142048693181767 0.014545236850701032 0.067476270185551634
leaf_weight=497.72482363879681 1515.2173513248563 1599.0893727019429 3425.6883213892579 823.8340797573328 1382.4213495329022 526.8465663343668 2518.5466263070703 1321.3547145500779 754.76809027045965 2946.8579074814916 119.35289025306702 243.7796313688159 861.2561989352107 805.52273268997669 997.4801217764616 794.85712867975235 597.7974314391613 149.10695270448923 1255.8435323908925 614.10354556888342 519.56149849295616 272.5122552216053 631.8683600127697 31.267371200025082 557.24129578471184 209.35082463175058 241.97156608104706 499.75505977123976 686.51165170967579 2302.4528587237 25.70206006616354 229.2648770660162 101.34476457536221 215.02815915644169 670.71920350193977 573.08483382314444 533.83567695319653 408.00896482169628 186.90202114731073 278.55629050731659 2227.1926301345229 431.22589160501957 185.55482390522957 26.769157879054546 435.30872160196304 362.35006715357304 179.63505327701569 102.18071022629738 70.649990566074848 331.45151992887259 230.03899767249823 25.518286377191544 444.5842868834734 327.83009956032038 7118.4469707161188 1568.7465625852346 360.11442244052887 1552.4741653203964 3065.4912537708879 513.50501221418381 433.71374141424894 107.11246406286955
leaf_count=2278 12998 10716 47091 5998 6801 3524 27274 6498 4753 37888 593 1982 4636 6352 5495 6575 3220 1330 9025 3341 4599 1739 5881 247 2882 1841 2159 2754 4521 19332 200 2167 609 2204 3045 3120 2472 2105 970 2436 23229 1960 894 168 2314 1729 818 416 644 2800 1692 260 3661 1951 106770 15136 1780 17299 24375 2372 2651 566
internal_value=-0.000150925 0.010063 -0.0187676 0.0149251 0.0227929 0.0190908 0.00140098 0.0241827 0.019398 -0.009757 0.00917078 0.0108198 0.00847625 0.0105863 0.00801014 0.0102371 0.00687817 0.00982602 0.00475233 0.00708803 0.0100863 0.00580757 0.0094166 0.00259092 0.0266122 0.00275204 0.0103941 0.000755582 0.0104014 0.00188577 0.00344761 0.00922772 0.00213516 0.00944494 0.0247609 0.0197972 0.0262469 0.0200588 0.019275 0.00888026 -0.00384763 0.0267871 0.0497982 0.04629 0.0381554 0.0187939 0.0288993 0.0340476 0.0165725 -0.0139717 0.000551723 0.0391169 -0.0117858 -0.000420164 -0.0258103 -0.00506427 0.0398881 -0.00808722 0.00811251 0.0344922 0.0236638 0.0354184
internal_weight=53026.3 34240.4 18785.9 21930.2 9263.55 7881.13 12310.2 6168.02 4846.66 8241.74 12666.7 11842.9 10776.3 9760.09 8898.83 8093.31 7095.83 6300.97 9791.62 5703.17 4992.57 4271.36 3751.8 2685.92 1065.87 481.863 2054.06 1713.11 1186.27 8192.53 1662.67 1420.7 1209.45 980.18 4091.89 2985.87 2412.78 1878.94 765.152 578.25 5294.88 1470.94 211.257 584.01 1106.03 1039.71 677.36 299.694 197.513 710.597 379.146 126.863 1016.19 571.61 10544.1 3871.2 391.382 3779.67 4321.33 1066.57 553.067 721.216
internal_count=487136 241861 245275 136003 48692 41891 105858 31092 24594 91414 87311 81313 75697 68103 63467 57115 51620 45045 78584 41825 36003 32096 27497 20867 6630 3580 14986 10799 7275 67868 12959 10800 9706 7539 19841 14482 11362 8890 5335 4365 53526 6785 1094 3050 5359 4825 3096 1929 1513 5822 3022 869 7594 3933 153861 34468 2027 40528 33400 5616 3244 3907
is_linear=0
shrinkage=0.03


Tree=25
num_leaves=63
num_cat=0
split_feature=18 33 28 28 20 1 32 32 2 36 33 17 20 33 2 32 33 20 19 33 20 20 33 32 19 32 19 2 32 24 18 19 27 19 32 19 32 19 20 33 20 33 20 32 32 20 32 19 33 20 19 32 33 32 19 32 19 32 19 20 17 18
split_gain=10643.6 1570.2 1306.72 896.214 563.91 556.16 490.463 473.687 395.785 401.319 313.066 307.083 250.691 811.08 249.234 248.603 245.052 355.239 223.62 198.251 240.552 192.067 582.204 341.771 186.208 186.448 239.936 184.924 177.239 172.49 166.939 163.188 150.562 147.888 225.157 320.676 211.21 145.611 179.037 301.058 212.125 447.617 185.436 182.079 298.529 167.299 145.82 143.82 143.803 706.023 224.968 147.391 143.088 205.096 140.612 185.16 165.804 161.789 136.631 135.072 133.668 200.633
threshold=3.5000000000000004 3.7419561886620571 100.50000000000001 29.500000000000004 3.7972401979444239 106.50000000000001 47.500000000000007 199.50000000000003 87.500000000000014 1.0723052925989676 2.4005494505494509 1.5500000000000003 4.0554373522458631 4.0339564407174482 169.50000000000003 869.50000000000011 3.531296641791045 3.5811738648947955 1228.0000000000002 2.9689903846153851 3.0183800623052961 4.1223104626465981 4.0980580693816 315.50000000000006 336.50000000000006 2226.5000000000005 3539.0000000000005 389.50000000000006 741.50000000000011 1.1000000000000003 1.5000000000000002 984.00000000000011 444.00000000000006 995.50000000000011 425.50000000000006 554.00000000000011 311.50000000000006 140.50000000000003 4.2225630538513981 4.2222516946654887 4.3683465036529006 4.3987666683567417 4.5427066461785524 1560.5000000000002 1194.5000000000002 4.4224903100775199 548.50000000000011 261.50000000000006 3.8235567207384351 3.8687343358395987 322.50000000000006 967.50000000000011 4.1265470391814487 1922.5000000000002 427.50000000000006 187.50000000000003 253.50000000000003 127.50000000000001 1639.5000000000002 4.152683059366935 4.5577777777777788 8.5000000000000018
decision_type=2 2 2 2 2 2 2 2 2 2 2 2 2 2 2 2 2 2 2 2 2 2 2 2 2 2 2 2 2 2 2 2 2 2 2 2 2 2 2 2 2 2 2 2 2 2 2 2 2 2 2 2 2 2 2 2 2 2 2 2 2 2
left_child=1 4 5 6 7 14 -3 11 -8 12 -9 47 48 31 -2 18 17 19 28 20 -13 -15 23 -23 -12 26 30 -4 33 -6 -26 59 60 34 35 36 54 -24 52 -40 -41 45 -43 44 -44 -42 -47 -1 49 -10 -51 -50 53 -39 55 56 57 -11 -17 -14 61 -16
right_child=2 3 27 -5 29 -7 8 10 9 15 24 16 13 21 32 58 -18 -19 -20 -21 -22 22 37 -25 25 -27 -28 -29 -30 -31 -32 -33 -34 -35 -36 -37 -38 38 39 40 41 42 43 -45 -46 46 -48 -49 51 50 -52 -53 -54 -55 -56 -57 -58 -59 -60 -61 -62 -63
leaf_value=0.029965010629244587 0.0064923084048024325 0.018138262562738646 -0.019829717685706572 -0.012592249767081528 0.041125707283800196 -0.02010387654102869 0.019026007278132362 0.066455111945647127 -0.0083911940154689831 0.013509946345690712 -0.029582592697926156 0.016852960604274235 0.02251840673464434 -0.011658298193485352 0.0029716215034047682 -0.031950146197467159 0.0071187575751690216 0.043798580849714087 0.038092517069254976 0.012336110021004971 0.045769620825526366 0.019535514811764364 -0.014844229937391502 0.080132496910532452 0.012238539378400084 -0.031697147778863517 0.06644753631405409 -0.028401041988144526 -0.029738780578446981 0.014863163257112427 -0.0057780835173183972 0.072384006372213511 -0.015126791292659252 0.034988998022842145 -0.0082120692082795627 0.034240737219961008 -0.021079022746673684 0.0064097795653938567 0.027266878574877359 -0.0060035827865867397 0.020944893532474848 -0.011274644713533438 0.013944390133550658 -0.034039710751628101 0.10856605344398393 0.047070145113543058 0.1140802431928121 0.061569893865465075 -0.0042636714211407084 0.0085838240558805227 0.067979997421367552 -0.020102289489704304 -0.013367547679020075 0.15156578099511694 0.0298058722771984 -0.0080852021077022825 0.02956853562587497 -0.013712929866459262 0.0012327244707065188 0.059629948311762236 0.017903508366912242 -0.016285880132473569
leaf_weight=1220.0838818326592 1522.4996473714709 3218.5602593645453 3368.2088314965367 2241.9441473409534 1234.8519075214863 2897.5258039683104 1745.8380800113082 72.432389214634895 792.56968177109957 979.43698573112488 146.34434290230274 669.4113018065691 406.12211033701897 873.94546459615231 1105.5304055288434 132.22879756242037 1502.8098523244262 547.28360670059919 316.64597276598215 2136.3209148496389 422.86578757315874 260.42935488373041 490.57302688807249 123.59385941177607 1269.1590062826872 115.53311540931463 60.132883004844189 6946.1581057906151 89.787050627171993 275.90240072458982 728.21063893288374 100.65426875650883 1533.54262162745 254.25334873795509 463.65440690517426 584.80553005635738 186.50460413098335 278.59334004670382 516.48039182275534 1310.0832585766912 159.89747463166714 482.42737653106451 123.41067105531693 40.406968429684639 39.609802730381489 109.31409955769777 40.117793396115303 145.27149423211813 3337.7699698656797 85.566270150244236 175.15854324400425 628.48053742200136 883.72217370569706 8.9487704262137395 344.16635363548994 444.06176917999983 437.54783784598112 245.59472250938416 714.67487650364637 112.99666602164507 246.82330569624901 869.71635938435793
leaf_count=5608 12998 18909 47091 25257 5849 37888 10909 299 6639 6134 1041 3514 2692 7436 10359 1167 9494 2863 1940 12299 2010 1705 3806 719 7811 1053 271 106770 753 2164 6177 568 17299 1683 3588 3624 1523 2136 3397 10701 1228 3783 929 380 216 727 217 636 27024 561 951 5789 7485 57 2151 3327 2606 1807 5593 655 2160 10710
internal_value=-0.000152315 0.00973149 -0.018502 0.00545835 0.0193662 -0.00954334 0.00733741 0.0165287 0.00543961 0.00400821 0.00507864 0.0206501 0.000854449 0.00480977 -0.00374508 0.0109187 0.0173681 0.0214463 0.0138162 0.0176552 0.0280537 0.00128945 0.00361493 0.0390616 0.00315783 0.00536539 0.00744943 -0.0256025 0.011907 0.0363328 0.00566849 0.0374116 -0.00789611 0.0128575 0.0113291 0.0141421 0.00968316 0.000577418 0.00247316 0.00656638 0.00192628 0.0123679 -0.00114111 0.0228695 0.0370059 0.0423209 0.0651446 0.0333342 -0.00415757 0.00569395 0.0485093 -0.00677461 -0.00738514 0.0109888 0.0120261 0.00911871 0.0137158 0.00804917 -0.0039478 0.0306122 -0.00290411 -0.00550648
internal_weight=52817.2 34327.2 18490 23780.6 10546.6 8175.64 21538.6 9035.86 18320.1 16574.2 2391.81 6644.05 11380.9 6361.33 5278.11 5193.36 5278.69 3775.88 4346.46 3228.6 1092.28 5741.55 4867.61 384.023 2319.38 2173.04 2057.5 10314.4 4029.81 1510.75 1997.37 619.773 3755.61 3940.03 3685.77 3222.12 2637.31 4483.59 3993.01 2821.75 2305.27 995.184 685.855 203.427 163.02 309.329 149.432 1365.36 5019.55 1053.29 260.725 3966.25 1171.26 287.542 2450.81 2106.64 1662.58 1225.03 846.904 519.119 2222.07 1975.25
internal_count=487136 241861 245275 180772 61089 91414 155515 53076 136606 125697 16652 36424 89801 48837 53526 35896 30180 20686 29136 17823 5524 44922 37486 2424 16353 15312 14259 153861 27196 8013 13988 3915 40528 26443 24760 21172 17548 35062 31256 21578 18181 7480 5308 1525 1145 2172 944 6244 40964 8151 1512 32813 9678 2193 16025 13874 10547 7941 6760 3347 23229 21069
is_linear=0
shrinkage=0.03


Tree=26
num_leaves=63
num_cat=0
split_feature=16 33 16 16 20 17 29 36 27 27 33 32 2 36 19 20 33 32 2 32 32 19 33 20 20 33 5 19 20 33 33 20 19 33 2 5 23 2 20 20 19 20 33 32 33 19 32 33 20 19 20 19 36 33 20 33 19 20 19 32 32 33
split_gain=10110.9 1460.24 982.659 841.843 519.42 477.677 481.495 444.675 439.545 408.234 319.368 305.415 291.528 263.104 242.22 232.808 520.498 216.388 203.478 202.78 197.009 346.305 200.403 256.85 252.35 651.715 186.254 186.109 230.036 181.498 176.213 432.558 235.415 164.702 161.209 159.031 157.847 151.382 148.524 143.435 142.65 140.15 230.838 136.991 166.177 147.314 132.886 131.386 128.799 236.027 128.771 139.073 124.714 124.139 122.475 261.878 166.156 128.491 117.934 213.479 117.884 163.332
threshold=3.5000000000000004 3.7419561886620571 7.5000000000000009 1.5000000000000002 3.7972401979444239 4.5577777777777788 0.088273491214667668 1.5600000000000001 132.00000000000003 252.00000000000003 2.4005494505494509 37.500000000000007 56.500000000000007 1.0895844998133632 54.500000000000007 3.9702941176470596 3.9000399680255797 190.50000000000003 405.50000000000006 13.500000000000002 4320.0000000000009 2686.5000000000005 3.9803632788065229 4.0034732690939361 4.0946819735786955 4.0980580693816 12.500000000000002 605.50000000000011 4.1223104626465981 4.0540582770270275 3.8235567207384351 3.8098666426383141 360.00000000000006 4.5238237130370633 421.50000000000006 4.5000000000000009 1.0000000180025095e-35 226.50000000000003 2.3868817204301078 3.8687343358395987 22.500000000000004 4.1925692132824564 4.2000874125874139 967.50000000000011 3.9579052842527167 1228.0000000000002 2110.5000000000005 3.8750639713408401 3.7630817983759166 855.00000000000011 4.2994422261583027 524.50000000000011 0.58695652173913071 4.0239623492740551 3.8863598334596499 3.8727546767930439 334.50000000000006 3.9905893673819928 106.50000000000001 69.500000000000014 1560.5000000000002 4.2500639386189265
decision_type=2 2 2 2 2 2 2 2 2 2 2 2 2 2 2 2 2 2 2 2 2 2 2 2 2 2 2 2 2 2 2 2 2 2 2 2 2 2 2 2 2 2 2 2 2 2 2 2 2 2 2 2 2 2 2 2 2 2 2 2 2 2
left_child=1 4 9 11 7 12 -7 10 37 26 38 14 -4 15 19 30 -17 52 -10 40 21 22 23 -18 -24 27 -2 -26 53 -22 31 -13 -33 60 -14 -11 -6 -5 -1 -34 -3 -27 50 45 -45 -32 -9 -47 -19 -50 51 -43 -12 -29 -15 56 57 -56 -44 -60 -23 -62
right_child=2 3 5 8 36 6 -8 46 18 35 17 13 34 54 -16 16 20 48 -20 -21 29 33 24 -25 25 41 -28 28 -30 -31 43 32 39 -35 -36 -37 -38 -39 -40 -41 -42 42 58 44 -46 47 -48 -49 49 -51 -52 -53 -54 -55 55 -57 -58 -59 59 -61 61 -63
leaf_value=0.012972780397229815 0.0049318271558234095 0.017058225772785148 0.0080633680172493387 0.019272450786507581 0.039560360900069341 -0.01257158323369032 0.062268642984092626 0.025347640727983605 -0.0009901421383221819 -0.0022253761020991215 0.0051852162867176976 -0.017905172701207495 -0.020691020173356806 0.0075326345052944286 0.036932027802689789 0.066258161210359559 -0.00026861280119470378 -0.0026566105465121179 -0.011554108197096534 0.002712227656085928 0.069779983383348801 0.086161485889553274 -0.008405723343470237 0.034821637388416614 0.024143980149210507 -0.0090800977237200792 -0.01182074185626637 0.099508237045265846 0.076126530292160585 -0.033331764251355048 -0.0073182187186903152 -0.0032513147846302717 0.026991231502637329 -0.033885314167759945 -0.028518202353858497 -0.017688298956699058 0.015084809434438882 0.0033552944736138799 0.049608361131954444 0.07162561988427503 0.049589174599985381 0.0062034955902004656 -0.016102320413803509 -0.033994516394940555 0.056822216423517001 0.081179680631200762 -0.035199276059316609 -0.0014264610956833007 -0.0029752932168562638 0.059266404750882726 0.05498948301134475 0.046804047629054199 0.017120864389506368 -0.025199663151821514 0.0055023240494350171 0.012644021080822337 0.047516983943929926 0.051389784100082707 0.042790245026320263 0.0013576628789018627 0.052462851150457859 -0.0094231898810678456
leaf_weight=159.3785505220294 1850.7136382162571 409.93194645643234 234.12851396203041 853.28468525409698 1233.2817215174437 260.96623852103949 109.8364328071475 3260.3549105525017 3481.0339349284768 713.48680625110865 1173.1342780292034 303.34725937247276 3652.5490230023861 1546.5499360486865 587.72942352294922 134.62141184508801 319.58892928063869 1560.1380655542016 3105.5335709154606 695.48274800181389 16.804426871240139 55.149401590228081 1156.304894156754 454.35634033381939 488.33005716651678 776.1573606133461 881.77003020048141 8.8355672508478147 153.51709175854921 167.50008987635374 1148.869122594595 131.0348264798522 154.20786140114069 24.546592995524406 6763.8872958011925 3733.4559930488467 294.34041918814182 1455.7154038324952 266.95497822016478 112.33062227070332 172.63559806346893 304.96250429004431 305.57618837058544 266.71997876465321 19.34326496720314 32.789415054023266 32.829531975090504 36.471700973808765 139.88296168297529 89.985499188303947 95.947355918586254 101.12784638255835 2405.0232146680355 36.540434025228024 214.81177818775177 1955.7237303704023 377.90074526518583 73.785492926836014 119.40809275209904 1766.6677635684609 149.1319835036993 51.531544797122478
leaf_count=777 17067 1984 2453 5515 5745 3512 862 16787 30894 7593 7520 2577 49551 10256 2793 659 2292 11568 32211 3852 96 253 9156 2707 2890 6264 10947 46 723 1874 8846 856 1092 234 105165 48125 2268 12074 1217 476 795 1985 2304 2587 151 196 276 284 954 533 483 611 13444 282 1208 12314 1862 346 615 12924 806 399
internal_value=-0.000152518 0.00940613 -0.0182382 0.0052821 0.0186605 -0.0238645 0.00959976 0.0159387 -0.00202291 -0.00960059 0.0109347 0.00963583 -0.0250299 0.00801337 0.0209904 0.00509723 0.00788499 0.00894868 -0.00597155 0.0136547 0.00668417 0.00756968 0.0060673 0.0203296 0.00398895 0.00743742 -0.000473349 0.0341263 0.0585959 -0.0238813 -0.00335477 0.00906569 0.0296513 0.0401656 -0.0257741 -0.0152081 0.0348477 0.00923932 0.035926 0.0458331 0.0267103 0.00214983 0.00538694 -0.00914465 -0.0278254 -0.00475331 0.0247421 0.0376981 0.00043104 0.0213923 0.0237344 0.0163306 0.0132087 -0.000685286 0.0142323 0.0181821 0.0344239 0.0172585 0.00118187 0.00398449 0.0472933 0.0365584
internal_weight=52637.9 34437.1 18200.8 23821.8 10615.3 11021.4 370.803 9087.68 8895.57 7179.43 5794.5 14926.3 10650.6 13060.5 1865.78 8891.72 6686.61 5368.16 6586.57 1278.05 6551.98 6367.68 6087.32 773.945 5313.38 4157.07 2732.48 687.223 198.893 184.305 2205.11 700.921 397.573 280.36 10416.4 4446.94 1527.62 2309 426.334 266.538 582.568 3469.85 2693.69 1504.19 286.063 1218.13 3293.18 69.2611 1790.01 229.868 502.038 406.09 3578.16 45.376 4168.77 2622.22 666.498 288.597 2191.65 1886.08 255.813 200.664
internal_count=487136 241861 245275 180772 61089 161543 4374 53076 80694 83732 36013 100078 157169 90654 9424 64668 47603 34019 63105 6631 46944 44974 43282 4999 38283 29127 28014 3941 1051 1970 17065 5001 2424 1692 154716 55718 8013 17589 1994 1568 2779 25186 18922 12064 2738 9326 17063 480 13055 1487 3079 2596 20964 328 25986 15730 3416 1554 15843 13539 1458 1205
is_linear=0
shrinkage=0.03


Tree=27
num_leaves=63
num_cat=0
split_feature=28 16 32 16 19 32 19 5 32 19 32 19 19 32 32 19 19 32 32 19 32 19 32 19 32 19 32 19 32 19 32 16 23 19 32 19 32 16 17 29 19 19 32 1 19 19 32 5 17 32 19 19 32 0 19 32 32 19 19 36 1 32
split_gain=9670.67 2003.79 1172.33 646.502 563.277 796.212 551.645 538.744 495.905 633.78 561.909 543.375 474.922 809.614 451.646 524.382 382.553 535.809 375.611 613.202 456.873 456.257 536.693 499.396 634.224 606.409 513.146 406.302 366.632 387.375 324.777 291.984 326.95 283.836 586.76 332.481 347.067 280.644 277.605 815.837 265.575 245.142 298.864 244.168 239.395 314.487 211.264 185.629 181.28 176.894 269.1 170.007 155.249 146.806 145.13 274.513 144.139 298.208 144.131 141.506 133.333 133.213
threshold=27.500000000000004 2.5000000000000004 109.50000000000001 5.5000000000000009 157.50000000000003 63.500000000000007 193.50000000000003 11.500000000000002 160.50000000000003 281.50000000000006 199.50000000000003 354.50000000000006 89.500000000000014 40.500000000000007 271.50000000000006 458.00000000000006 120.50000000000001 85.500000000000014 333.50000000000006 605.50000000000011 425.50000000000006 826.00000000000011 594.50000000000011 1191.5000000000002 905.50000000000011 1807.0000000000002 1270.5000000000002 2237.5000000000005 1504.5000000000002 2951.0000000000005 4320.0000000000009 10.500000000000002 1.5000000000000002 54.500000000000007 23.500000000000004 33.500000000000007 13.500000000000002 1.5000000000000002 4.37638888888889 0.073570906854265164 19.500000000000004 228.50000000000003 133.50000000000003 121.50000000000001 2394.5000000000005 1419.5000000000002 7.5000000000000009 4.5000000000000009 4.3656019656019662 497.50000000000006 683.50000000000011 446.50000000000006 31.500000000000004 1.5000000000000002 73.500000000000014 50.500000000000007 715.50000000000011 1013.5000000000001 12.500000000000002 1.3531968410734434 10.500000000000002 741.50000000000011
decision_type=2 2 2 2 2 2 2 2 2 2 2 2 2 2 2 2 2 2 2 2 2 2 2 2 2 2 2 2 2 2 2 2 2 2 2 2 2 2 2 2 2 2 2 2 2 2 2 2 2 2 2 2 2 2 2 2 2 2 2 2 2 2
left_child=1 2 4 59 5 12 -4 31 41 -10 -11 -12 13 33 51 -16 -7 -18 -17 -20 -21 49 -23 56 44 -26 -27 -28 -29 -30 47 32 -3 34 35 36 40 -6 60 -40 46 42 -8 -41 45 -25 58 -31 -33 50 -22 -13 -35 -9 -15 -56 57 -24 -1 -2 -5 -47
right_child=3 7 6 38 37 16 8 53 9 10 11 14 -14 54 15 18 17 -19 19 20 21 22 23 24 25 26 27 28 29 30 -32 48 -34 52 -36 -37 -38 -39 39 43 -42 -43 -44 -45 -46 61 -48 -49 -50 -51 -52 -53 -54 -55 55 -57 -58 -59 -60 -61 -62 -63
leaf_value=0.015617402985323194 -0.014312544883074407 -0.00074342841077849984 -0.020907032659967059 0.00038748091759842416 0.041716148540775655 -0.019009464990656279 0.026903717775830116 0.014101981654091423 -0.023053609331957475 0.028213878945483849 -0.022631437418547239 0.011740704586865391 0.035013414486520331 -0.022956980971188853 -0.024917260117282736 0.023541067090200509 0.029681762813285103 -0.012703536435474725 -0.019919343952165009 0.027619504175528393 -0.034399011329926232 0.027136496909286 -0.022902790130917304 0.012437978070048645 -0.023302434423492058 0.031577419991620094 -0.034285045942451506 0.037906485747064685 -0.02974509395911407 0.031702690010545667 -0.025011253371668703 -0.019489224840139031 0.016421332958789198 0.041629692388852946 -0.0069142482726982264 0.039487296446683307 -0.0044494862862606366 0.017926384265646491 -0.022254815921675053 0.072297262466569173 0.041222066616857823 0.028531231317879092 -0.015085970810136101 -0.016050850116251215 -0.02547247919609047 0.019054620579574397 -0.0082801568103565808 0.0053867870341957726 0.02290684722816563 -0.030806546674729048 0.015046886374980521 0.032208171416772576 0.02121907779286775 -0.014869654783404445 0.022813389279402831 -0.020465547816258225 -0.029615437258705586 0.020873210486900537 0.045504060595954909 -0.0011468473550894393 -0.027377408327509348 0.052922028797483853
leaf_weight=607.95100752264261 4173.6417048349977 3346.5435830950737 618.52433159947395 158.30241920053959 1335.4028865620494 703.81267630308867 303.82399737089872 164.99881712347269 645.76217919588089 1071.6994751542807 585.39964855462313 691.64822106808424 1598.3311432152987 395.77511119842529 508.32030192762613 1023.1006865352392 561.8717854693532 513.67925008386374 848.35571748018265 855.38210195302963 156.19902968406677 1017.9769773334265 371.09497176110744 476.73391559720039 718.09221226722002 623.97142660617828 262.44676128029823 269.94093593209982 314.39448744803667 362.70430388301611 230.44184325635433 770.0945485830307 1423.2922570481896 790.29107554256916 738.85768579691648 800.13625232130289 521.84648241102695 671.44432358443737 795.15400560200214 122.93296885490417 524.23366319388151 1437.2155580669641 306.13958758860826 36.399113416671753 73.09115282446146 136.06083701550961 261.55398765951395 721.23972783982754 102.74948915094137 401.66881511360407 270.33843017369509 775.71870791167021 584.75627216696739 3347.1196642443538 262.51708449423313 264.88927409052849 403.37658328562975 224.7646858394146 191.06007331609726 892.33936763554811 8631.7326889187098 457.57406713068485
leaf_count=2859 49956 29227 4536 1992 6354 4764 1832 1754 5213 6152 4905 4667 8333 2548 4345 6391 3196 3450 7206 5170 1433 6229 3260 3366 6788 3698 2470 1583 2982 2168 2422 9015 11487 3804 4047 3905 2684 4715 11979 1095 2477 8152 2295 519 534 890 1281 5769 978 3496 2038 4529 3094 39261 1477 1801 3655 1667 911 9858 136021 2453
internal_value=-0.000152236 0.00792696 0.0118503 -0.0206886 0.0193408 0.0162359 0.006906 -0.00428288 0.0079461 0.00599398 0.00734854 0.00559838 0.0204946 0.0165893 0.00695397 0.00481819 -0.00181375 0.00943661 0.00629784 0.00437885 0.00684884 0.0044767 0.00708699 0.00347106 0.00760904 0.00127581 0.0076145 0.000693409 0.00553136 0.000161932 0.00731954 0.00145823 0.00437805 0.0213372 0.016954 0.023022 0.0167652 0.0337594 -0.0252083 -0.00983581 0.0237525 0.021768 0.00582524 0.0520981 0.0270078 0.0305963 0.0151115 0.0141974 -0.014493 -0.0165209 -0.00305711 0.0225643 0.0329542 -0.0135074 -0.00922802 0.00107114 -0.0157674 -0.00638425 0.0227725 -0.0119942 -0.026877 0.0451692
internal_weight=52456.9 37646.4 28491.6 14810.5 11328.4 9321.56 17163.2 9154.8 16544.7 14497.5 13851.7 12780 7542.2 5943.87 12194.6 10727.3 1779.36 1075.55 10218.9 9195.85 8347.49 7492.11 6663.9 5645.93 4646.69 3503.23 2785.14 2161.17 1898.72 1628.78 1314.39 5642.68 4769.84 5020.69 3645.64 2906.78 2106.65 2006.85 9744.52 954.486 1584.8 2047.18 609.964 159.332 1143.46 1070.37 1060.57 1083.94 872.844 828.206 426.537 1467.37 1375.05 3512.12 923.181 527.406 999.236 595.86 799.011 5065.98 8790.04 593.635
internal_count=487136 275716 183994 211420 61700 50631 122294 91722 117758 105479 100266 94114 39221 30888 89209 80013 11410 6646 75668 69277 62071 56901 49934 43705 35123 27880 21092 17394 14924 13341 10359 50707 40714 25062 18164 14117 10212 11069 151606 13593 7528 12279 4127 1614 7243 6709 5051 7937 9993 6967 3471 9196 6898 41015 5826 3278 8582 4927 3770 59814 138013 3343
is_linear=0
shrinkage=0.03


Tree=28
num_leaves=63
num_cat=0
split_feature=28 36 2 33 17 1 2 33 28 20 33 17 17 20 20 17 21 33 20 20 33 33 20 17 23 17 24 23 28 19 27 17 4 20 35 19 27 19 33 20 24 20 20 33 36 20 20 20 33 24 17 20 19 1 23 33 27 28 33 20 33 33
split_gain=9215.01 1567.98 690.494 414.511 557.899 473.823 413.376 374.754 289.228 272.946 258.695 252.123 254.607 263.873 235.343 225.629 181.203 165.757 361.891 175.296 253.387 131.359 131.613 121.66 399.867 127.271 119.164 188.379 165.479 114.819 113.835 105.9 103.246 101.658 94.3573 89.0223 87.9677 96.0767 86.8129 242.912 113.384 83.887 82.8155 92.2404 87.2244 126.52 77.4299 75.7161 200.803 74.1478 99.034 74.0396 73.1682 71.5581 136.698 69.7477 69.0997 67.3278 65.7765 70.5386 131.477 65.7221
threshold=27.500000000000004 1.1733867499311865 87.500000000000014 3.3637417044137794 4.8944444444444457 102.50000000000001 437.50000000000006 3.4386291006326228 466.50000000000006 3.4036780471713679 2.4005494505494509 1.9166666666666667 4.8944444444444457 3.8687343358395987 3.5037006802721096 3.0071428571428576 1.5000000000000002 3.7875744707259127 3.8897075166700348 4.0331200487507628 3.9629927355007744 3.1416049194102822 3.150992531446541 4.3545026881720439 7.5000000000000009 3.4009803921568631 4.8352713178294584 5.5000000000000009 226.50000000000003 360.00000000000006 1.0000000180025095e-35 3.0071428571428576 0.014974151814711602 2.3868817204301078 2.9726533628972658 35.500000000000007 636.00000000000011 117.50000000000001 3.8235567207384351 3.8493980048159622 1.5357142857142858 4.47295321637427 4.4224903100775199 4.387355665524681 0.026519369395768554 4.063771086522765 3.7306828835052062 2.9849385908209443 2.9689903846153851 4.4555335968379453 4.5978723404255328 3.8061669829222011 797.50000000000011 10.500000000000002 11.500000000000002 2.5334130781499207 1.0000000180025095e-35 97.500000000000014 3.7785311513591373 3.9443584451324392 3.8868228723991729 2.4005494505494509
decision_type=2 2 2 2 2 2 2 2 2 2 2 2 2 2 2 2 2 2 2 2 2 2 2 2 2 2 2 2 2 2 2 2 2 2 2 2 2 2 2 2 2 2 2 2 2 2 2 2 2 2 2 2 2 2 2 2 2 2 2 2 2 2
left_child=1 2 32 9 5 16 8 14 23 10 33 -9 31 -14 21 -8 17 18 51 -19 34 22 61 25 -25 53 -17 -28 -29 -15 -20 56 -1 -4 -21 -24 -11 -38 39 -7 -41 58 44 -44 45 -22 -6 -12 -49 -26 -51 -5 -32 54 -2 -39 -13 -52 -34 -60 -61 -3
right_child=6 7 3 4 46 38 15 11 -10 36 47 12 13 29 -16 26 -18 19 30 20 42 -23 35 24 49 -27 27 28 -30 -31 52 -33 41 -35 -36 -37 37 55 -40 40 -42 -43 43 -45 -46 -47 -48 48 -50 50 57 -53 -54 -55 -56 -57 -58 -59 59 60 -62 -63
leaf_value=0.032429824993357753 0.017733100753942386 0.036070150142172061 0.011947201024410979 0.00079980060665167251 0.048910511537686954 -0.010028074889228692 -0.0067096913182679132 0.022287650730427846 -0.022514130203339592 0.013613993105997625 -0.010256146668287874 0.0282287251043324 0.012411699295397444 0.027703964827646629 0.043297839593596232 -0.027236944958566971 0.087376674428189263 -0.0064225050625383983 -0.0047589147577315801 0.0066879282525609367 -0.016847775023481476 0.013776037215451804 0.019753104196131674 -0.006762633212974733 0.015214914303444637 -0.015772422698943758 -0.017692752830884027 0.12709441400190144 -0.026019590026213395 0.058771381060206053 0.03583195100798986 -0.00068746520825351844 0.024916575020579226 0.047049478917341951 0.044007755527678355 0.049267002216767497 0.032416581636616509 -0.0056667639708044004 -0.013111531892232992 0.035532829294968059 -0.0088831469500357616 0.037529499902173524 0.033911355161790994 0.0044230988671844816 -0.0024594958120586242 0.032704198323353514 0.0071283520513320169 0.036801234050359434 -0.00031001555650572845 0.10076703188094147 0.092488809370353045 0.016330601224746253 0.070912841535370003 -0.0023893981058178727 0.19068561705943288 0.075509631032005864 0.0080577407115510688 0.001607826477065533 -0.00086969697712085145 0.048725662140540082 0.011788872547702058 0.018138636589075535
leaf_weight=407.76647789031267 28.423065312206745 231.74425827711821 124.35441409796476 1662.5318467095494 40.061862997710705 1155.3891118392348 586.06244554743171 2168.1785721629858 2390.799363847822 134.88657826930285 321.10244525969028 165.82022675871849 2114.6332527250051 463.97727016359568 550.8269339427352 7145.011033449322 21.793429814279079 3250.4055847227573 45.05746740847826 93.475834250450134 67.078439563512802 1098.1414058208466 128.92304237931967 857.74798220023513 30.708583135157824 2100.7312164194882 774.36515918001533 15.332289047539236 10.700599793344734 139.65251874923706 169.82027249038219 1542.9083307832479 406.40837115049362 185.51583084464073 176.59071666747332 326.08172693103552 261.6765177026391 10.559119686484335 3350.6333299204707 177.14887264370918 72.857446610927582 149.73053701967001 130.92876289784908 353.09500969201326 2696.5220495685935 149.33518540859222 7447.4554969966412 162.55450626462698 678.17885063588619 42.857900455594063 10.856597818434237 331.33861672133207 78.87699007242918 529.87295010313392 4.7260695025324813 90.144034929573536 1967.0773210525513 22.42693030834198 333.07999382168055 94.309039205312729 1078.6442655697465 903.71474976837635
leaf_count=2358 311 1115 637 12645 220 10528 7338 11373 34303 1202 2236 1240 12697 2292 2825 113565 142 27784 387 834 560 6129 611 9879 360 28284 9795 133 172 671 1003 14551 2406 976 1202 1552 1341 93 34887 1179 840 856 955 2860 22623 1049 52224 908 4688 430 65 2281 442 6494 56 467 13353 235 2253 516 6993 4732
internal_value=-0.000153564 0.00767138 0.00354262 0.00195264 0.00074432 -0.00279427 -0.0204337 0.0167353 -0.014412 0.0151263 0.00862975 0.013446 0.0104471 0.0174089 0.0254276 -0.0246815 0.0011703 0.000964929 0.00796535 -0.00134979 0.00314584 0.0217639 0.027276 -0.0090721 5.3655e-05 -0.0123777 -0.0260067 -0.0150183 0.0641847 0.0349051 0.039047 0.00529773 0.0186294 0.0329806 0.0311089 0.0409172 0.0343419 0.0420432 -0.0104862 -0.00422432 0.0225786 0.0158977 0.000920973 0.0124112 -0.000987623 0.0173308 0.00735296 0.00213033 0.00686534 0.0547552 0.070622 0.00338288 0.0469943 0.000283683 0.0429805 0.066971 0.00962857 0.03153 0.0142007 0.0113055 0.0147652 0.0218039
internal_weight=52261.6 37711 25909.3 23439.4 21470.4 13982.9 14550.6 11801.7 6019.15 1968.97 1471.71 8562.25 6394.07 2718.26 3239.43 8531.47 9226.85 9205.06 2287.63 6917.43 3667.03 2688.61 1590.46 3628.35 964.598 2663.75 7945.41 800.398 26.0329 603.63 293.755 3675.81 2469.94 309.87 270.067 455.005 497.266 362.38 4756.03 1405.4 250.006 2062.17 3396.96 484.024 2912.94 216.414 7487.52 1161.84 840.733 106.85 76.1414 1993.87 248.697 563.022 33.1491 100.703 2132.9 33.2835 1912.44 1506.03 1172.95 1135.46
internal_count=487136 275716 202575 187193 174645 122201 211420 73141 80417 12548 9445 56177 44804 15660 16964 131003 74767 74625 16758 57867 30083 14139 8010 46114 10969 35145 123665 10100 305 2963 1832 29144 15382 1613 2036 2163 3103 1901 47434 12547 2019 13024 28047 3815 24232 1609 52444 7832 5596 1090 730 14926 1445 6861 367 560 14593 300 12168 9762 7509 5847
is_linear=0
shrinkage=0.03


Tree=29
num_leaves=63
num_cat=0
split_feature=28 36 1 32 1 32 1 17 0 28 19 17 32 33 32 19 32 19 21 4 33 22 24 29 19 33 20 20 33 20 27 33 33 32 19 19 32 36 5 17 29 17 32 19 33 19 32 20 33 32 20 33 20 33 33 32 20 32 20 33 32 20
split_gain=8779.75 1458.92 584.419 410.461 410.187 384.849 367.311 291.474 339.914 279.172 257.136 230.087 217.463 187.859 160.396 234.529 196.802 182.573 159.722 158.506 156.366 149.021 126.732 321.082 126.174 120.789 318.377 250.037 379.509 116.118 112.37 109.313 109.244 108.157 151.184 114.753 229.221 132.358 111.351 108.144 469.468 116.425 99.6983 132.476 98.308 127.998 93.5504 92.2605 487.259 235.096 108.901 151.287 120.91 204.942 91.9545 129.07 91.2157 89.4703 88.528 81.4776 153.159 126.284
threshold=27.500000000000004 1.1733867499311865 97.500000000000014 129.50000000000003 77.500000000000014 295.50000000000006 13.500000000000002 4.825757575757577 2.5000000000000004 471.50000000000006 228.50000000000003 3.0071428571428576 41.500000000000007 2.4005494505494509 184.50000000000003 360.00000000000006 267.50000000000006 458.00000000000006 1.5000000000000002 0.014974151814711602 3.5003671071953018 0.67424242424242442 4.8352713178294584 0.096186888712661858 93.500000000000014 3.7846231624795834 3.8897075166700348 3.9702941176470596 3.8977706780262693 3.4924533361668115 36.000000000000007 3.6365271419228256 2.0064102564102568 992.50000000000011 1807.0000000000002 797.50000000000011 329.50000000000006 2.2857667681326759 3.5000000000000004 4.3545026881720439 0.073570906854265164 3.4009803921568631 530.50000000000011 1399.0000000000002 3.1709693537641579 129.50000000000003 67.500000000000014 4.1223104626465981 4.0900160771704188 353.50000000000006 4.2225630538513981 4.2222516946654887 4.4480769230769246 4.3987666683567417 4.1265470391814487 1922.5000000000002 3.6854497354497355 178.50000000000003 4.1693611473272503 4.0411107157682506 3700.5000000000005 4.0781053211586906
decision_type=2 2 2 2 2 2 2 2 2 2 2 2 2 2 2 2 2 2 2 2 2 2 2 2 2 2 2 2 2 2 2 2 2 2 2 2 2 2 2 2 2 2 2 2 2 2 2 2 2 2 2 2 2 2 2 2 2 2 2 2 2 2
left_child=1 2 6 20 9 7 -1 8 -4 39 -5 -6 -8 -12 -15 -16 -17 -18 19 -14 29 -22 -13 -24 -21 26 32 -27 30 44 -29 56 -26 35 -35 36 -19 -37 -36 41 -41 -2 -39 -44 45 46 -3 59 49 -49 54 -52 -53 57 55 58 -10 -54 -50 60 61 -30
right_child=4 3 5 10 11 -7 12 -9 31 -11 13 22 18 14 15 16 17 33 -20 24 21 -23 23 -25 25 27 -28 28 47 -31 -32 -33 -34 34 38 37 -38 42 -40 40 -42 -43 43 -45 -46 -47 -48 48 50 -51 51 52 53 -55 -56 -57 -58 -59 -60 -61 -62 -63
leaf_value=0.018321832479844879 0.00067868527403239828 0.02539577989442238 0.029682343625807496 -0.021915679267042059 -0.0064885480613215358 -0.011421663091922945 0.011977770997312212 0.013558593698248848 -0.0010098141815630607 -0.022219149747121858 0.065884961423242877 -0.026865073833305653 0.014893485936189136 0.023151308216026022 -0.014400266786008493 0.026753496901517612 -0.02632486084626133 0.026206232246363322 0.074222731557450919 -0.015105446145155608 0.0064162161774439968 0.020628874787761983 -0.017152329425006364 0.11610817994999773 0.068553371275527838 -0.0064789119643342465 0.049204035932166081 -0.004232600154234609 -0.0022605496823797731 0.036090845547915106 0.049934584480876232 -0.0085118577092470407 0.0048599001807684058 -0.03236680743498821 0.028099705291583996 0.011727516342065382 -0.0060810781989273973 0.05004042917138328 -0.00030792680885719767 -0.0074083777173654169 0.059660559257148131 -0.015129739187352369 0.0038641570481533719 0.04406920552807831 0.014415494285467619 0.048743752995415161 -0.017001236187443723 0.024332750263501766 -0.006519459757035731 0.078625708320664164 0.020741704233281234 -0.0027173876335713472 0.029763154073651689 0.0061421637773640307 -0.011719944893051936 0.12872612516038967 0.023549014556497973 0.093740829745796297 0.026753339880964892 -0.009460232605850355 0.075893271235771442 0.023192154542092343
leaf_weight=2076.7316095232964 533.36426950991154 1135.0376330167055 270.4513990804553 217.00495145469904 610.67427943274379 3164.8863594830036 3131.483259908855 1401.3955832645297 643.88870179653168 2183.1345705874264 56.265036731958389 7258.9605327099562 931.86242151260376 800.92279854416847 367.05476976186037 583.5348774716258 134.59566240757704 291.50163976848125 28.29505430161953 373.92515908926725 903.80874593555927 2510.1639575958252 815.4330862313509 16.499986588954926 24.467309832572937 2728.0174994319677 164.66832421720028 41.288045942783356 1350.3602517694235 795.59827231615782 205.1160339936614 2427.1485390886664 1845.1758214756846 110.27335039526224 153.00003503262997 1002.0328120216727 615.48772770166397 162.78032698482275 656.44245998561382 820.46086424589157 105.97199813649058 1953.9715113267303 174.56361106783152 127.89047840237617 814.27701620012522 216.76540078222752 48.704049102962017 338.65279772877693 220.52929071336985 91.166299872100353 475.13706429302692 1407.7938107550144 44.536079280078411 437.20945502072573 748.69134526699781 7.5853737294673911 172.42834614962339 35.617837890982628 106.66217404603958 812.49749217927456 24.903101079165936 201.51879184693098
leaf_count=12704 6480 5449 1452 1444 7676 31066 20468 9251 4845 31753 238 117910 6914 4850 2610 3738 1022 1760 176 2776 6418 14405 10495 120 106 22374 946 340 10801 4094 1225 24523 13397 984 921 7352 4405 912 5030 9637 853 26496 1082 704 4412 1068 243 2218 1776 488 3166 11162 297 3307 6316 43 1301 171 729 6797 110 1330
internal_value=-0.000152568 0.00741975 0.00343158 0.0161273 -0.0201774 -0.00326242 0.00646127 0.00199069 -0.00262214 -0.0138401 0.0100729 -0.0242531 0.00489979 0.0113995 0.0108059 0.00854679 0.0106472 0.00790437 0.00314673 0.00298651 0.0212658 0.0168674 -0.0255934 -0.0144921 0.00203661 0.00260367 0.00922394 0.00115157 0.00433047 0.0262522 0.040848 -0.00531755 0.00569866 0.00930468 0.000566924 0.012688 0.00429433 0.0178738 0.00506076 -0.00848019 0.000265819 -0.0117388 0.0311001 0.0208834 0.0227152 0.0275372 0.0236476 0.00290175 0.00573788 0.0358711 0.00201832 0.0055825 0.0018387 0.0142402 -0.00587469 0.00718822 0.00417625 0.0583115 0.00432294 -0.00174255 0.00223273 0.00104395
internal_weight=52110.3 37811.8 25934.1 11877.7 14298.5 8080.2 17853.9 4915.31 3513.92 5596.9 5453.35 8701.57 15777.2 5236.35 5180.08 4379.16 4012.1 3428.57 12645.7 12617.4 6424.36 3413.97 8090.89 831.933 11685.5 11311.6 2034.31 9277.28 6549.27 3010.38 246.404 3243.47 1869.64 3293.97 919.716 2374.26 906.989 1467.27 809.442 3413.77 926.433 2487.34 465.234 302.454 2214.78 1400.51 1183.74 6302.86 3913.58 429.819 3483.76 2400.29 1925.16 517.363 1083.47 334.777 816.317 80.1539 327.191 2389.28 1576.78 1551.88
internal_count=487136 275716 202575 73141 211420 72438 130137 41372 32121 75219 37052 136201 117433 35608 35370 30520 27910 24172 96965 96789 36089 20823 128525 10615 89875 87099 14449 72650 50276 15266 1565 30669 13503 23150 6935 16215 6165 10050 5951 43466 10490 32976 2698 1786 11172 6760 5692 48711 29673 2706 26967 18103 14937 3775 8864 2548 6146 468 2505 19038 12241 12131
is_linear=0
shrinkage=0.03


Tree=30
num_leaves=63
num_cat=0
split_feature=16 16 33 28 20 28 2 33 32 2 20 19 22 32 23 16 33 20 33 20 33 20 2 32 19 19 32 2 19 32 19 32 19 32 19 32 19 32 19 32 19 19 32 19 33 32 19 32 19 32 32 36 33 19 32 19 32 20 32 22 19 32
split_gain=8567.16 1562.23 857.288 799.626 687.825 613.253 470.026 411.123 363.973 335.386 319.674 283.81 273.821 202.601 197.612 226.862 184.32 190.423 204.956 179.914 357.338 177.674 172.494 172.288 195.81 161.077 183.539 159.874 151.549 289.372 199.675 295.864 227.726 268.828 231.614 157.015 200.093 261.399 173.209 150.859 209.505 166.464 147.524 194.71 178.906 152.835 239.972 386.418 194.661 307.555 142.573 138.99 136.889 192.82 135.313 147.572 185.631 164.001 308.919 133.823 132.127 135.318
threshold=4.5000000000000009 1.5000000000000002 3.8235567207384351 103.50000000000001 3.8687343358395987 88.500000000000014 166.50000000000003 3.6279631502078424 107.50000000000001 521.50000000000011 3.67219227313567 322.50000000000006 0.49539435656218017 40.500000000000007 2.5000000000000004 20.500000000000004 3.5429261559696346 3.5373207469307753 3.1972026604068859 4.0099334702258735 3.9803632788065229 3.150992531446541 684.50000000000011 2226.5000000000005 3539.0000000000005 83.500000000000014 55.500000000000007 249.50000000000003 123.50000000000001 91.500000000000014 189.50000000000003 137.50000000000003 258.50000000000006 199.50000000000003 354.50000000000006 263.50000000000006 524.50000000000011 363.50000000000006 629.50000000000011 530.50000000000011 929.50000000000011 909.00000000000011 4320.0000000000009 5674.0000000000009 4.0540582770270275 715.50000000000011 1370.0000000000002 924.50000000000011 2068.5000000000005 1504.5000000000002 645.50000000000011 0.62508457374830872 3.8977706780262693 4325.5000000000009 1504.5000000000002 1807.0000000000002 992.50000000000011 3.8014831869779395 1161.5000000000002 0.49539435656218017 63.500000000000007 26.500000000000004
decision_type=2 2 2 2 2 2 2 2 2 2 2 2 2 2 2 2 2 2 2 2 2 2 2 2 2 2 2 2 2 2 2 2 2 2 2 2 2 2 2 2 2 2 2 2 2 2 2 2 2 2 2 2 2 2 2 2 2 2 2 2 2 2
left_child=1 2 4 9 7 6 -3 10 59 14 16 -6 19 60 -2 -16 17 18 21 -4 -21 50 -10 24 54 -15 -27 -5 -28 -30 -31 -32 -33 -34 -35 -36 -37 -38 -39 41 -41 -40 43 45 -44 -42 -47 -48 -49 -50 -1 -20 53 -51 55 56 -9 58 -57 -8 61 -14
right_child=3 5 12 27 11 -7 8 23 22 -11 -12 -13 13 25 15 -17 -18 -19 51 20 -22 -23 -24 -25 -26 26 28 -29 29 30 31 32 33 34 35 36 37 38 39 40 42 -43 44 -45 -46 46 47 48 49 52 -52 -53 -54 -55 -56 57 -58 -59 -60 -61 -62 -63
leaf_value=0.019770432527573278 -0.0112003114088658 0.014216032066971796 -0.008062996919465026 -0.016621595411970887 0.030858281314515713 -0.011901181612476931 0.00059811880338045604 0.0087228607564833662 -0.0013122597523261221 -0.020066131866709611 0.042335738323371758 0.06241731989948876 0.020685407940782774 -0.017116045879788877 0.0093243038685393072 -0.018898995339427762 0.0011137373588094488 0.037838536831476074 -0.010298636995487281 0.04059801893127328 0.0016134202629559619 0.036383499376225939 -0.012628897100857453 -0.03117002787253647 0.063127063261853869 0.034010835784018985 -0.010446023821858379 -0.027419043190391634 0.031602425456666597 -0.013175705537603496 0.030866698955981431 -0.017280646236454967 0.026932602429651429 -0.0233945570929735 0.023977063679207471 -0.011190685235264682 0.033560428346072459 -0.01820614249396843 0.012299594651938929 -0.022086115065123882 0.024846643054340797 0.051820352861452257 0.072958017631046437 0.046099975093364665 -0.033469384790540138 -0.02037514051293891 0.044561250121974087 -0.016307731176355391 0.039956261944950042 -0.034383158647348477 -0.03479881688900377 0.013992092204240992 -0.015485886248434756 0.077558764812375877 -0.033697159727911645 0.072629987274071578 -0.033962043266815678 0.077219729334636736 -0.033352843540755378 0.012598606707036181 0.035705243546402872 -0.0043681295868158287
leaf_weight=1356.3231185972691 2313.748029384762 2653.1657096669078 1371.4961143881083 1500.6177788935602 836.18184258043766 3096.5836425423622 1435.6812922805548 2616.0201203599572 3991.5144731402397 2416.8623316511512 588.21493035554886 370.65100077539682 880.29844972491264 218.28278491646051 1126.1801630780101 331.7126869186759 474.06023045629263 520.35998778045177 260.20948512107134 236.53368510305882 2003.1799969300628 720.17172665894032 1741.3252049311996 99.353318884968758 58.800809249281883 255.43161131441593 374.38844668120146 7008.591253221035 480.60839501768351 395.45006845146418 502.51884351670742 331.36625210940838 618.54584456980228 231.02456124126911 461.12423810362816 556.65695635974407 330.42088723182678 254.69030781835318 369.58482600748539 240.80399318039417 353.49899905174971 129.64689306914806 15.869022838771341 123.52756753563881 128.74728699028492 313.58471259474754 223.92820615321398 366.55711681395769 213.90163319557905 22.198237985372543 44.377442099153996 1140.0043764933944 266.51027476042509 36.39795283973217 68.696800328791142 44.446657210588455 94.903101526200771 57.874720111489296 55.575772486627102 2005.0583860129118 376.25265428423882 248.59506970643997
leaf_count=6079 23989 17882 10839 22553 3826 37710 11313 15912 35119 34698 2507 1548 4201 1622 11640 4243 2626 2414 1669 1318 14359 2988 17617 929 237 1334 2616 119428 2522 2928 2601 2643 3337 2068 2611 4322 1883 2059 2484 1987 2211 611 84 645 1424 2688 1142 3093 1110 195 375 5734 2402 159 719 191 924 266 396 14941 1714 1451
internal_value=-0.000151711 0.00749903 0.0125199 -0.0195477 0.019411 -1.61913e-05 0.00309546 0.0162977 -0.0001206 -0.0113413 0.0215298 0.0405578 0.00750699 0.0102243 -0.00574933 0.00289978 0.018818 0.0208938 0.0183878 0.000492845 0.00573351 0.0242697 -0.00475032 0.00767041 0.0089603 0.00828236 0.00901274 -0.0255155 0.00814213 0.00914155 0.00747643 0.00881791 0.00683426 0.00835511 0.00587671 0.00741212 0.00547531 0.0082132 0.0054737 0.00762563 0.00438592 0.0225772 0.00747567 0.00967777 -0.0217278 0.00716939 0.00283563 0.0092836 0.00055287 0.0120255 0.018037 0.00947546 -0.00634872 0.0351139 0.0078729 0.00887052 0.00722626 0.0370593 0.013738 0.00759232 0.0203042 0.0151658
internal_weight=51958.9 37261.2 22337.8 14697.7 9406.23 14923.3 11826.7 8199.39 9173.58 6188.5 5103.72 1206.83 12931.6 9320.41 3771.64 1457.89 4515.51 4041.45 3521.09 3611.21 2239.71 2120.87 5732.84 3095.67 2996.32 7815.27 7596.98 8509.21 7341.55 6967.16 6486.55 6091.1 5588.59 5257.22 4638.67 4407.65 3946.52 3389.87 3059.45 2804.76 2305.53 499.232 2064.72 1920.1 144.616 1796.58 1443.08 1129.49 905.565 539.008 1400.7 1400.21 325.106 58.5962 2937.52 2868.82 2710.92 157.897 100.022 3440.74 1505.15 1128.89
internal_count=487136 270585 136003 216551 49340 134582 96872 43966 78990 74570 24392 5374 86663 60147 39872 15883 21885 19259 16845 26516 15677 9442 52736 19574 18645 52781 51159 141981 49825 47209 44687 41759 39158 36515 33178 31110 28499 24177 22294 20235 17140 3095 15153 13645 1508 13000 10789 8101 6959 3866 6454 7403 2756 354 18408 17689 16836 853 587 26254 7366 5652
is_linear=0
shrinkage=0.03


Tree=31
num_leaves=63
num_cat=0
split_feature=18 18 33 2 27 33 32 29 17 29 22 2 18 32 19 32 19 32 19 32 19 19 32 19 19 32 32 19 32 19 32 18 19 32 19 32 19 18 17 19 32 19 32 32 32 23 19 33 32 19 32 19 19 32 19 33 32 19 32 19 32 19
split_gain=8160.08 1462.58 800.193 648.36 547.521 364.34 286.887 265.08 355.784 265.047 256.283 253.045 238.149 218.05 494.45 385.771 383.986 226.45 263.67 252.751 286.781 190.508 189.86 278.343 260.216 278.653 219.818 193.441 189.006 214.066 236.191 183.667 174.356 301.014 223.4 241.972 220.441 173.128 190.584 161.854 205.57 159.791 318.677 156.814 148.766 148.731 146.589 175.392 230.513 198.708 141.201 202.165 282.196 137.927 190.556 135.96 135.458 157.327 133.568 188.514 239.717 163.969
threshold=4.5000000000000009 1.5000000000000002 3.8235567207384351 417.50000000000006 1.0000000180025095e-35 3.7419561886620571 2226.5000000000005 0.073570906854265164 4.3545026881720439 1.0000000180025095e-35 0.49539435656218017 405.50000000000006 10.500000000000002 73.500000000000014 100.50000000000001 51.500000000000007 129.50000000000003 93.500000000000014 169.50000000000003 123.50000000000001 228.50000000000003 3539.0000000000005 155.50000000000003 281.50000000000006 210.50000000000003 105.50000000000001 202.50000000000003 354.50000000000006 172.50000000000003 360.00000000000006 259.50000000000006 8.5000000000000018 73.500000000000014 36.500000000000007 54.500000000000007 24.500000000000004 35.500000000000007 11.500000000000002 4.6961538461538472 157.50000000000003 45.500000000000007 727.00000000000011 432.50000000000006 55.500000000000007 1922.5000000000002 2.5000000000000004 1674.0000000000002 3.1416049194102822 905.50000000000011 1807.0000000000002 634.50000000000011 887.50000000000011 1086.5000000000002 15.500000000000002 22.500000000000004 2.4005494505494509 324.50000000000006 427.50000000000006 263.50000000000006 524.50000000000011 363.50000000000006 629.50000000000011
decision_type=2 2 2 2 2 2 2 2 2 2 2 2 2 2 2 2 2 2 2 2 2 2 2 2 2 2 2 2 2 2 2 2 2 2 2 2 2 2 2 2 2 2 2 2 2 2 2 2 2 2 2 2 2 2 2 2 2 2 2 2 2 2
left_child=1 2 6 7 43 55 13 9 31 45 -4 -7 -10 14 15 32 -15 -18 -19 -20 -21 28 24 -24 25 39 -25 -28 -22 -30 -31 -9 33 34 35 36 53 -5 -39 40 -12 56 -43 -3 46 -2 50 -48 -49 -50 51 -44 -53 54 -1 -6 57 -32 -29 -60 -61 -62
right_child=3 4 10 37 5 11 -8 8 12 -11 22 -13 -14 16 -16 -17 17 18 19 20 21 -23 23 26 -26 -27 27 58 29 30 41 -33 -34 -35 -36 -37 -38 38 -40 -41 -42 42 44 -45 -46 -47 47 48 49 -51 -52 52 -54 -55 -56 -57 -58 -59 59 60 61 -63
leaf_value=0.014454207462449882 -0.0097128699124182458 0.021468679004726619 0.00047720888826460826 -0.019546333712206019 0.028175327088236522 -0.0014261108287449693 -0.028606417439368464 0.0092342637640562188 0.0044592948939674009 -0.02015256504724695 0.018359126712701727 -0.011857166819022401 0.061047443000456968 -0.022358353468161601 0.044659997601070152 -0.01288718976598501 0.040516360508891326 -0.015411488279633576 0.039123694523656882 -0.015287922257333537 0.032958677353578658 0.059442275573675735 -0.023716316949582438 0.027972432350734287 0.031277544394260365 -0.013489812949506682 -0.023677681420034413 0.02257219316218511 -0.0052922753577697565 0.038138365674240574 -0.024546675309068171 -0.017568419931387483 0.038692988472942925 -0.011673771944017667 0.045874926082466363 -0.005630728159859045 0.044881677578758758 -0.028841085599350402 0.039983275854268252 0.033947871651334338 0.0011090488591948605 0.051885961791190961 -0.0095450182134748027 0.0067724467982547337 -0.034309899439140645 0.013116432892196155 -0.036246026665163827 0.064620246258380684 -0.031397115819119165 0.027511153537490292 -0.0077627932418012236 0.062230443836661681 -0.011530517521824777 -0.0013236709814236172 0.044246683622992729 0.0037864391291558123 -0.01038992545440705 0.028452815852323763 -0.010937059168164238 0.032006883959043601 -0.017885516471037824 0.0073921866762913053
leaf_weight=676.72379451990128 1351.4004656672478 913.32153058797121 3610.3069328740239 3432.9528654664755 220.41537944227457 4437.3906841352582 113.61274947226048 359.83664689958096 143.03035225719213 3166.4921537190676 1637.6435237452388 3963.0180654451251 125.93838237226009 233.17130721360445 864.63000597804785 306.62251996994019 343.73411282896996 238.8373309224844 418.48910774290562 269.04230196774006 493.26926758885384 91.822387769818306 266.58819765597582 440.5860124155879 709.74295357614756 364.21444827318192 191.99367681145668 449.39646080136299 487.28473614156246 382.70990496128798 64.998292341828346 637.35331251844764 495.73936559259892 254.87037888914347 321.28849351406097 305.36130452156067 341.13726492226124 4882.2780143879354 36.362687829881907 335.06818467378616 1002.8909728974104 215.03092607855797 134.49922257661819 2300.3434700518847 58.172458350658417 316.91376309096813 38.388598158955574 131.67140480875969 59.931450694799423 362.91054982692003 358.61231652647257 139.41895482689142 70.018312536180019 269.90437714755535 270.74051098525524 3078.5473350957036 409.19157266616821 222.78131868690252 552.54411298036575 335.9823154732585 251.52847078442574 2804.3936674594879
leaf_count=2922 13189 6219 26516 53039 1358 40223 1076 3051 1131 48746 8133 44153 974 1355 3720 1668 1561 1365 1915 1677 2270 370 2331 2275 3547 2802 1746 2527 3144 1803 512 8279 2159 1281 1372 1464 1436 84938 384 1639 6648 961 961 18046 548 2820 307 559 592 2172 2648 745 320 1254 1134 24583 2909 1160 4322 1883 2059 20235
internal_value=-0.000151142 0.00726216 0.0121089 -0.0192893 -1.68252e-05 -0.00302975 0.0187497 -0.0118538 0.000363499 -0.0150538 0.00726637 -0.00634756 0.0309794 0.0193269 0.0245005 0.0191225 0.0152585 0.017017 0.0152774 0.0169411 0.0146126 0.0167759 0.00988959 0.0061477 0.0147795 0.0112717 0.00773264 0.00578688 0.0156938 0.012976 0.0163385 -0.00789369 0.0224671 0.0191678 0.0227668 0.0187797 0.0235644 -0.0247206 -0.0283309 0.0143039 0.0118089 0.0126532 0.0179636 0.0109506 0.0125692 -0.00537388 0.0146791 0.0256644 0.0299616 0.0191493 0.00540165 0.0191348 0.0375629 0.0175851 0.0229744 0.00541766 0.000695977 0.0164675 0.00707556 0.00530871 0.00795629 0.00531012
internal_weight=51763.1 37310.5 22397.5 14452.6 14913 11699.4 9444.62 6100.97 1266.16 4834.81 12952.9 8400.41 268.969 9331 4107.02 3242.39 5223.99 4990.81 4647.08 4408.24 3989.75 3720.71 9342.57 5293.01 4049.56 3339.82 5026.42 4585.84 3628.89 3135.62 2648.34 997.19 2935.77 2440.03 2185.16 1863.87 1558.51 8351.59 4918.64 2975.6 2640.53 2265.63 1568.65 3213.67 1353.62 1668.31 1295.45 592.902 554.513 422.842 702.549 343.936 209.437 1217.37 947.464 3298.96 696.971 287.78 4393.85 3944.45 3391.9 3055.92
internal_count=487136 270585 136003 216551 134582 110317 49340 78190 13435 64755 86663 84376 2105 48264 18410 14690 29854 28499 26938 25573 23658 21981 60147 37378 22769 19222 35047 32772 21611 19341 16197 11330 13022 10863 9582 8210 6746 138361 85322 16420 14781 14394 9813 24265 8852 16009 8304 3630 3323 2764 4674 2026 1065 5310 4056 25941 4581 1672 31026 28499 24177 22294
is_linear=0
shrinkage=0.03


Tree=32
num_leaves=63
num_cat=0
split_feature=16 16 28 33 28 5 5 32 32 22 32 19 19 32 19 32 19 32 32 19 32 19 23 16 24 19 4 32 19 19 32 19 32 19 32 32 19 32 19 32 19 19 2 19 32 19 32 0 32 19 33 2 33 32 19 32 19 19 19 32 32 19
split_gain=7773.08 1369.41 790.726 750.907 573.723 432.886 340.641 318.506 270.577 239.449 203.55 468.49 369.603 360.384 229.057 285.275 233.584 229.161 185.173 248.148 245.023 218.537 185.011 216.044 197.053 180.238 176.772 176.596 264.258 239.486 186.868 199.582 181.007 186.669 249.206 175.68 225.41 205.154 282.204 219.773 190.407 169.187 161.78 161.191 158.924 149.994 148.781 133.221 132.726 186.4 168.045 132.21 131.344 129.586 273.775 198.089 186.426 171.453 129.028 144.909 126.801 175.458
threshold=4.5000000000000009 1.5000000000000002 103.50000000000001 3.8235567207384351 88.500000000000014 5.5000000000000009 11.500000000000002 208.50000000000003 2226.5000000000005 0.49539435656218017 75.500000000000014 108.50000000000001 129.50000000000003 51.500000000000007 73.500000000000014 31.500000000000004 40.500000000000007 20.500000000000004 93.500000000000014 177.50000000000003 123.50000000000001 228.50000000000003 2.5000000000000004 20.500000000000004 4.9198717948717965 3539.0000000000005 0.010992787281447002 155.50000000000003 269.50000000000006 225.50000000000003 202.50000000000003 354.50000000000006 97.500000000000014 140.50000000000003 48.500000000000007 178.50000000000003 360.00000000000006 319.50000000000006 622.00000000000011 432.50000000000006 470.50000000000006 27.500000000000004 249.50000000000003 887.50000000000011 1922.5000000000002 193.50000000000003 229.50000000000003 1.5000000000000002 4320.0000000000009 5674.0000000000009 4.0540582770270275 648.50000000000011 2.8153021442495132 624.50000000000011 1674.0000000000002 905.50000000000011 1807.0000000000002 1086.5000000000002 75.500000000000014 29.500000000000004 263.50000000000006 458.00000000000006
decision_type=2 2 2 2 2 2 2 2 2 2 2 2 2 2 2 2 2 2 2 2 2 2 2 2 2 2 2 2 2 2 2 2 2 2 2 2 2 2 2 2 2 2 2 2 2 2 2 2 2 2 2 2 2 2 2 2 2 2 2 2 2 2
left_child=1 3 6 8 5 26 22 47 10 -5 11 13 -12 14 15 16 17 41 -14 -20 -21 -22 -2 -24 -25 35 -3 29 -29 32 -30 -32 33 34 58 -23 -37 40 -39 -40 46 -1 -4 -41 52 -34 -38 -7 49 60 -50 -9 -45 57 -55 -56 -57 -54 59 -11 -33 -62
right_child=2 4 42 9 -6 7 -8 51 -10 27 12 -13 18 -15 -16 -17 -18 -19 19 20 21 25 23 24 -26 -27 -28 28 30 -31 31 48 45 -35 -36 36 37 38 39 43 -42 -43 -44 44 -46 -47 -48 -49 50 -51 -52 -53 53 54 55 56 -58 -59 -60 -61 61 -63
leaf_value=0.014531347639473852 -0.010277612099658245 0.033082774928757767 -0.016063330529316629 0.00046275847814889907 -0.011599692209821677 0.021974902773539643 -0.01912640354589153 -0.0029420257737688147 -0.028337562336737992 0.01895359421738535 -0.025588703188112929 0.045387173145879728 0.038279396735061567 -0.0071997122344720612 0.039456778413679734 -0.0035053177996602434 0.039153976878859097 -0.013433685370540202 -0.011366833738314656 0.039738358259165434 -0.01302586950408261 0.030391447823823827 0.010229524504489078 -0.023389077983654739 0.097932591117938228 0.057762977075629017 0.0095290383005064826 -0.025845727545853625 0.025317177189604714 0.031476287672174488 -0.023904458757859202 0.021650553104823497 -0.016853460055134509 0.032407410270527348 -0.0037721909422247174 -0.0078620897728274158 0.03556856251533954 -0.01873020853206412 0.040475402330487603 -0.012761992491962025 0.043495904062695594 0.039323749433578387 -0.027105741596771975 -0.036476216434413365 -0.034160357706867962 0.01412373045031058 -0.0076472821085213968 0.0030893948121227502 0.068667235222439657 0.043810425761646371 -0.033378852775400633 -0.014524549774987202 0.060744821818344091 -0.0061550511049269429 0.064075953817678721 -0.031211025423285955 0.02639855529167431 0.0070784622434958804 0.034264968286056602 -0.0031658533378155556 -0.019287265845564842 0.006627626202423703
leaf_weight=880.77725602686405 2122.425058145076 313.72498365491629 1455.688348300755 3611.3404750749469 3058.9687800556421 367.0660669580102 2565.1301833204925 2424.9774826616049 111.2861930206418 1037.272204592824 196.8751006051898 733.5727394670248 322.90283988416195 415.91881384700537 584.12688694894314 434.26198569685221 590.92318646609783 195.63938085734844 305.03924468904734 376.79731383919716 244.80015693604946 575.16829746216536 1066.2971293590963 292.64943312108517 12.460445418953894 91.662086874246597 3346.6998269334435 225.16528251767159 472.86852566897869 616.78455919027328 198.47849099338055 454.39695920795202 341.55202566832304 433.52333928644657 720.23208662867546 428.30818529427052 128.02740548551083 255.48095665127039 259.74819722026587 225.97692187130451 389.67877508699894 345.10382550954819 6697.2904484160244 39.461595691740513 56.697027646005154 238.98644139617682 162.5395884141326 3993.7324243560433 16.302123814821243 125.42852398008108 126.11022201925516 1399.206853851676 135.49271361529827 361.11973632872105 107.37804080545902 58.502336107194424 366.80292363464832 88.851489089429379 325.15806622803211 358.40511382371187 252.27112329751253 3434.2285998016596
leaf_count=3803 22318 1989 22553 26516 37710 2496 37308 21980 1076 4895 1173 3104 1457 2218 2511 2138 2510 935 1747 1674 1536 2667 10934 3898 112 370 23122 2028 2480 2942 1844 2527 2649 2150 4918 2831 601 1852 1249 1733 1787 1477 119428 316 548 1519 1070 32680 84 645 1424 14605 694 2648 457 592 2172 394 1504 2192 2152 24194
internal_value=-0.000150375 0.00703274 -0.0190342 0.0117117 -1.71928e-05 0.0029737 -0.0108245 -0.000861198 0.0181367 0.00702737 0.0186901 0.0236155 0.0147122 0.0189797 0.0225734 0.01854 0.0232986 0.0167032 0.0163063 0.0147815 0.016615 0.0144218 -0.00472814 0.00385829 -0.0183941 0.0162238 0.0115494 0.00955518 0.00594724 0.0142549 0.00735747 0.00551299 0.011179 0.0142649 0.0110405 0.0151752 0.012317 0.0155974 0.0106576 0.0150767 0.0297898 0.0215159 -0.0251347 0.0104915 0.0148221 -0.00409588 0.0113895 0.00468022 0.00683854 0.00779024 -0.0216365 -0.00718094 0.0172265 0.0191275 0.0140027 0.0276725 0.0184616 0.0395163 0.0172417 0.0132714 0.00669742 0.00485295
internal_weight=51573.7 37361.8 14211.9 22457.4 14904.4 11845.4 6058.96 8184.98 9468.92 12988.5 9357.64 4180.32 5177.31 3446.75 3030.83 2446.71 2012.44 1421.52 4980.44 4657.53 4352.49 3975.7 3493.83 1371.41 305.11 3730.9 3660.42 9377.16 5305.25 4071.91 5080.08 4607.22 3455.13 2874.59 2441.07 3639.23 3064.07 2635.76 1955.51 1700.03 680.246 1225.88 8152.98 1440.28 1214.31 580.538 290.567 4360.8 4408.74 4266.33 142.412 3824.18 1157.61 1118.15 893.803 532.683 425.305 224.344 1720.84 1395.68 4140.9 3686.5
internal_count=487136 270585 216551 136003 134582 96872 74570 71761 49340 86663 48264 18696 29568 15592 13374 10863 8725 6215 28395 26938 25191 23517 37262 14944 4010 21981 25111 60147 37378 22769 35350 32870 19827 15659 13509 21611 18944 16113 12655 10803 3458 5280 141981 9554 7821 4168 1671 35176 31026 29518 1508 36585 7273 6957 5869 3221 2764 1088 8591 7087 28873 26346
is_linear=0
shrinkage=0.03


Tree=33
num_leaves=63
num_cat=0
split_feature=18 18 28 33 20 28 2 33 5 20 19 36 22 1 23 18 24 20 33 1 33 20 33 4 20 33 19 20 4 31 21 22 19 17 20 19 19 19 36 20 33 33 36 20 33 20 33 19 0 19 1 23 18 33 20 33 20 18 33 19 19 33
split_gain=7403.74 1282.99 781.983 704.891 584.909 543.784 407.354 360.668 330.23 277.209 260.928 259.94 223.959 188.499 175.53 204.283 178.812 169.956 523.093 169.807 161.718 255.815 159.881 153.744 126.917 313.09 133.257 121.441 120.292 119.385 120.417 119.014 113.684 112.325 112.092 143.224 163.618 125.606 123.081 112.991 105.113 101.015 98.7257 97.4028 188.382 106.273 145.177 137.263 97.2031 92.7871 90.4116 86.8926 86.6381 85.3812 114.532 84.8092 94.3277 84.4502 83.9585 83.5117 83.4132 82.3081
threshold=4.5000000000000009 1.5000000000000002 103.50000000000001 3.8235567207384351 3.8687343358395987 88.500000000000014 166.50000000000003 3.6279631502078424 11.500000000000002 3.67219227313567 322.50000000000006 1.292414743424446 0.49539435656218017 131.50000000000003 2.5000000000000004 20.500000000000004 4.9198717948717965 4.0500965250965253 4.0270422621042696 49.500000000000007 3.384719616426934 3.4036780471713679 3.1972026604068859 0.014974151814711602 4.117156862745099 4.0980580693816 520.50000000000011 3.150992531446541 0.017168855822289251 1.0000000180025095e-35 1.5000000000000002 0.52820880082756438 117.50000000000001 4.7182539682539693 3.8165902140672787 1807.0000000000002 1620.5000000000002 427.50000000000006 0.25715698742404985 3.8643189841598438 3.7785311513591373 3.7378842977263331 1.392439090785355 4.2225630538513981 4.2222516946654887 4.3683465036529006 4.387355665524681 369.50000000000006 1.5000000000000002 35.500000000000007 5.5000000000000009 1.0000000180025095e-35 10.500000000000002 2.895129615082483 2.9086438152011929 3.7785311513591373 3.9733020520892111 8.5000000000000018 3.693560441679927 495.50000000000006 2686.5000000000005 3.9629927355007744
decision_type=2 2 2 2 2 2 2 2 2 2 2 2 2 2 2 2 2 2 2 2 2 2 2 2 2 2 2 2 2 2 2 2 2 2 2 2 2 2 2 2 2 2 2 2 2 2 2 2 2 2 2 2 2 2 2 2 2 2 2 2 2 2
left_child=1 3 8 4 7 6 23 9 14 20 55 13 17 29 52 33 -17 61 -19 50 21 22 27 -3 -20 26 -26 53 -14 30 -8 -22 -23 -16 38 36 37 41 -9 40 -39 -36 -7 -27 59 -46 47 -47 -30 -29 -4 -25 -2 54 -1 -6 -57 -35 -38 -45 -48 -5
right_child=2 5 19 12 10 42 11 34 -10 -11 -12 -13 28 -15 15 16 -18 18 24 -21 31 32 -24 51 25 43 -28 49 48 -31 -32 -33 -34 57 35 -37 58 39 -40 -41 -42 -43 -44 44 45 46 60 -49 -50 -51 -52 -53 -54 -55 -56 56 -58 -59 -60 -61 -62 -63
leaf_value=0.015547974984142524 -0.006496789338204933 0.032283402681876849 0.019798092370252242 -0.0021037008990017073 0.033675796284234193 -0.013921072817588672 -0.0033438995836440827 -0.015302503024166643 -0.018860425116671811 0.038818095903870101 0.057822059391511665 0.0099301088137688249 0.019784411048494158 -0.010719634901819115 0.0073495797802542052 -0.023139143257223264 0.088920131656220952 0.046702398793526542 -0.01871526910566236 -0.027103481830075798 -0.001773874506755905 0.030818726403470418 0.0033993411860276392 0.0049097411607979214 0.020205942753541286 -0.013893143747247781 0.076079901549718096 0.0088249575057256467 0.01656706191247953 0.0062775711785868424 0.11256970508862277 0.015851096305994964 0.061413038604752203 0.015745578011901813 0.033865307790173299 0.077665879429353171 0.05978421937964494 0.087490894136611749 0.0061124869619543793 -0.020539704834816583 0.033954609284719245 -0.0030027795914813866 8.3908075891894992e-05 0.014666910244154131 -0.014119698803767004 0.0085308176477333405 -0.011812845160430147 0.075647655838951097 0.0069254709423245478 0.038374772539771902 -0.017533743980205248 0.016417462155488602 -0.020484117024021607 0.0056984249475058148 0.039920465566931893 0.00040502181510450205 0.041572672938807106 0.083659595823888377 -0.039567901984550138 0.055756921852626859 0.045153754099245123 -0.016483521533047295
leaf_weight=721.44420278817415 1571.1194155551493 330.79464739561081 60.577111154794693 1182.7849746420979 608.84878160059452 2476.3081674277782 3491.8867641612887 270.81381227076054 2523.8956904746592 595.14077194035053 373.49147674441338 1843.7687430679798 882.31787419319153 1929.3928994238377 1008.045040089637 287.02274500578642 13.307872928678988 253.55111510306597 261.87324111163616 6403.0544129908085 581.45136801898479 363.61541391909122 597.95997230708599 1229.2618756964803 91.373657561838627 371.08608243614435 66.564760580658913 120.08881704509258 1077.9044688045979 1892.2109020426869 7.9834133684635153 846.07617477327585 157.05495552718639 35.391774389892817 97.042966276407242 34.174013003706932 8.5864125490188581 43.96573480963707 2224.1448583751917 25.166597276926041 134.26567845791578 214.30180499702692 553.91058980673552 110.6880849301815 357.2580016925931 64.478914745151997 189.64887518435717 47.80846906453371 7445.9821426123381 476.38499045372009 1511.3180825710297 1138.3940300643444 534.54787184298038 462.62151662260294 228.88368691504002 169.36917946487665 71.12025286257267 31.049656875431538 63.741275280714035 74.791803270578384 26.234418079257011 514.20039326697588
leaf_count=3295 15750 2029 829 9231 2601 31432 31221 2271 37308 2507 1548 13864 5294 19302 10448 3898 112 1304 2231 117186 3491 1551 3195 8559 527 2949 315 490 5564 14543 60 4055 663 282 434 154 35 241 13690 118 926 1357 6278 643 2743 372 1265 261 49289 1986 23966 7294 6568 2182 977 910 315 204 348 386 157 4132
internal_value=-0.000149497 0.00681251 -0.0187767 0.0113323 0.0175506 -1.77768e-05 0.0028791 0.0146852 -0.0105984 0.0195594 0.0369172 -0.000136976 0.00679911 -0.00267268 -0.00460583 0.00373019 -0.0181358 0.00044875 0.00657441 -0.0249337 0.017042 0.0208611 0.0170241 0.0131239 0.000447609 0.00403546 0.0438068 0.0210767 0.00923754 0.000206264 -0.00307543 0.00867048 0.040063 0.00984588 0.00662736 0.01803 0.0145408 0.0204814 0.00378629 0.0388147 0.0472193 0.00848618 -0.0113601 -0.00102277 0.0044587 -0.00279651 0.00952171 0.0371757 0.00814525 0.032433 -0.016092 0.0104445 -0.0100499 0.0162786 0.0214248 0.0277151 0.0126043 0.0476065 -0.0276656 0.0312731 -0.0048586 -0.00646339
internal_weight=51381.5 37402.2 13979.3 22508.3 9489.75 14893.9 11863.7 8266.93 6004.38 5150.72 1222.83 9165.24 13018.5 7321.47 3480.48 1374.82 300.331 3612.34 1915.36 7974.95 4555.58 3128.05 2607.38 2698.45 1661.81 1399.93 157.938 2009.42 9406.2 5392.08 3499.87 1427.53 520.67 1074.49 3116.2 621.244 587.07 514.743 2494.96 203.398 178.231 311.345 3030.22 1241.99 870.909 685.429 328.171 112.287 8523.89 596.474 1571.9 2367.66 2105.67 1412.95 950.328 849.338 240.489 66.4414 72.3277 185.48 215.883 1696.99
internal_count=487136 270585 216551 136003 49340 134582 96872 43966 74570 24392 5374 78990 86663 65126 37262 14944 4010 26516 13153 141981 21885 14339 12125 17882 11849 9618 842 8930 60147 45824 31281 7546 2214 10934 19574 3613 3459 3076 15961 1285 1167 1791 37710 8776 5827 4798 2055 633 54853 2476 24795 15853 22318 6454 4272 3826 1225 486 383 1029 1422 13363
is_linear=0
shrinkage=0.03


Tree=34
num_leaves=63
num_cat=0
split_feature=16 16 33 1 20 27 33 33 20 19 31 20 36 20 19 1 19 16 16 33 17 1 36 20 33 16 17 16 19 33 20 19 33 20 19 36 36 19 0 33 33 20 19 19 36 19 33 1 33 20 30 4 33 1 33 36 17 1 20 33 36 33
split_gain=7051.55 1200.97 660.864 639.476 548.561 483.148 338.293 321.122 253.966 245.8 227.054 214.78 214.615 213.499 228.735 211.163 199.286 193.835 185.853 178.46 178.395 163.272 156.692 138.777 299.932 133.839 232.94 187.776 131.844 130.445 421.238 150.327 126.644 411.842 223.866 123.225 121.704 119.193 117.903 117.174 109.995 107.997 129.178 139.831 118.045 112.112 103.243 103.103 100.95 99.8645 98.7333 97.7704 97.4868 95.678 92.8661 88.6535 87.1476 91.0963 80.8298 208.67 94.1884 87.5593
threshold=4.5000000000000009 1.5000000000000002 3.8235567207384351 75.500000000000014 3.8687343358395987 156.00000000000003 3.6204836829836835 3.6365271419228256 3.6612477741871667 322.50000000000006 1.5000000000000002 3.67219227313567 0.59764469304733747 4.400704225352114 397.50000000000006 74.500000000000014 2895.5000000000005 20.500000000000004 11.500000000000002 2.4005494505494509 4.5477272727272737 41.500000000000007 0.62508457374830872 3.9733020520892111 3.9436664289534682 7.5000000000000009 4.37638888888889 28.500000000000004 294.50000000000006 4.2500639386189265 4.2979600163198706 250.50000000000003 4.1265470391814487 4.1223104626465981 1159.0000000000002 2.3584220384668106 0.99731242664098496 186.50000000000003 2.5000000000000004 4.3987666683567417 4.0570982448361947 3.8165902140672787 1807.0000000000002 1620.5000000000002 0.25715698742404985 427.50000000000006 4.2932133999921271 127.50000000000001 3.693560441679927 3.8643189841598438 2.5000000000000004 0.012009436537738402 3.7378842977263331 13.500000000000002 3.7785311513591373 0.63642081189251043 3.4009803921568631 18.500000000000004 4.0267710892710902 4.0476400622031701 2.0466202999347973 3.9692371635015031
decision_type=2 2 2 2 2 2 2 2 2 2 2 2 2 2 2 2 2 2 2 2 2 2 2 2 2 2 2 2 2 2 2 2 2 2 2 2 2 2 2 2 2 2 2 2 2 2 2 2 2 2 2 2 2 2 2 2 2 2 2 2 2 2
left_child=1 2 4 10 6 21 8 11 22 -6 25 19 23 29 46 51 -13 56 50 37 -20 -3 38 -4 -25 -2 -27 -28 -23 30 32 -32 33 36 40 -17 -14 -7 -1 -16 -35 44 43 45 -8 52 -15 -22 -45 54 -5 -9 -43 -26 -47 -21 -12 -58 60 61 -38 -60
right_child=3 5 12 18 9 7 41 15 -10 -11 17 16 13 14 39 35 -18 -19 20 55 47 28 -24 24 53 26 27 -29 -30 -31 31 -33 -34 34 -36 -37 58 -39 -40 -41 -42 42 -44 48 -46 49 -48 -49 -50 -51 -52 -53 -54 -55 -56 -57 57 -59 59 -61 -62 -63
leaf_value=0.028295714904239183 -0.007616325782819202 0.016505180634862809 -0.010059281661142489 -0.019584132088658689 0.026785412618879494 0.017772606568449006 -0.015000082323506525 0.015236323407590815 0.037184062347504293 0.055969740573327854 0.026899844130106137 0.023210354805352395 -0.0022631904805918254 0.039625395488949937 0.091260952383892036 -0.012432268254456662 0.18818346507088088 -0.019305807514635218 -0.028634287765326786 -0.010674572605713931 0.04350045454374956 0.012637104321883788 0.019151346101775161 0.039640011574823435 0.0183325538291697 -0.021881468855240501 -0.0049960510545972578 0.055855706380076156 -0.0010789555324410736 -0.0014693600708786268 0.023665613085779753 0.061789051230222165 -0.00051043549497848165 0.036758071344587688 0.065834376050464771 0.0088998410397925429 0.0038975710336060215 0.078408942774109536 -0.0010896711503368282 0.026499443350220819 0.012866147326599143 0.032821683779265365 0.0737025294240366 0.058552699619353436 0.0060282562064278063 0.081805897482005813 0.0084039390932142896 -0.018930158021085983 -0.039059882928614578 -0.018542560339026879 0.0071921575510728968 -0.0027405556403134832 -0.002917515158455365 -0.00049371455208320394 0.032281016023153676 0.0040605303446597006 0.020586316968872278 -0.0025859248509576402 0.040634058480272538 -0.012037069856565443 0.016529500450955078 0.016071559321590431
leaf_weight=151.54409921914339 1681.9154332280159 1511.9977423474193 843.69734400510788 3238.7336142323911 852.40786328911781 119.65505272895098 268.03019553422928 291.46148686856031 609.38947521150112 374.26644559204578 157.14495329558849 419.43187338858843 1140.3884709104896 135.91954489797354 65.89581111818552 3770.4976742714643 6.603691652417182 357.08317437395453 4612.8585192002356 541.88105367869139 48.411219492554665 1020.9741038531065 3677.8862178176641 195.31425198167562 267.50549136847258 2278.0096541419625 273.81445957347751 54.652792699635029 1648.9587201327085 1150.4318946376443 216.31063532084227 164.1076951622963 1356.6988797411323 291.16512254625559 126.20124803483486 260.31597158312798 2297.8193240612745 38.617507956922054 647.09905830770731 41.046002596616745 430.55200161039829 100.97530874609947 34.924682304263115 11.131269991397856 2306.7469025850296 45.591144055128098 320.07749243825674 46.592750180512667 62.651018507778645 25.492469444870949 128.65363876894116 4111.537426456809 213.95609518140554 2635.0191480666399 136.95262860506773 1141.0602176189423 196.98519757762551 677.16308039799333 240.8604247495532 157.51194287091494 691.38731679320335 287.02132787555456
leaf_count=673 19815 9490 6874 52858 3826 744 2271 2415 2586 1548 1523 3038 8661 628 330 42851 54 5150 85954 4626 573 7741 16919 1044 1523 35188 3585 553 14710 8141 1114 765 9362 1360 633 2571 15694 173 3806 247 2489 447 154 45 14073 241 1789 743 348 120 1800 37713 1357 18382 926 8456 1577 7232 1198 1113 3601 1715
internal_value=-0.000148186 0.00659715 0.0109589 -0.0185209 0.0169703 -1.84233e-05 0.0141995 -0.00339765 0.019011 0.035696 -0.0108039 0.00662468 0.00657534 0.00910497 0.0270013 -0.00609234 0.0258181 -0.000257072 -0.0239452 0.00218076 -0.027796 0.00862777 0.0165357 0.000725618 0.00366409 -0.0142177 -0.0184758 0.0051337 0.00416518 0.00792608 0.00938713 0.0401314 0.00772001 0.00969233 0.0289712 -0.0110537 0.00629617 0.0326266 0.00448535 0.0664804 0.0225129 0.00656645 0.0176825 0.0143872 0.00383758 0.0198452 0.0177234 0.0128634 -0.0242335 0.0369347 -0.01856 -0.00154956 0.00853867 0.00124091 0.0447045 -0.000682515 0.00633684 0.00263416 0.00895331 0.0182474 0.00682073 0.0272901
internal_weight=51209 37457 22574 13752 9519.04 14883 8292.37 10701.1 5085.92 1226.67 5676.77 2267.25 13054.9 9113.4 562.939 8433.81 426.036 1388.38 8075.25 1841.21 4707.86 4181.93 4476.53 3941.54 3097.84 4288.39 2606.48 328.467 2669.93 8550.46 7400.02 380.418 7019.61 5662.91 847.918 4030.81 4814.99 158.273 798.643 106.942 721.717 3206.45 631.675 596.75 2574.78 522.968 455.997 95.004 73.7823 208.036 3367.39 4403 314.931 2902.52 182.544 1682.94 1031.29 874.148 3674.6 685.394 2989.21 527.882
internal_count=487136 270585 136003 216551 49340 134582 43966 102641 23984 5374 74623 17091 86663 58840 2994 85550 3092 15482 141928 13999 87270 31941 21398 27823 20949 59141 39326 4138 22451 55846 47705 1879 45826 36464 4482 45422 31982 917 4479 577 3849 19982 3638 3484 16344 3091 2417 1316 393 1287 54658 40128 1804 19905 1167 13082 10332 8809 23321 4026 19295 2913
is_linear=0
shrinkage=0.03


end of trees

feature_importances:
product_review_count=522
product_previous_review_count=484
product_previous_avg_rating=272
product_avg_rating=195
user_review_count=112
char_count=85
user_days_since_first_review=66
rating_distance_from_product_history=60
user_avg_rating=55
user_unique_products=48
word_count=46
time_since_previous_review_hours=37
punctuation_count=30
rating_sentiment_difference=29
rating=24
user_previous_review_count=22
uppercase_ratio=21
user_previous_reviews_per_day=21
user_previous_avg_rating=13
reviews_previous_7days=11
exact_text_count=6
reviews_previous_24h=6
positive_ratio=2
punctuation_ratio=1
digit_ratio=1
rating_distance_from_user_history=1

parameters:
[boosting: gbdt]
[objective: binary]
[metric: auc,binary_logloss]
[tree_learner: serial]
[device_type: cpu]
[data_sample_strategy: bagging]
[data: ]
[valid: ]
[num_iterations: 1000]
[learning_rate: 0.03]
[num_leaves: 63]
[num_threads: 16]
[seed: 42]
[deterministic: 0]
[force_col_wise: 0]
[force_row_wise: 0]
[histogram_pool_size: -1]
[max_depth: -1]
[min_data_in_leaf: 30]
[min_sum_hessian_in_leaf: 0.001]
[bagging_fraction: 0.8]
[pos_bagging_fraction: 1]
[neg_bagging_fraction: 1]
[bagging_freq: 0]
[bagging_seed: 400]
[bagging_by_query: 0]
[feature_fraction: 0.8]
[feature_fraction_bynode: 1]
[feature_fraction_seed: 30056]
[extra_trees: 0]
[extra_seed: 12879]
[early_stopping_round: 0]
[early_stopping_min_delta: 0]
[first_metric_only: 0]
[max_delta_step: 0]
[lambda_l1: 0.1]
[lambda_l2: 0.1]
[linear_lambda: 0]
[min_gain_to_split: 0]
[drop_rate: 0.1]
[max_drop: 50]
[skip_drop: 0.5]
[xgboost_dart_mode: 0]
[uniform_drop: 0]
[drop_seed: 17869]
[top_rate: 0.2]
[other_rate: 0.1]
[min_data_per_group: 100]
[max_cat_threshold: 32]
[cat_l2: 10]
[cat_smooth: 10]
[max_cat_to_onehot: 4]
[top_k: 20]
[monotone_constraints: ]
[monotone_constraints_method: basic]
[monotone_penalty: 0]
[feature_contri: ]
[forcedsplits_filename: ]
[refit_decay_rate: 0.9]
[cegb_tradeoff: 1]
[cegb_penalty_split: 0]
[cegb_penalty_feature_lazy: ]
[cegb_penalty_feature_coupled: ]
[path_smooth: 0]
[interaction_constraints: ]
[verbosity: -1]
[saved_feature_importance_type: 0]
[use_quantized_grad: 0]
[num_grad_quant_bins: 4]
[quant_train_renew_leaf: 0]
[stochastic_rounding: 1]
[linear_tree: 0]
[max_bin: 255]
[max_bin_by_feature: ]
[min_data_in_bin: 3]
[bin_construct_sample_cnt: 200000]
[data_random_seed: 175]
[is_enable_sparse: 1]
[enable_bundle: 1]
[use_missing: 1]
[zero_as_missing: 0]
[feature_pre_filter: 1]
[pre_partition: 0]
[two_round: 0]
[header: 0]
[label_column: ]
[weight_column: ]
[group_column: ]
[ignore_column: ]
[categorical_feature: ]
[forcedbins_filename: ]
[precise_float_parser: 0]
[parser_config_file: ]
[objective_seed: 16083]
[num_class: 1]
[is_unbalance: 0]
[scale_pos_weight: 1]
[sigmoid: 1]
[boost_from_average: 1]
[reg_sqrt: 0]
[alpha: 0.9]
[fair_c: 1]
[poisson_max_delta_step: 0.7]
[tweedie_variance_power: 1.5]
[lambdarank_truncation_level: 30]
[lambdarank_norm: 1]
[label_gain: ]
[lambdarank_position_bias_regularization: 0]
[eval_at: ]
[multi_error_top_k: 1]
[auc_mu_weights: ]
[num_machines: 1]
[local_listen_port: 12400]
[time_out: 120]
[machine_list_filename: ]
[machines: ]
[gpu_platform_id: -1]
[gpu_device_id: -1]
[gpu_use_dp: 0]
[num_gpu: 1]

end of parameters

pandas_categorical:[]
