review,rating,source,category,word_count,char_count,quality_score,lexical_diversity
"my 16 mo. cat loves her springs, so i thought i'd try something different, but similar. she just looks at these and ignores them. i will be getting her the springs from now on.",2.0,Amazon,Amazon,34,176,94.44,0.9411764705882352
"in a word: clunky. i like the calendar integration, however everything else is basic and clunky. simply adding a task to a list takes 3 clicks and you cannot set a date, time, subtasks, or notes unless you exit out of the task and going back to your list. the app is designed to give you as many notifications as it can and constantly advertise the premium version. and whatever you do, do not sign up for a free trial unless you're willing to spend an hour searching for how to do so.",2.0,GooglePlay,GooglePlay,93,485,91.7,0.7311827956989247
"fab list app, be even better if you could sort steps of a task, so incomplete steps are listed first. thanks!",4.0,GooglePlay,GooglePlay,21,109,80.57,0.9523809523809524
i had a reminder set with a certain sound & it never went off,2.0,GooglePlay,GooglePlay,14,61,51.26,0.9285714285714286
"love these guys and this location! everyone is always super nice, the food is fabulous, and the restaurant is always immaculate, and of course - they're ""freaky fast"" :)",5.0,Yelp,Yelp,29,169,92.39,0.7931034482758621
"developer is non-responsive. for some reason when downloading the app from the play store it associates with the incorrect google account. i have verified i am downloading the app with my intended account, however it continually associates with the wrong account. it's not really a big deal, but i was planning to upgrade to premium with my play store credits. the account this app associates to does not have any.",1.0,GooglePlay,GooglePlay,70,414,88.11,0.6571428571428571
"very good app for tracking habits and notes to add ,but lots of bugs to say.percentage is not correct always,it calculates own and no sync, no ui improvement .thanks",3.0,GooglePlay,GooglePlay,29,165,93.56,0.896551724137931
"k-jean's offers a variety of boiled & fried seafood at reasonable prices. i ordered boiled crawfish, along w/potatoes, corn and 3 filets of uncooked red snapper.the crawfish were ok, but the corn and potatoes were past their prime even before they were cooked. the biggest disappointment was the snapper. it wasn't fresh - in fact, after it was fried at home, the fish tasted freezer-burnt. i suppose if i lived nearby, i'd know the ins-and-outs of delivery days, etc. but, at $10 a pound (snapper), i want it to still twitch when the clerk wraps it for me.",2.0,Yelp,Yelp,98,557,91.36,0.7653061224489796
"i was all excited to find a toy that my smart, chew happy dog could play with. what i did not keep in mind, is that she is scared of anything that relates to people, even if it has food in it (she is a shelter rescue). she likes me getting food out for her, but never got into bouncing it around to figure out how to get food out herself. two weeks later it is lying in a corner, ignored, full of yummy treats. i still think this toy has great potential, but i don't recommend it for a timid dog, that gets spooked easily. my dog loves her kong chew toys. i was hoping to find something that will take longer to get the treats out.",3.0,Amazon,Amazon,128,631,85.28,0.6796875
"desktop and web version is slow, awkward, and useless. app for phone is good. as soon as i have time, i will switch to something else. makes me miss wunderlist",2.0,GooglePlay,GooglePlay,30,159,91.8,0.8666666666666667
"dingy rude aggressive receptionists hotel ok common areas rooms dingy old smell damp.do not misled 4 star, expect down-at-heel 3 star wont disappointed.however real low point italian workers reception outrageously rude unhelpful experienced europe.they pointlessly aggressive argumentative.avoid options available,",1.0,TripAdvisor,TripAdvisor,39,314,88.61,0.9230769230769232
great view of rittenhouse square but our waitress forgot our bread & neglected to bring drink menus. the panko crusted shrimp was great but the calamari was very chewy. next time i'll just go to parc.,2.0,Yelp,Yelp,36,200,92.6,0.8333333333333334
"not worth plane ticket nice looking resort book person thats not problem, problem food service, not make special order tastes, service worst, seasoned travellers, actually recieved large sum money travel company problems came, not picky nor complain, poor food poor service great resort shame,",1.0,TripAdvisor,TripAdvisor,44,293,84.83,0.8409090909090909
"hey, i'm just a middle aged guy who by disciplining his food intake and hitting the treadmill every day is trying not to become a big fat bloated parody of himself and maybe live a little longer too. i drink a lot of nutritional ""shake"" canned beverages. i want to stay slim, but sometimes i need to eat fast. i thought i'd compare the nutritional content of my canned shake of choice with the nutrition that this shake provides to athletes. my shake of choice lists 23 items in the nutritional table at the bottom. this product lists 15 items. in cases where both nutrients appeared in the table, my shake had more of those nutrients than this one, with the exception of vitamin c, where they both had 100 percent. my shake has 10 grams of protein, and this shake has 20 grams. score one for gatorade! both shakes have about the same amount of potassium. my shake has 23 grams of carbs including 5 grams of fiber. the gatorade shake has 56 grams of carbs. so, i must conclude that athletes need way more sugar than i do, and way less vitamins. oh yeah, both cans contain exactly the same amount of product. finally, there's something creepy to me about marketing a ""shake"" in a dark green can. ever had any kind of ""shake"" that was dark green? remember all those algae shakes you had when you were a kid? well, neither do i.",2.0,Amazon,Amazon,246,1325,71.93,0.6219512195121951
"these bars are surprising good for having that much fiber. i expected them to taste bad, but it was healthy. my wife loves the chocolate ones and i love the peanut butter ones. yummy!",5.0,Amazon,Amazon,34,183,94.44,0.9411764705882352
"service n't great stayed hollywood media hotel week berlin business, location fantastic right ku'damm walking distance shopping restaurants, short taxi ride 10 minutes messe hall town convention.the hotel pretty quirky gaudy bizarre decorations, rooms decent sized europe hotel gym solarium small ahve biggest problem checked day early, company reserved 20 rooms nearly week, changed reservation arrive day earlier check day earlier, went check charged extra day did not stay, likely miscommunication corporate travel agent pretty shocked strict espcially arrived day earlier company quite bit business.in short not recommend staying chance dates stay change,",2.0,TripAdvisor,TripAdvisor,93,659,90.61,0.8602150537634409
"great price nice rooms no probs slightly disappointed hotel seeing website, think thought luxury budget price, n't, nice, room small fridge, did fact n't bed lamps annoying turn big light bed dark, decor nice bed quite soft pillow, expect reception staff provided asked, did n't chair thing use chair hotel rooms chuck clothes, small comfy stool, no wardrobe lived bags.the 7 breakfast bargain website just small box cereal small carton juice milk, think head continental croissants jam fresh bread, hotel 30-35 minute walk rocks 10-15 minutes darling harbour walk quite quickly bus stop right outside nearly bus goes rocks circular quay, area busy night did n't excessively noisy, room quiet window courtyard not getting light, telephone dial directly room mum tried calling couple times line dead, did not investigate, arrived early midday room ready receptionist quite helpful, room 2nd floor tonnes steps carry heavy bags, lift impatient quite slow, bath room really nice tiled, quite trendy, lacking tooth brush holder shower door nearly came rails time triend use, reported reception, did n't fixed stay just careful opening closing it.all nice place clean comfortable need sleep hotel rooms far sydney,",3.0,TripAdvisor,TripAdvisor,189,1209,60.97,0.798941798941799
good cuban food with friendly service. whole family including two young children really enjoy the food. atmosphere is not great but great place to stop and try for cuban.,4.0,Yelp,Yelp,29,170,95.63,0.9655172413793104
"the quality of amber was much better when the opened. however, their quality dropped significantly. we used to go tp their buffet lunch at least 3 times and regular dinner 4-5 times a month. unfortunately, the quality and portions both went down gradually. in addition, the behavior of the servers and not good at all. they behave like they are doing a big favor to you.",2.0,Yelp,Yelp,66,370,90.38,0.7727272727272727
"i have eaten at the lennox village location twice. i fell in love with their burgers , beer and truffle tots. i was so excited to discover that there was location that was closer to me so i stopped in after work with great excitement. what a let down! my med- rare burger was like a slab of cold, dry, raw meat. no flavor, no juice and down-right terrible! the truffle tots were skimpy but tasted good. the beer was a few ounces shy of a standard serving size but for the full price. what gives?!? i might go back to the lennox village restaurant to have another try but i definitely will not be returning to the downtown location. there are so many restaurant options downtown where i can pay $23 for a beer and a burger that know how a juicy med-rare burger should be cooked!",2.0,Yelp,Yelp,148,777,87.64,0.6486486486486487
"super easy to use and it has been a life saver recently. i love the layouts. i wish there was a desktop version, too.",5.0,GooglePlay,GooglePlay,24,117,73.5,0.9166666666666666
"ugh, the day when you wait 25 mins for a smoothie and only had two people in front of you is the day you look for another shoppe. the importance of training your staff -- being friendly to a single customer with excessive conversation when multi-tasking is not your strong skills--and not see that a customer decided to leave the line and another asked for a refund so they can leave also--funny was that he asked to put the credit in the account instead of a refund. like if the customer was planning to waste their lunch hour there again! lol",2.0,Yelp,Yelp,101,544,87.3,0.6732673267326733
"beautiful beach place beautiful got sick did not eat uncooked food drink brush teeth bottled water, hard communacte staf english.worst, not birth certificatefrom state pasport not aloud plane leave home, happened wife 5 people orignal birth certificate not work, came day flight cost 600.oo pocket,",3.0,TripAdvisor,TripAdvisor,45,298,95.47,0.8888888888888888
why all the trees in pro version ? they were free before. now i can't have those plants. change it. change it now.,1.0,GooglePlay,GooglePlay,23,114,78.34,0.9565217391304348
"considering this temple to tasty treats is walking distance from my house, it is a wonder i don't need to be borne on a litter in order to get around. let's just stipulate that american gelato can never compare to the supernally ethereal italian version because our dairy products differ too much. that said, la divina concocts more interesting gelati and sobretti than even the best gelaterias in rome, venice,florence or milan. the baked goods on hand are always excellent, often as imaginative as the creamy yummies. add good espresso and a wide ranging savory menu ( pannini, salads,soups) and needn't really leave.",4.0,Yelp,Yelp,103,619,94.59,0.8543689320388349
"i got the royal grill - adult grilled cheese with apples and omg it was great, but what i cannot forget was the ice cream! the flavor of the month was shipwrecked and i cant stop thinking about it! this ice cream was perfect.and it is the flavor of the month and i am going back tomorrow to get more since it is the last day of the month!",5.0,Yelp,Yelp,69,338,84.7,0.6666666666666666
"i wish i could return this product. it tastes like instant coffee, and it doesn't work too well with my keurig machine. i get half a cup and it quits mid-brew.",1.0,Amazon,Amazon,31,159,92.09,0.8387096774193549
"i wanted to give this oil a chance but it smells awful and the scent permeates the house. you also walk around smelling rotten, as it takes a while to dissipate.ugh!",3.0,Amazon,Amazon,31,165,93.06,0.8709677419354839
"depending on the show your seeing, this could be a four or a five! with the tampa bay lightning games all of the food locations are open but for concerts sometimes they don't open all the food options which sucks. be prepared to pay 16.75 for one beer. the cans are the 20oz but it's still only one beer.",4.0,Yelp,Yelp,59,304,89.89,0.7457627118644068
doubles and triples all my appointments in my calendar making it hard to manage.,2.0,GooglePlay,GooglePlay,14,80,56.26,0.9285714285714286
"i rarely review a restaurant low but in this case i can't resist. it was a nightmare. we heard great reviews and this was my favorite restaurant when i lived in new york and would go to the harlem location. we'll to find out this location in st. pete is a franchise . we decided to go on valentines day. worst mistake. after 2.5 hours still had no food. we ordered drinks and they never came. we had to go to the bar three times. the bartender looked disheveled and did not know how to make a long island. it gets worse, we truly don't believe any of the food was made on site. not one smell of cooking, we looked in kitchen no site of food. strange. we asked for the manager nobody who was working wanted to admit they were employees. everyone said they were just helping. so after three hours i never got my sides. our food didn't come out together. then one of us got our chicken and waffle came 45 min later saying they ran out of batter.this place is a scam and i called main ceo in new york. this place is ruining the reputation of a great name. i am truly upset. it's more than disappointing.",1.0,Yelp,Yelp,213,1099,70.36,0.6338028169014085
these are the best gummi bears i have tryed. i tryed the sugar free type and regular of some other brands and they upset my stomach. these have had no side effects.,5.0,Amazon,Amazon,32,164,92.38,0.84375
"been brilliant for ages, now it crashes /freezes constantly. looking for an alternative, sadly.",4.0,GooglePlay,GooglePlay,14,95,53.46,0.9285714285714286
absolutely amazing to be able to track both daily habits as well as tasks in the same app. only thing that would make this the best choice for this purpose is to have a web application to at least be able to add new habits or tasks and mark them as completed. was previously using todoist for this purpose and just switched to habitnow some other useful features: - add a length to a task or habit - be able to set a time so that tasks and daily habits can be sorted by time of day,4.0,GooglePlay,GooglePlay,97,481,78.75,0.6494845360824743
"wonderful place stay seattle family wonderful stay courtyard marriott lake union, town wedding 75 guests stayed hotel, rooms spacious clean necessary ammenities, hotel staff extremely friendly accommodating, pool restaurant nice great breakfast buffet entire building maintained, rooms incredible view lake union, hotel good location walking distance seattle center downtown pike place market, convenient shuttle takes different destinations city, great restaurants lake surrounding hotel, comfortable enjoyable stay recommend hotel visiting seattle,",5.0,TripAdvisor,TripAdvisor,70,550,74.43,0.8142857142857143
"really good app, it actually helps me stay focused and on track with all the positive habits i have created for myself.",5.0,GooglePlay,GooglePlay,22,119,83.4,1.0
"this place gets two stars for one very important reason: they have a dress code that dictates how and what a woman should wear in their gym. y'all, it's 2021, and if a woman (or man) wants to work out in a sports bra, that is their choice. dress codes like this are outdated, archaic, and offensive. you can easily implement a policy to clean machines after use, but clothing choice has nothing to do with that. a gym should be a safe space in which every individual feels comfortable working out in the clothes that are comfortable to them. women at the gym should not be punished for exposing their midsections at the gym. most athletic brands design their women's clothing in a way in which the midsection is exposed, as that is the current trend in fashion. having a dress code that goes against this is sexist. just look at what's happening now in the 2021 olympic games; stop controlling women's bodies and how they chose to dress. my advice: get rid of the dress code immediately. ethically, i could never work out at this gym.",2.0,Yelp,Yelp,188,1034,73.94,0.6436170212765957
"great boutique hotel great boutique hotel located financial district seattle just 10 minute walk pike place market, maybe not best place stay want right middle action, vintage park great restaurant wine tastings right hotel, want stay little quieter area close excitement seattle definitely recommend vintage park, rooms awesome really comfortable beds large bathroom beautiful decor,",4.0,TripAdvisor,TripAdvisor,55,384,79.75,0.8181818181818182
"normally i love granola but. i tried this straight out of the bag, sprinkled on yogurt and in a bowl of milk and in every variation it just tasted stale to me. i don't know if that's the flavor from the flax seed or what but it was not appealing. i also pawned some off on my kids to try and they didn't care for it either. i would have to say it is better with something than alone (both to mask it's taste and because it is very crumbly) on the plus side it seems very healthy. perhaps by the time i finish the bag i will have acquired a taste for it.",3.0,Amazon,Amazon,114,553,86.18,0.7192982456140351
"i only stopped by for coffee, so if you are looking for food reviews, keep scrolling! i ordered the cold brew coffee with oat milk and vanilla syrup. this was honestly the worst coffee i've ever ordered, and they charged $6! the flavor was extremely bitter and sour, sort of like rancid/old coffee. i definitely do not recommend coming here for your morning coffee run.",1.0,Yelp,Yelp,65,369,92.92,0.8307692307692308
"very good well, it's a great app. i just wish we had more free features. it would be a rmgrest investment.",4.0,GooglePlay,GooglePlay,21,106,79.17,0.9523809523809524
"things want know stayed hotel nights, important light sleeper unused heavy traffic going passed night request room hotel, night felt like torture, following morning asked change offered room doors away original quieter unbelievable.breakfast excellent, choice hot food breads meats cheeses cake fruit cereal juices champagne, staff helpful rooms clean tv minibar, wished coffe rooms unsure spanish worst distance nearest tube minute walk does not sound walking day felt chore, looking learned enjoyed stay look central quieter street,",4.0,TripAdvisor,TripAdvisor,77,534,89.85,0.935064935064935
"iberostar fantastic just returned trip dominican republic punta cana, best vacations on.the staff iberostar willing help guests, smiling helpful, servers activities staff helpful.when arrived not happy room, damp musty smell, did not view, hotel gave upgraded room day thoroughly enjoyed.the food fantastic high quality huge menu selection, got bored food, different lunch dinner buffets, breakfast buffet day huge selection not problem all.the la carte restaurants fantastic, went rock cafe pagoda marimba sibila, sibila best.the management gave fruit plate complimentary bottle champagne birthday there.the grounds swimming pools class condition, hotel busy look good shady spot poolside beach, guess good beach spot early.all non-motorized water sports free sail boats booked out.there going, activities staff knew names second day, smiling considering work 16 hour days jobs iberostar, got impression staff trained treating tourists, figured staff great attitude iberostar probably takes good care them.i iberostar resort going,",5.0,TripAdvisor,TripAdvisor,143,1032,94.11,0.8531468531468531
"this is a gem folks. terrific food. wonderful staff. the house made peach and basil dressing on the salad was a great way to start. the jambalaya has a terrific kick to it. the shrimp and grits was light, very well balanced, creamy. will be back.",4.0,Yelp,Yelp,46,246,89.56,0.8043478260869565
"i had my ignition go out on my old toyota. as always, mike and jose got me in and had it done within 24 hrs of having it towed to them. i will always go here as long as they are there. honesty and great service . it's all at deanos!",5.0,Yelp,Yelp,51,232,86.59,0.8235294117647058
"i never purchase huge bags of candy like this but i love all things peach. plus, there was an extra 25% off haribo sale so i went for it and purchased this and the apple :). i like the peach a little better, but both are good. a good tip that i read on the reviews here, was to keep them fresh in a ziploc bag or tupperware. i plan on splitting the bag with friends because it is definitely as much candy as 5 lbs sounds like - a lot! the gummy is chewy, fresh (as much as candy can be), not too sweet, and basically just a perfect bite or two of yummy goodness to satisfy your sweet tooth. i highly recommend this.",5.0,Amazon,Amazon,125,615,86.78,0.728
tick tick is good but it should add more ring tones please try,4.0,GooglePlay,GooglePlay,13,62,50.69,0.9230769230769232
decent app for habit tracking. unsubscribing from their premium membership is a headache.,3.0,GooglePlay,GooglePlay,13,89,55.4,1.0
"lucky bamboo is a decent chinese restaurant in nashville, but i am sure there are several others that are better. i went there for dinner tonight and there were not many customers at all. however, the interior atmosphere is great and the waitresses are kind and friendly. i ordered the thai bubble tea and i must say it was just the right level of sweetness and the boba was soft and chewy. in addition, i ordered the honey walnut shrimp, which was slightly overpriced and the shrimp did not taste as fresh or crunchy as i had expected. overall, i think there are better chinese restaurant options in nashville.",3.0,Yelp,Yelp,109,611,90.58,0.6880733944954128
mm! it is unhealthy and very tasty! i recommend to eat all 5+ lb of candy all at once! om nom nom nom.,5.0,Amazon,Amazon,23,102,72.49,0.9130434782608696
"loud times just okay ladies beware bathrooms tub tiny, suite nice 2nd floor hotel facing street, times- really loud outside people hung lower hallways- not bad experience, bed comfy couch great, frig not cold mirrors dirty, loved sitting balcony morning coffee, missed having phone lobby iron ironing board room great, catching trolly car street easy, later night-they started run slower, not hotel staff friendly- not plus book, air- conditioner ran cold,",3.0,TripAdvisor,TripAdvisor,71,456,77.46,0.9154929577464788
"i haven't even had the chance to try to food because their ""sign up for the waitlist"" option is a joke. you sign up the waitlist and then when you get there they still put you on the bottom of the list. what's the point of having that option? then the lady at the front was a b anyway. just passing through but won't be giving this place my business if i ever come back.",1.0,Yelp,Yelp,75,370,87.8,0.8
"ordered a salad and kitchen did not wash the romaine lettuce. i love to support this business, but was honestly disgusted.",1.0,Yelp,Yelp,21,122,82.0,1.0
"this was a horrifying experience. i was really excited to see the noodles advertised on one of my favorite ""deal"" sites, and when the cost of noodles averaged out to about a dollar per package, including shipping, i decided to purchase them. i did some research on wikipedia to make sure i wasn't secretly purchasing poison, but i should have done further research to understand what i was really buying. first off, these noodles smell like fish. like nasty fish. they are packaged in water in what has got to be the most unappetizing presentation ever. the texture is disgusting and the noodles are this creepy, pure white. do we have any doctor who fans here? do you remember when the tenth doctor has opened up a cyberman and those white cyber-innards come out? that is what these noodles are. seriously, google ""doctor cyberman innards"" and the first picture is of the doctor getting ready to embark on what he doesn't yet realize will be the most depressing meal of his life. you can't even call them noodles. i tried. i really did. i washed them (ugh) and boiled them and sprinkled seasonings and alfredo sauce and shrimp. the noodles still smelled like fish, but i pressed onwards. i ate about two bites and threw the noodles out, then i went and threw out all the other packages of noodles that i had just spent about $30 on. that is how nasty these things are.",1.0,Amazon,Amazon,245,1369,71.73,0.6163265306122448
"recommended lovely hotel great city, absolutely stay, jeffrey bartender way cynical beautiful town people, visit warmer, attitude.highly recommended,",5.0,TripAdvisor,TripAdvisor,18,149,76.4,1.0
"good hotel poor location 1-the hotel good rooms smoky2-the location far center3-the surroundings not best careful,",3.0,TripAdvisor,TripAdvisor,16,114,78.58,0.8125
"great concept, but there's issues with the widget, it shows nothing.",3.0,GooglePlay,GooglePlay,11,68,57.2,1.0
"this app is perfect for my needs but there is one issue that i just noticed on repeated tasks. once you hit complete the task, it will not add automaticly the next task. you have to check and then uncheck the task in order to show the next repeated task. otherwise if you leave the task checked, it will not remind you for the next repeated task.",4.0,GooglePlay,GooglePlay,67,346,90.1,0.6865671641791045
"chilean sea bass hong kong style is perhaps the best fish, and possibly the best prepared sea bass i've ever tasted. this is a must. the other thing on the menu, which you will hear other people talking about, is the crab fried rice. it's heaven on a plate. it's bursting with flavor and is not greasy or anything like normal fried rice. one of the most delicious things i've ever tasted. service is professional and top notch. modern decor and vibes, but classy outfits and music. definitely a place to make reservations and come for a special evening.",5.0,Yelp,Yelp,99,553,88.72,0.7171717171717171
"great product, use if to make tofu salad, and it adds the right amount of spice. it is a bit salty , so watch what other ingredients you put into your recipe, such as soy sauce.",4.0,Amazon,Amazon,36,177,94.17,0.9722222222222222
"do not be fooled by the fancy office. this is a horrible dentist. i went for a check up and i was told i needed 4 fillings, i have never had a cavity in my life. i was confused but agreed to proceed. this procedure was extremely painful and i knew the minute they were done it wasn't correct. my bite was never the same.another time i mentioned i was getting married and with him minutes they told me i needed about 10,0 worth of work done.these people just want money, horrible dentist.",1.0,Yelp,Yelp,93,487,89.06,0.7204301075268817
"walden farms seems to be a really hit-or-miss company. some of their products are downright delicious (see: their pancake syrup) but some are absolutely disgusting (see: this product). i wouldn't recommend this to anyone looking to simulate caramel taste, texture, or flavor--in fact i wouldn't recommend it to anyone, at all, unless you like the taste of chemicals. this stuff made me sick to my stomach after ingesting only a tiny amount. go with the syrup instead!",1.0,Amazon,Amazon,77,467,92.73,0.7922077922077922
"works well, and i used to really like it, but the new way they do ads is super annoying and you have wait until they're finished playing before you can close the app. uninstalling.",3.0,GooglePlay,GooglePlay,34,180,96.95,0.9117647058823528
"eh, i'm not trying to be picky, but i can honestly say that i've had better banh mis at some of the food trucks around town. the flavors were okay, but the food wasn't distributed evenly throughout the sandwich. trust me when i say a mouthful of jalapenos is not a fun time.",2.0,Yelp,Yelp,53,274,94.21,0.8113207547169812
"excellent hotel location stayed 4 nights 9 year old son 14 year old daughter loved hotel, room beautiful brick wood beams, great view window, restaurant delicious, location perfect, staff friendly helpful, stay property,",5.0,TripAdvisor,TripAdvisor,33,220,91.27,0.9090909090909092
"if you have loved potato buds for years, stay away from the ""new & improved"" version. horrible, truly disgusting, and what's even worse.the company doesn't care and intends to keep turning out this tripe. they even blame the poor reception of the ""improved"" version on the customers, saying they are just fine if prepared according to the box. um, no. it tastes awful. it's so sad, because this used to be a great product.",1.0,Amazon,Amazon,74,422,92.57,0.8513513513513513
"friendly clean giada great sites doorstep run friendly small hotel, clean, noise expected city centre location lorenzo market square, family enjoyed convenience lovely views medici chapels, kids wedged pizzeria gelateria ice cream shop, watch pick pockets busy market,",4.0,TripAdvisor,TripAdvisor,38,268,91.21,0.9736842105263158
"i am obsessed with their breadsticks and cheese dip! so amazing! i was so glad to see a noble roman's open up right by me! their pizza is okay, not amazing and not bad either, just not crispy enough for me. the pizza is still doughy. other than that, so good. someone suggested i try a deep dish so i will be doing that next time!",4.0,Yelp,Yelp,66,330,90.66,0.803030303030303
"was told this was the place to go to in nashville and after $600 for four people. i don't see myself coming back. i held my first business dinner in nashville here with clients and we tried several cocktails and wines (the best part) and a variety of appetizers and main courses as well as dessert. i found the process of ordering quite annoying. we constantly felt like we were being hounded to put in our orders and the interaction with the waiter was incredibly lengthy. which was quite challenging for a business dinner. for a chicken dish, my food took up maybe 1/6 of the plate. not filling at all for someone who is spending a ton on their meal (and i eat whole30 so i'm quite used to small portions). i found being gf quite complicated as well. as someone that is a huge foodie and is trying restaurants all over the country every week, the only thing i would return for here would be the basement bar. very disappointing, especially for how much money was spent",3.0,Yelp,Yelp,179,970,74.59,0.6759776536312849
"absolutely perfect stayed hotel 8 nights july reading reviews trip advisor not disappointed, hotel absolutely perfect trip new york city, booked hotel direct wanted make sure connecting rooms family, stayed deluxe rooms just closed end corridor additional door make connecting, 21st floor rooms quiet comfortable beds wonderful, hotel wonderful location just short walk times square 5th avenue, staff incredibily helpful friendly especially doorman, lobby/lounge area beautiful sons took advantage free internet access pcs provided guest use, small complaint cost breakfast gabys restaurant quite high family, did not prove problem red flame diner 44th street starbucks manhattan cafe 45th street, new york city just fantastic heatwave, recommend visiting rock better empire state commercial crowded, fwe took advantage 4 oclock check sofitel privelige card holders, not speak highly hotel not wait return,",5.0,TripAdvisor,TripAdvisor,130,906,75.15,0.8384615384615385
took a casio divers watch in for a new battery. i was quoted 25 plus dollars fort the battery. they told me it was a unique battery and therefore a higher price. went a few miles north on river road to brown's jewellers in. delanco. 4.00 for the battery and a new seal gasket. they said it was a very common battery. the watch is functioning fine and it's still water resistant. sad that a local business can be such liars to make an extra buck.,1.0,Yelp,Yelp,86,445,88.57,0.7441860465116279
the app is perfect for people trying to get more organized it's easy to use and i use it all the time for homework or workouts the only tiny problem is that it has some locked features that u have to pay for,4.0,GooglePlay,GooglePlay,43,207,78.02,0.7674418604651163
armed with her recipe book and flour blend we are able to make fabulous gluten free food! the only bad thing is we make way more desserts than we should because they are just that good! not only are they so good that you can't tell they are gluten free but they are better than anything i have ever made gluten or not! delicious!,5.0,Amazon,Amazon,64,329,91.7,0.75
too much like a franchise type of place. if you are young it is better fit.,2.0,Yelp,Yelp,16,75,76.0,1.0
"worked well for a few days and then just stopped sending reminders. the reminders would pop up if i opened the app myself but that's obviously not the point of a reminder. also, froze a lot. pretty much useless. when it worked, it was excellent.",2.0,GooglePlay,GooglePlay,45,245,93.07,0.8888888888888888
flowers were delivered to a home in ohio 01/13/20010 temp 23 degrees. left on front porch. person was not aware of delivery. walked out on porch to get mail. poor delivery practice. i suggest next time when flowers are delivered maybe they should ring the door bell.,1.0,Amazon,Amazon,47,266,93.38,0.9148936170212766
"i realize quick and easy is what all mothers strive for, but really, have you read the ingredients of this stuff? homemade may take more time, but do your family a favor and take the time. there is nothing but chemicals in this stuff! seriously, msg is listed twice, yet with 2 different names. google the ingredients! msg kills brain cells and leaves holes in your brain. don't be so trusting of what the fda tells you is safe!",1.0,Amazon,Amazon,79,428,90.48,0.7721518987341772
"app is fantastic. however, when a task reminder pops up, it disappears without acknowledging the notification. it used to have an icon at the top left but it does not show up anymore. not sure if it is a big in the latest update. please fix. i am on a oneplus 7 pro running the latest os.",3.0,GooglePlay,GooglePlay,57,288,90.81,0.8070175438596491
delivery has always been great and faster than we expect them to arrive. the pizzas are large and filled with toppings. unfortunately there is something we don't like about the pizzas. we are thinking it's the sauce. makes it taste off. we stopped ordering from here because of it.,3.0,Yelp,Yelp,49,281,91.78,0.8571428571428571
"had a $25 gift card for this byo spot so we decided to give it a try. purchased the guacamole appetizer which was a small portion. it tasted nice, but i wished it was bigger in size. the appetizer nachos with chicken were the nights hit. these bad boys were piled mile high and loaded with cheese, beans, sour cream and guac. i could have just eaten the nachos, but being the true fatty i am we all ordered tacos too lol. the table had two orders of the al pastor tacos and i got the shrimp tacos. everyone shared. overall the tacos were a solid 3.5/5. my only complaint was that the shells were too soft so the tacos kept falling apart. i do love that this is a byo spot. it adds to its charm. most people order to-go orders. during our time here there was only one other table sitting inside.",4.0,Yelp,Yelp,154,794,73.14,0.7077922077922078
"our local pizza parlor, was definitely good as usual! i guess we usually don't have late night dinners it was good to order from this place, we ordered and it arrived within half hour. we ordered the meat lovers (assorted types of meats) delicious. we ordered a thin crust and a regular crust, both were great. love that we have a great local pizza place!",4.0,Yelp,Yelp,65,355,91.08,0.7692307692307693
"rip, self husband just returned honeymoon evening n't wait let know terrible place secrets excellence, arrived noticed cockroaches surrounding minibar called rep excellence club going send spray night cockroaches room night 1 sitting husband toothbrush, called sending immediately 45 minutes later tell people just pay attention problem, switched room ended room double beds love lucy, sick majority trip going bano minutes make matters worse toliet did n't flush waiting people fix, waste 5 thousand dollars, vip excellence club crap food serve sitting day god knows waht crawling, good thing secrets met really nice people,",1.0,TripAdvisor,TripAdvisor,94,625,75.21,0.8404255319148937
"new ui design is amazing! only one mistake. when i edit a task, the save button is not showing but i can click that.look into it. edit: its fixed now already, thank you :)",5.0,GooglePlay,GooglePlay,34,171,93.76,0.9411764705882352
"a new ""feature"" of microsoft to do compared to wunderlist is notifications being cleared at the start of every new day. this is incredibly annoying because if i don't have time to get to it, i want it to be a constant annoying reminder so i know to get around to it. i would rather continue to use wunderlist, if the recurring tasks was implemented offline, instead of requiring the server to give you a recursive task.",2.0,GooglePlay,GooglePlay,77,419,88.36,0.7142857142857143
"don't lie, we know who you are empire pizzeria. you can change your name but not your fry oil. clearly you never spent time in prison because you can't even toss a salad, you'd rather put a few croutons over romaine lettuce with a dressing packet than actually do your job! the buffalo chicken pizza i ordered has more craters than the moon, same as your pimply faced employees who probably picked the chicken off our pizza. i did not realize there was a chicken tax for ordering a chicken covered pizza.and your ""power"" sampler has a powerful odor of unchanged fry oil and poor execution that not even a blind, tongueless toddler would allow even with airplane sounds. this biplane has by god. crashed and burned. good luck you lazy, disgusting, waste of a phone call. nobody will miss you when the health inspectors come.",1.0,Yelp,Yelp,146,823,91.45,0.7602739726027398
i now have a strong dislike for this app. i've had it for a little while now but the fact that i now have to pay for pro for most of the trees is ridiculous. it was fine before. why do these app developers mess things up like this?,2.0,GooglePlay,GooglePlay,49,231,86.58,0.7959183673469388
"star rating review hotel michelin 3 star not 4 5 star awarded reviewers, average inclusive resort caters wholesale mass travel markets food especially reflects tastes.that said hotel quite attractive maintained grounds, surpantine swimming pool meanders property excellent, hotel rooms nicely decorated close likeness hotels advertised photos, staff friendly smiling courteous, hosekeeping good frequent, quite small casine nightly entertainment performed hotel employees local entertainers, beach nice maintained rocky parts. rooms air conditioned places hotel quite uncomfortable hot humid days.the food fair quality eat restaurant states, 6 different restraunts hotel sound good essentially come kitchen.as hotel located 3 hours santo domingo equates 6 hours bumpy road, no group thought worth losing day, cultural awareness staff world sun, never-the-less good rate not looking food cultural experience like deams, just n't buy 4 5 star hype dissappointed,",3.0,TripAdvisor,TripAdvisor,133,960,90.92,0.8120300751879699
"worst experience ever. i signed out, & all of my tasks list gone. login bar doesn't even showing what email it was. and i don't remember my email. i was going to buy this app, but hate now. don't have any way to backup my list.",1.0,GooglePlay,GooglePlay,46,227,86.95,0.8695652173913043
"after visiting the pizzeria bianco in tempe last year, and absolutely loving our pizza, beer, service and entire experience, we decided to patronize the new location in tucson on 1/2/15.we ordered beers, which were pricey and warm. i ordered the margarita pizza, one of my favorites. it arrived with three very small pieces of basil (hardly characteristic of it's namesake!). on the coldest day of the year in tucson, the manager opened up a door, which was just off to my right. within seconds, my pizza was stone-cold and i was freezing. the temp outside at that time was a tad below 40 degrees! our waiter apologized for the managers decision.after this i headed for the ""shared"" restroom. prior to entering the outside hallway to the restroom, the manager was mopping the floor and made a rude comment to me ""i guess you can't read signs"". upon coming back into the restaurant, i approached the manager and told him i didn't appreciate the open door. he was extremely unprofessional and rude in his response. he never even came over to our table to apologize for our poor dining experience.$50 for two warm beers and two cold pizzas, rude management, and an overall poor experience justifies this low rating.",1.0,Yelp,Yelp,208,1212,73.68,0.6778846153846154
"unaccomodating aspect 40 yrs old husband traveled large group spring break seniors group teenagers young kids 8-12 years, complaints, traveled inclusive resorts poor quality food drinks poor service, n't, make entire stay difficult, complain just look like crazy accuse lying people really bring worst, absolutely no variety buffet food breakfast lunch dinner day, nothing prepared nothing presented, open restaruants evening dinner eat buffett breakfast lunch, cute little mexican pizza dinning area outside dose n't open 7pm, restaurants bad, decent place eat steak house, domican people unfriendly, airport resort smiled wanted assist act big inconvenience, no place wants travelers checks act like phony money, overall kids fun liked water sports liked shows just hokey kids enjoy, way basically exact night-no variety, bartenders waiters bar just look right past, think think act like n't wo n't wait, advise-go mexico jamaica, people friendly really want country, return occidential hotel dr,",2.0,TripAdvisor,TripAdvisor,147,998,74.49,0.8163265306122449
"when will this app be added to the microsoft store for pc? edited: i've noticed that when i perform a execution, it doesn't always leaves from the list of today's executions. can i fix that by settings or is it a bug?",5.0,GooglePlay,GooglePlay,42,217,94.11,0.8571428571428571
"i think as organic markets go, this one is just okay.i really like the ""health and beauty"" area here because you can find things you can't find at other grocery stores but as far as the food goes. i just don't eat enough organic food for it to be worth it to come here. the small organic or health food area at sobeys is enough for me.i guess it would be a pretty cool place to shop if you ate only organic food here, but one of the other reviews on yelp for this place, even said that some of the stuff isn't organic. this seems really backward to me!i also think it is very overpriced, but again, i think that is organic food in general, and may not be specific to planet organic.",3.0,Yelp,Yelp,134,682,88.35,0.6268656716417911
this barilla brand meal comes in a microwavable dish and needs no refrigeration or freezing. i have tried other brands and they do not compare too this in taste. plus the other brands i have tried all required the addition of water too the noodles before microwaving and this does not. easy too store and cook! the penne with marinara sauce is microwaved in its container for only sixty seconds and the pasta came out just fine. the marinara sauce was flavorful and when mixed made for a fast and delicious meal. i found it enjoyable and as i can no longer lift boiling water this is an excellent alternative. not as good as home made but much better than canned pasta and other brands of microwavable meals i have tried. i would get this again.,4.0,Amazon,Amazon,136,745,88.48,0.6544117647058824
"i am not sure why i bought these, i maybe thought they just looked good. i didn't realize i was buying so many when they came. this is like buying bulk at costco which i probably could have gotten cheaper there. anyways, the taste on these things is a little more than average, they taste good. my favorite will always be s'mores though and i think a lot of people will agree. these taste just like a cinnamon bun though and are pretty good. 4 stars out of 5.",4.0,Amazon,Amazon,89,459,90.13,0.7415730337078652
"i bought this for the advertised nausea relief and it did not alleviate mine. my nausea is quite severe so, it could work for some. the taste of the tea is good, though.",2.0,Amazon,Amazon,33,169,91.75,0.8181818181818182
"enjoyed stay, just come long weekend barcelona stayed auditori based reviews tripadvisor, convenient arriving barcelona north bus station girona airport 3 minutes walk away, arrived 11 morning dropped leave bags check-in 1pm, checked straight away whcih really good, check-in quick efficient, great able leave bags room grab drink free minibar, nice selection 2 cokes 2 fruit juices 2 2 fizzy waters 2 beers, commented 15-20 min walk placa la catalunya arc triomf metro station 5 minutes walk away used metro quite times, tip pay buy t10 card use metro times, nearly bought 3 day travel card 14.30 euros 2 end bought 2 t10 cards gave 20 journeys, note use t10 card group, highlights la pedrera parc guell cable car montjuic, tired days walking nice come comfortable auditori, probably stay returned barcelona,",4.0,TripAdvisor,TripAdvisor,131,809,74.59,0.7862595419847328
"we ate here for the first time tonight. the salads were mediocre, nothing special. but our entrees, seafood fettuccine and bruschetta gorgonzola, were delicious. the service was very good, but agree with amanda about the owner. the whole time we were there he was constantly browbeating everyone who worked there, even though they all seemed to be working as fast as they could and doing a good job. it definitely detracted from our enjoyment of our dinner. i can't imagine working for him. we will go back again. hopefully he will relax a little.",3.0,Yelp,Yelp,94,547,90.28,0.776595744680851
horrible food horrible service. i do not recommend this place at all. everything is dry and salty. looks like day prior servings of food. very disappointing,1.0,Yelp,Yelp,26,156,93.73,0.9615384615384616
"billing staff problems just like reviewers sent day trip, reception sort 6:30am, unfortunately staff not accomodating asked recipt prove case n't believe booking payment information checked, trying work, resisted eventually fixed problem, not admit problem, attitude, wasted half hour sleeping time started day badly,",2.0,TripAdvisor,TripAdvisor,44,317,86.87,0.9090909090909092
"we went to madeline's last week for dinner. this used to be one of my go-to at home italian places but it is slipping and the prices are rising. i had the chicken marsala and it seemed like the sauce came out of a can. and it was almost $20! my bf had the veal tortellini and it was delicious and the highlight of our meal. it was also cheaper than the marsala- weird right. the last time we were here, about 2 years ago we both had one of their specials and were both pleased. their pasta is ok and their sauce is good but attlilio's or robino's is probably a better bet. i think that if you are going here you should order the specials - they seem to be consistently good. but everything else, including the out dated salad bar, is sub par.",2.0,Yelp,Yelp,146,742,88.37,0.6575342465753424
pretty good food at a pretty good price.try the lamb que roll and make sure to get an order of naan!,3.0,Yelp,Yelp,21,100,74.14,0.9047619047619048
"this is the best pizza sauce that's not homemade. it's great for picky toddlers and children (and adults) who don't like ""chunky"" sauce. i grew up making the chef boyardee pizza kit with my mom. i like that i can buy the sauce seperately and make it with other kinds of crusts.",5.0,Amazon,Amazon,52,277,92.81,0.8269230769230769
great way to spend money; great way to avoid those fattening snacks too many people think are necessary! happy days!~!,4.0,Amazon,Amazon,20,118,75.97,0.85
"twas quite nice stayed boyfriend 2 nights, check receptionist friendly helpfully explaining fees charges, room nice quite small 4* hotel expected size quality, no real doors bathroom glass shower like ones, really got think terrible idea bathroom private place n't want fellow traveller knowing boyfriend, room not cleaned did n't clean sheets towels, probably did n't make room sign 3pm personally feel ok seen 4* hotel obviously n't agree overall enjoyable stay just n't expect,",3.0,TripAdvisor,TripAdvisor,75,480,75.2,0.84
this company was sent by american home shield. these folks are a real fraud! they work with ahs to rip people off their money. i will be filing a lawsuit shortly and would rather keep my review short but i would like to warn people in advance. please do not become a victim!,1.0,Yelp,Yelp,53,274,93.64,0.8867924528301887
"while i knew that the product was small and expensive i also knew my dog would love it. here's the problem as i see it. the elk rack is realy an excellent product in and of it self, but when you add the cost o f the product and the shipping it is way too expensive. so i checked around both on line and off-line. i found many other sites and places which have the same produc at a much more reasonable cost. so much for believing that amazon offered a good value. hope you find this informative.",2.0,Amazon,Amazon,98,495,90.75,0.7448979591836735
"the special k protein shakes in strawberry remind me very much of the flavor of strawberry milk. it isn't too sweet, but don't expect ""real"" strawberry flavor. definitely best served cold.",4.0,Amazon,Amazon,31,188,93.06,0.8709677419354839
"this is the typical case of where the hype totally ruined a good experience. i went expecting the best! people compared it to the best! i had the classic roast pork with sharp provolone and broccoli rabe. where to start. the bread. yes. lets start with the bread. it's dry, hard and i think i cut my gums. thumbs down. the pork. it's okay. a little on the dry side. wish i had more au jus or something. broccoli rabe - the only highlight of this hoagie. it was seasoned well, cooked well. it was just delicious. but why the 2 stars? the veggie out shined the meat. hence. low score. i will give an extra half star to our server. she was super nice. i think i would have given this place a three if i wasn't expecting anything.",2.0,Yelp,Yelp,140,726,86.35,0.7071428571428572
if you like wunderlust and peel you will absolutely fall in love with pw pizza. from the first bite i almost fell out of my chair. i was speechless.,5.0,Yelp,Yelp,29,148,94.6,0.9310344827586208
"i wanted to learn how to use gluten in making wheat bread, and chose this brand because of the positive reviews i read on amazon. the quality is good and seems to work well. i would have loved it if this product came with some recipes and tips.",4.0,Amazon,Amazon,48,244,94.2,0.8333333333333334
moneygrabber wants you to pay premium to choose specific dates.,1.0,GooglePlay,GooglePlay,10,63,53.8,0.9
"so you just put tasks in alphabetical order instead of the order in which i need to do them depending on the time there should be the capability to change that i do not want to read my tasks in alphabetical order i want to read them in the order that i placed them on my task list i'm uninstalling this app i don't know why i keep trying to use it, it never works well.",1.0,GooglePlay,GooglePlay,76,369,63.95,0.631578947368421
"sugar free and aspartame free, this cherry flavoring is just right to add to a bottle of water. just add and shake and you get a fantastic flavor drink. great for those on a diet and looking to avoid aspartame intake.",5.0,Amazon,Amazon,41,217,90.95,0.7560975609756098
i am perplexed by the high reviews and hype. i dined there in spite of the ridiculous dress code and had two things that are supposed to be fantastic legendary etc. - turtle soup which was ok and bread pudding which was souffle style and therefore eggy and blech.two stars for the delicious hard sauce on the pudding. otherwise a waste of time and money.,2.0,Yelp,Yelp,65,354,92.46,0.8153846153846154
"love these. dry, they're chewy but not crunchy and very sweet. i add them to cups of soup and nutrasystem foods to provide bulk and get my veggies. these might be good in burger meat.",5.0,Amazon,Amazon,35,183,93.73,0.9142857142857144
we frequent this establishment often. although it can get very crowded while the snow birds are in town. food is fresh and delicious every time with a great core wait staff that remembers us.,5.0,Yelp,Yelp,34,191,97.33,1.0
"i did not like this product. it has a very strong amount of pepper. it does not have much of a ranch taste or a spicy-chili type taste. it is also very thick--too thick for salad dressing or tacos, i think. i would not recommend it.",2.0,Amazon,Amazon,46,232,89.31,0.7608695652173914
ok by far the best planner anyone could have .i loved it and it has no ads and totally offline,5.0,GooglePlay,GooglePlay,20,94,73.8,0.9
"service terrible room ok food expensive stayed romantic getaway, arrived tell service going issue, valet/check-in stations not organized, went valet car told guy wanted park, told leave car forgot, went check took 30 mins no rush not moved, walked car told wanted parked took care, got checked asked bags delivered room, waiting 45 minutes called said send, 15 minutes went downstairs sitting left, ended taking ourselves.we ate pool ended spending 100 2 drinks sandwiches, ate restaurants food service average exception lemongrass, expensive meal ate just apps drinks 150, far best meal trip, pools bit chilly crowded noisy lots kids, actually rented car drove ponce day, stumbled place called copamarina stay time, pools perfect spread activities beach parasaling snorkeling, right outside room door,",2.0,TripAdvisor,TripAdvisor,122,802,77.14,0.8114754098360656
"thoroughly enjoyed stay, stayed hotel 4 nights boyfriend, say reading reviews little worried booked xmas present, pleasantly suprised clean reception room stayed hallways, not inch dust sight, room tidied everyday clean towels needed toiletries supplied day right day, thing did not work properly air conditioning easily solved having window open, yes quite noisey outside did amout walking sightseeing managed like fall asleep soon head touched pillow did n't eat hotel purely choice n't bothered getting bed till late night, really enjoyed stay,",5.0,TripAdvisor,TripAdvisor,82,547,76.34,0.8780487804878049
took $ before the renewal date. have not recieved my refund and canceled on the due date.,1.0,GooglePlay,GooglePlay,17,89,77.67,0.8823529411764706
"i love these! i eat them with milk or dry as a snack. they can be a bit sweet to some, but their actual sugars are lower per serving than many cereals. i always have them in the pantry and guests seem to gravitate towards them. there is also a recipe on line for a mixed drink with these as an ingredient. have not tried that yet.",5.0,Amazon,Amazon,67,330,87.79,0.8507462686567164
great ambience. don't recommend the beer selection but the wine tasting was good and priced reasonably. good costumer service,4.0,Yelp,Yelp,19,125,77.18,0.8947368421052632
"seems laggy moving between lists and tabs after the latest update. no way to delete a parent list without manually deleting all sublists first? edit: i see the delete option for subtasks, but how do you delete sublists and parent lists? (i understand it's a hobby project, and i appreciate that. just making sure i'm not missing something.)",3.0,GooglePlay,GooglePlay,58,340,92.01,0.8448275862068966
"hey there, lots of compulsory improvements needed asap like check boxes, short note or comment on routine and many more. suppose my class which was on routine got cancelled and i want to delete it from my schedule. i can't do it. it still get counted in my day summary. you got potential don't just give a way to other apps. cheers",3.0,GooglePlay,GooglePlay,62,331,92.58,0.8548387096774194
"i really hope that these companies start producing more decaf products of different flavors! there is so much mint and chamomile tea in this package, i don't want to see anymore for a long time. my husband got this for me as a gift and the package was shorted by 2 k-cups. please give us decaf drinkers more variety!",3.0,Amazon,Amazon,59,316,95.14,0.8813559322033898
"haven't made the cookies yet and already disappointed. first, the packaging arrived damaged (bottom of cookie box was opened). most disappointing is that there is no icing or sprinkles inside, despite the colorful box.",2.0,Amazon,Amazon,34,218,94.69,0.9117647058823528
"jaded tired location excellent far nicer options amsterdam hotel, rooms tired jaded lobby odd, didnt enjoy sitting lobby stuffy humid like big greenhouse.its ok hotel, quite bland thought, concierge class help, thanks,",3.0,TripAdvisor,TripAdvisor,32,218,95.45,0.875
easy to use and does the job in an easy user friendly format.,4.0,GooglePlay,GooglePlay,13,61,50.69,0.9230769230769232
"i liked these. i was prepared for an awful stench upon opening the package, but mine didn't smell at all. i followed the instructions and was pleasantly suprised by the taste and unique (unique = good) texture. these noodles weren't like pasta, but they were good. i'll have no problem eating them agian. as a matter of fact i thought they were quite delicious.",4.0,Amazon,Amazon,64,361,92.38,0.84375
"as a miami native, i was extremely disappointed by this place. my husband and i were looking for a place to eat on sunday and we stopped by here since we are both hispanic and wanted some cuban food. we ordered churrasco,rice,and plantains and we literally had to wait over 30 minutes to get our food.mind you, people that came after us were dispatched right away. to top things off the prices are entirely too high we spent about $30.",1.0,Yelp,Yelp,80,435,93.58,0.8125
"i've only had this app for a couple of days but it's already helped me so much! i've tried a lot of planner-type apps but i never felt motivated to follow through with them. this app allows you to make schedules and tasks, and it has a reward system in place! i've had a hard time focusing with all this online school stuff, but my productivity has shot up due to this app :) definitely worth a try. thank you devs!",5.0,GooglePlay,GooglePlay,81,415,91.5,0.7407407407407407
"bad breakfast hi stayed hiltons hat problems breakfast, service slow quality breakfast buffet n't really 5 star, room ok compareble hotels,",2.0,TripAdvisor,TripAdvisor,21,139,82.37,0.9523809523809524
"chips ahoy new cookies are really not gooey or even mega fudge. many other cookies are far more fudgey and far more gooey. they are okay to eat, if you do not mind a slight grainy texture. i did receive these on a warm 90+ degree day and tried them immediately, they were much better warm - like right out from the oven. the packaging is also done well, even after shipping there was very little breakage, which means these would travel well, and since they really aren't all that gooey they are not quite as messy as some others. two cookies are about 150 calories, quite a lot for a cookie such as this, there is also 7 grams of fat and 110 mg of sodium, 21 g of carbohydrates. you need to weigh! the diet choices and decide if these are worth all of that to you. personally i do not think these will be on my future shopping list.",3.0,Amazon,Amazon,162,833,75.74,0.691358024691358
easy to add and remove tasks. i need simple or i wont do it. lazy? maybe but i'm being real.,5.0,GooglePlay,GooglePlay,20,92,73.3,0.95
"i lived in mexico city for 8 years and i have a deep love and appreciation for all things mexican. that said, this is a good restaurant if you're looking for tex-mex (not authentic mexican) food. i ordered the enchiladas and my wife ordered the chile relleno. both were tasty, and if you've never had real deal mexican food (you know.from small restaurants in ruskin or wimauma where a sign could read 'no espanol, no servicio' ) you would find food similar to other tex mex fares in the brandon area. in conclusion, if you're looking for food that meets the typical gringo expectations without too much of a cultural shock, visit mi casa. however. if you long for the real deal mexican taste, try a small establishment in ruskin or wimauma. gracias.",3.0,Yelp,Yelp,133,750,90.37,0.7218045112781954
"""i ordered 12 bottles but i like to leave some advise for future buyers; - the bottles doesn't have an expiration or made date printed! - under the metal cap/cover has rust but easy to clean out. - all 12 glass bottles that i bought has outside scratches around it (like old bottles) but probably from the manufacture machines as glass bottles aren't recyclable but only washed before refilled again in some countries. showing ""1995 the coca cola company"". the taste isn't fresh as i remember it before and the carbonate/soda taste is almost gone. i'll post a better and bigger picture.",3.0,Amazon,Amazon,102,586,92.25,0.7549019607843137
"i have lived here for a year and love it! amazing location near tons of great stores & restaurants, a gated parking garage for residents only, a gym with weekly fitness classes, serene pool & separate courtyard, and spacious bathrooms & closets. the staff is always friendly and they host monthly events for all residents!",4.0,Yelp,Yelp,55,322,95.5,0.8545454545454545
"this review is just on the pins aspect of wahooz as all we did was bowling. i know these kind of places are geared more towards families and kids and not for the serious ballers but these were the worst lane conditions i have ever experienced in the 30 years i have been bowling. my first ball i literly fell on my face as i went to release the ball and slide a bit my shoes just stuck. this has never ever ever happened to me, and it's not like i run up to the foul line. the end the 2 kids next to use literally slamming there balls in to the lane on every throw and not having any bowling eddicete and the fact they have one of the ball helper things for small kids on every line that i kept kicking on every pass i was just over the while situation and can think of any other place in boise i would rather go bowling then this place. all there needs to be is a little monitoring of the lanes just to make sure all people are having a good time a being curtiouse of others hopefully they get this fixed.",1.0,Yelp,Yelp,203,1006,61.7,0.6009852216748769
"the taste of this popcorn is superb; however, the dark kernels do not fully pop for us. we are using a hot air popper and are still trying to figure out if we are doing something wrong. we have separated the popcorn into two batches; one that has the dark kernels removed and one with the dark kernels remaining. of the two, the fist batch without the dark kernels is superior, but we are still experimenting with the dark kernels. we have not tried another brand or type of popcorn yet, but will do so in the future.",3.0,Amazon,Amazon,98,517,88.34,0.6326530612244898
"can't add an outlook calendar that isn't on ms exchange, so that means you can't add any regular personal outlook calendar. that's pretty bad. edit: the developer response links to a page discussing ms exchange-enabled outlook accounts. my comment was regarding non-exchange accounts. so the developer didn't even read my review properly.",1.0,GooglePlay,GooglePlay,52,338,90.61,0.7884615384615384
update: thanks for your response. i would ask the developers to check their own app. there is no monthly subscription option in the app. old review: no monthly subscriptions? why should i be forced to subscribe for a year? i am definitely not subscribing for a year in one go. this is ridiculously desperate.,1.0,GooglePlay,GooglePlay,54,308,89.22,0.7777777777777778
"i bought this product based on the positive reviews it has gotten here. my experience was the exact opposite of what others have said. while the texture of healthy top is great, i found the taste to be quite frankly pretty awful. i expected a nutty taste, but this is a very distinct, powerfully odd nutty flavor that i could not get rid of no matter what i added to it. my search for a non-dairy whipped topping continues.",1.0,Amazon,Amazon,79,423,92.66,0.7848101265822784
love planner pro to keep up with tasks and appointments. optional alarms for meetings and events are very helpful to keep me on track.,5.0,GooglePlay,GooglePlay,24,134,78.85,0.875
"fantastic wife parents stayed hilton 7 nights new year fantastic time, hotel really nice, time came nyc stayed milford plaza 100 times better, rooms large beds view fantastic.if looking bit luxury stay, cant wait back.,",5.0,TripAdvisor,TripAdvisor,35,219,95.75,0.9428571428571428
"was in downtown indy for an evening event. stopped here for a couple hours and enjoyed a couple cocktails and my first ever game of exploding kitchens. when we first walked in, it looked like your typical restaurant and seemed like we were going to be turned away with a reservation. well, we were joining a group that was already in, so we went to find them. i can totally see how a varying range of experience could occur here. there is a restaurant, bar, bowling, event hosting space, billiards and a pretty cozy lounge with fireplace. each of these spaces are so segmented, that it seems like separate establishments. grab a pretty cozy seat near the fireplace and was surprised to be offered drink service. so, we sat down and didn't have to move until we were ready to leave. i ordered the kings cup which was strong and flavorful. like a margherita but without the tequila. the garnishments were also fresh, crisp cucumber and sweet lemon slices.",5.0,Yelp,Yelp,169,953,74.56,0.7041420118343196
"hey guys this place is for you if you looking for a sofa bad quality, and the people who works there or the owners are not professionals at all, i went there a week ago and they said they don't have the sofa what i looking for but come tomorrow afternoon at 5:p.m. they said , so i said okay and i pay everything, and i i went there at 5:15 p.m. next day, and they said oh the sofa is not ready wait a moment someone gonna take you at the warehouse so i waited, and then 30 mint before someone's taked me to the warehouse to pick up the sofa. and the man didn't found the sofa, i waited 3 hours and they keep saying wait, it's almost ready. and wasn't ready at all, the man it were looking for the sofa. so i decide to take back my money . i told them you guys need to be honest with your customers, so they charge $50 dollars for taking back my money, so if you planning to buy a sofa try to not pay before you get because they don't care , they take so long time to give your sofa , and the girs who works there is not educated. not professional at all. i wouldn't recommend to my friends this place .",1.0,Yelp,Yelp,227,1103,64.67,0.5242290748898678
"this is an amazing app. you're able to customize almost everything to what you want. there are some things i'd love to see added, though. some way to have an item reward you with money would be nice, and being able to have a task directly award you with an item, too. developer(s), if you see this you have done an amazing job, i'll be getting the in app subscription soon to support you.",5.0,GooglePlay,GooglePlay,74,388,90.21,0.7162162162162162
"honesty, not sure why all the rave reviews. it's good and the servings are generous but i had the beef brisket plate with baked beans and wasnt really impressed. my wife had the nachos and they were surprisingly good.so i'd recommend them.the chairs were uncomfortable and i was ready to leave five minutes into my meal, but great service sounds.",3.0,Yelp,Yelp,60,346,92.1,0.8166666666666667
"it's a box. the box looks nice, but it's not worth the purchase price. don't do it. because the tea, you probably won't use. it's really, really weak-flavored. i oversteeped a pot, used three teabags instead of my usual two, and still could barely taste (even using my imagination a bit to boost it) the ""blueberry."" after trying three types of tea (blueberry, mango and one other flavor i couldn't taste and can't recall,) i just dumped the last pot, threw the bags away, and gave the box to my son, who looked at it kinda funny, and muttered something about warhammer figures or something. sigh.",1.0,Amazon,Amazon,106,597,91.31,0.7735849056603774
"this place is 100% recommended! the menu has many options to pick, you'll love it. the staff and the environment are very nice. they have happy hour and live entertainment also.overall, a really great experience and we hope to visit very soon again.",5.0,Yelp,Yelp,43,249,92.05,0.8604651162790697
"we had a pleasant time at joe's. for a chain it is better than most. if you go, be prepared to wait as it is always crowded. not sure if they do call ahead. it is noisy but as a family we didn't care. it just means that everyone is having a good time. my kids both had the snow crab legs which they enjoyed. i thought it was a good portion for a kids meal. i had the steamer pot. wish i could remember which one. everything tastes good and i was happy with it but for the price i wish it was a little more full. we didn't have desert so i can't comment on that. if you go, i don't think you will be disappointed.",4.0,Yelp,Yelp,128,612,80.96,0.640625
"i used to eat at sweetie pies on mangrove quite often and the food was amazing. i'm not sure if they changed their recipe but the sides were horrible and taste like a pound of sugar. i'm not sure how other people eat their greens and macaroni but the sugar is horrible. the cashier was rude and had an attitude, there was a long line but what can you expect on a sunday. i wanted soul food so bad and was very disappointed. please bring your old recipe back and stop with all the sugar.",2.0,Yelp,Yelp,95,486,90.92,0.7263157894736842
"happy, stayed hotel june 2004 paid 39 night priceline, free breakfasts wonderful room big comfortable, absolutely no complaints stay,",5.0,TripAdvisor,TripAdvisor,19,133,84.6,1.0
paid extra to reserve front row seats on the top level with my girlfriend. ended up split up on a coach bus. already 20 minutes late to depart and no clue if itll start soon. some communication of the issue would be nice.,1.0,Yelp,Yelp,43,221,94.31,0.9069767441860463
"i tried this water at room temperature and cold out of the fridge. tasted to me like water is supposed to taste. no better or worse than water from my brita pitcher. i'm not sure how i could fairly evaluate the health claims made. in the meantime, i guess i'll stick to my brita pitcher water.",3.0,Amazon,Amazon,56,293,91.92,0.8214285714285714
"disappointing just returned 4 night stay alexandra, booked easyjet honestly state hugely disappointed star rating attributed hotel, humble opinion hotel no way 4* establishment, booked junior suite suite, suite 7th floor accessed claustrophobic lift experienced, suite overlooked yards littered rubbish, suite shabby light room dark oppressive, complained moved suite, building slight improvement fowl smell eventually identified coming toilet, morning woke plume dust hanging heavily air bed, presume came renovations carried lobby area n't told easyjet added desolate appearance place, complained moved junior suite balcony booked easyjet, improvement way apology complimentary bowl fruit sent room, staff courteous place nothing way luxury, towels worn grey time ate restaurant people eating, add tale woe daughter actually spotted green mold breakfast roll fortunately eating,",2.0,TripAdvisor,TripAdvisor,120,880,76.25,0.875
"loved this except for the added sugar. people who order this are likely doing so to control fat or caloric intake, so why undermine their efforts? if a sugar-free version, i'll order it again. until then, i'm better off with the no-added-sugar varieties (as cutting out simple carbs has worked wonders for me for 10 years now). a plus: these make fabulous peanut butter cookies.",4.0,Amazon,Amazon,65,378,94.77,0.8923076923076924
"i drink a lot of coffee and ergo use a lot of sugar, but am trying to cut sugar out of my diet. although i will use splenda, i am not fond of the aftertaste. i've tried truvia too, which also has an aftertaste. i guess since none of these sugar substitutes are really sugar, they're all going to have an aftertaste. so while this product is no different, the slight vanilla flavor helps to either cut down on the aftertaste or distracts your tastebuds from it. one downside is that the bottle goes quickly for hardcore coffee drinkers, which probably more expensive than just straight splenda. overall, i think it's a good alternative to sugar and would recommend it to those who are trying to cut down on sugar consumption.",3.0,Amazon,Amazon,131,724,91.01,0.7099236641221374
"great selection for size, color, everything. prices were on the higher side. kinda in a sketchy area.",3.0,Yelp,Yelp,17,101,80.07,1.0
"love place stayed numerous times business, staff service levels truly outstanding security excellent, rooms beautiful spacious, hotel flexible getting nice rooms gorgeous views nothing like empire state building rising outside window, extensive free breakfast offered nice environment, son-in-law travels new york regularly tries stay possible,",5.0,TripAdvisor,TripAdvisor,45,344,87.87,0.9555555555555556
have the free version and even that is quite useful in terms of ease of use and integration with calendars. now thinking of upgrading. could get a 5 then.,4.0,GooglePlay,GooglePlay,29,154,93.56,0.896551724137931
very casual and chill environment. it was not busy as we went on a tuesday in the early afternoon. the pizza was pretty good- coming from a new yorker! it was thin crust and a great size for 1 hungry person. our waitress was very kind and was helpful with recommending us a beer we would like. the spinach artichoke dip came in a deep bowl and was a good amount for 2 people.,4.0,Yelp,Yelp,74,375,89.63,0.7297297297297297
"best stayed hotel year excellent stay heading paris beginning january 08 no second thoughts stay.the service staff excellent, room clean appointed, staff gave help having problems checking flight online, wonderful stay paris year,",5.0,TripAdvisor,TripAdvisor,33,230,96.67,0.9090909090909092
love it! amazing salon! the girls know what they are doing and are perfectionist! ive been going to bailey for 6 years now and wouldn't go anywhere else! bailey and danielle are both extremely talented with hair and makeup! they are friendly and the salon makes for a cozy and comfortable environment,5.0,Yelp,Yelp,52,300,89.34,0.7692307692307693
"blank screens when initially launching, character creation screen missing most assets but still semi functional. unable to begin. oneplus 6t a10",1.0,GooglePlay,GooglePlay,21,144,80.6,1.0
"this is such a great spot for lunch. the atmosphere on the patio overlooking st. charles is so welcoming. their chargrilled oysters and gumbo are superb, and we are locals. my husband and i always go for the shrimp salad because it is light and refreshing. the flavor combos are spectacular.",5.0,Yelp,Yelp,51,291,89.73,0.7843137254901961
"absolutely spectacular, husband arrived ocean sand golf sand resort feb. 24/07 departed march 3/07, nothing praise resort, room villa 9 overlooking pool, perfect view pools ocean balcony, bothered noise pool areas, room kept spotless clean smelling wonderful housekeeper georgina, kept fridge stocked water pop beer, bathroom spotless, thoroughly enjoyed food restaurants particularly buffet, staff areas resort goes make stay memorable, ocean pool staff consistently friendly polite hard-working gracious happy, particularly enjoyed meeting jose zoila dedicated pool-side workers, work ethic positive attitudes admirable, like return resort meet wonderful people, fantastic vacation ocean sand, ca n't wait,",5.0,TripAdvisor,TripAdvisor,95,708,84.09,0.8631578947368421
you remind of the todos i had planned to do and didn't do. this keeps me updated. love it,5.0,GooglePlay,GooglePlay,19,89,75.33,1.0
"the setup seemed nice, but the constant pop ups are so annoying as to make it unusable",3.0,GooglePlay,GooglePlay,17,86,82.84,0.9411764705882352
"very delicious, fresh and quality ingredients! 5stars clean kitchen! you can't complain about food, you can't complain after trying tasty foods). raxmat",5.0,Yelp,Yelp,22,152,75.91,0.8636363636363636
"haven't had it long. seems to do the trick, i travel often and need a way to organize packing lists for varied destinations and i like having a way to keep up with shopping needs, things i'm expecting in the mail, and things i want to remember to bring next time.",5.0,GooglePlay,GooglePlay,51,263,89.94,0.7647058823529411
"the candy actually taste great, not dried out as might be expected. i used these as decorations on top of cupcakes for a hot dog party. everyone thought it was very cute and kids ate them like crazy.",5.0,Amazon,Amazon,38,199,97.08,0.9736842105263158
"i bought these because i couldn't find them in any of the stores around where i live. my grandma used to bring me butter rum lifesavers all the time when i was a kid and i have fond memories of sneaking them in my mouth during church on sunday. :) i enjoyed the product but my goodness, you get enough to feed 60 people! i recommend that you give bags out to your friends and family when you get them!",5.0,Amazon,Amazon,80,401,91.7,0.75
"i stopped into this shop as i was walking through maplewood heading towards schlafly's. it looked like a great place to find a few neat christmas gifts. when you walk in, the aroma of all the spices and herbs wraps you up like a warm blanket. i immediately relaxed and savored it. i was quickly greeted my a saleswoman, who asked if she could help me find anything. i told her i was just looking and she let me be. they carry an incredible range of high quality spices, herbs, rubs, marinades, salad dressing mixes, you name it. i ended up buying a small container of saffron for my wife who likes to cook and a set of hot chocolate mixes for me. i'd give them 5 stars, but the prices are just a bit high.",4.0,Yelp,Yelp,136,705,91.12,0.7426470588235294
i would have to agree that this mix is great. i just made the coffee cake this past weekend and was worried that my non-gluten free friends wouldn't like it. they loved it! 1 person even asked me for the recipe. ( i even made it sugar-free with stevia.) i highly recommend this mix as well.,4.0,Amazon,Amazon,56,290,91.18,0.8214285714285714
"i always prefer local spots over the ""bucks"" whenever i can. nice environment, outdoor seating and they make a mean cafe au lait. and the location is top notch right off esplanade kinda hidden. mm",4.0,Yelp,Yelp,35,196,93.73,0.9142857142857144
"this place is pretty damn good. the first time i visited here it was bangin, but the second time tried a few different items and they were pretty good as well. the atmosphere is small and local. the service is friendly and helpful. the food was very tasty and i'll be returning for sure. authentic mexican food with awesome prices to match.",4.0,Yelp,Yelp,62,340,90.64,0.7903225806451613
"loved manny santiago family stayed twice las casitas.we specifically requester butler manny santiago second trip.he special las casitas.you great place,",5.0,TripAdvisor,TripAdvisor,20,152,75.3,0.85
i really liked the app but now i'm going to have to find something else. they have started to have pop up ads that are very disruptive. i was in a meeting and i had to put in an event in the calendar when an ad popped up and started blaring music and i couldn't close it until the ad was finished. it was very inappropriate. it is now totally unsuitable for a business calendar with these ads. i was fine before when the ads were unobtrusive.,2.0,GooglePlay,GooglePlay,87,442,87.91,0.6436781609195402
"five stars for a brew pub you ask? yes, absolutely yes. the full experience is here for the taking. not only are the beers nearly all excellent but now they have the fantastic crowler machine to make 32 ounce take away cans of some of their beers. do try the saison blue and the double red. both fantastic.",5.0,Yelp,Yelp,58,306,93.05,0.8793103448275862
".dont order the baked beans.mild bbq sauce wasn't anything special and the smoked turkey & brisket wasn't tender, potato salad is decent just a little heavy on the onions. first time at this place as an out of towner, would not recommend. the side of toast was good though.",2.0,Yelp,Yelp,49,273,94.64,0.8979591836734694
awesome! helps keep track of all your day to day activities and it can sync to your calendar's!,5.0,GooglePlay,GooglePlay,18,95,76.4,0.8333333333333334
football season is over and so is this bar don't even waste your time. all the bartenders do these days is stand around and complain. makes for an uncomfortable experience,1.0,Yelp,Yelp,30,171,93.8,0.9
"nice little hotel stayed week hotel mar 28 apr 4. read reviews tripadvisor.com deciding book hotel, liked hotel located tsimshatsui, knew steep hill way escalator flight stairs knutsford terrace miramar shopping centre, pleasantly surprised size room quite spacious hong kong standard, gym not equipped no using free guests, looked driving range hotel, costs hkg 70 10 bucket golf balls clubs did not use particular amenity decent view there.during stay hotel running special lunch buffet weekdays afternoon tea weekends, 25 regular price, tried lunch buffet quite happy food.all definitely return hotel visit hong kong,",4.0,TripAdvisor,TripAdvisor,93,620,96.53,0.8924731182795699
"i really want to love this but it's just so buggy. i'd happily pay money for a working version of this app, but not in its current state.",2.0,GooglePlay,GooglePlay,28,137,91.26,0.9285714285714286
the packaging for the organic steel oats was awful. when i opened the box every single container was opened and there were oats everywhere. one more thing: the oats were packaged with 12 can of soup. poor combination. no wonder why they burst open. amazon must do a better job of protecting the contents for shipment. they may have already been punctured. i will return the item. update: i contacted amazon about the packaging. amazon responded to my e-mail within 3 hours. i requested the oats be replaced. amazon apologized about the packaging and are sending a new shipment. thank you amazon for your customer service.,1.0,Amazon,Amazon,106,621,87.57,0.7169811320754716
sun rayreally good service.i like that you order and pay first.my food that i've received has always been good.great place to people watch.looks like they've always been making improvements.overall i think a good place to go.,4.0,Yelp,Yelp,36,225,89.37,0.8055555555555556
"i love this place.they don't just handle my clothes perfectly, they are like family. i have been going there for years. they have been nothing but helpful. i love you guys.",5.0,Yelp,Yelp,31,172,89.47,0.8064516129032258
this planner app is pretty clear and simple. i have the paid version and it works ok except today they had a glitch and i lost everything even when i reinstalled. it was just so screwed up! so if you don't mind losing all of your work when they update. i guess it's survivable.,3.0,GooglePlay,GooglePlay,54,277,92.12,0.8333333333333334
"descent vacation price second time punta cana overall n't bad hotel, sure problems outdated rooms limited selection buffet, actually biggest thing bothered limited number chairs beach limited areas shade not good person burns easily staff friendly drinks good entertainment blast involved, clientele french spanish nice relaxed european environment, recomendations beach early chair shade quick showers avoid freezing slice pizza pizzaria best pizza stage looking participants open mind, n't bad hotel price,",3.0,TripAdvisor,TripAdvisor,71,508,76.62,0.8873239436619719
"great view breakfast not worth 5 stars upper rooms excellent view city, ask corner room, not central amsterdam quite close pijp area hotel located quite hip recent years bars restaurant shops.room decent, normal size clean, use re-decoration, japanese, upper level 23rd floor restaurant michelin star japanese food did n't eat,",3.0,TripAdvisor,TripAdvisor,50,327,94.2,0.9
"my new favorite restaurant in the lansdale-souderton-north wales area. nice interior decor. this place is formally molly mcguires. they turned it from irish pub to modern taproom. dim lighting booth and table seating. our server barb was excellent. since it was our first time she gave us good suggestions. she consistently checked in and timed our food perfectly.we started with the lansdale mule and mich ultra. my hubs is a bl drinker but they have a nice ipa list as well specialty cocktail list. for apps started with the deviled eggs (glad we ordered two because they are legit)! so good highly recommend. next the beet salad. creamy goat cheese, candied walnuts, beets, red onion. not over dressed. the smoked tomato soup was delicious. not too creamy but rich and flavorful with garlic crisps.for entree we had the fried chicken. crispy & juicy. definitely tasted rosemary & honey in the batter.really good! the salmon on cedar plank was equally good. cooked perfectly! they have a kids menu so we will be back with the kids! both stove and tap are working beautifully!",4.0,Yelp,Yelp,182,1077,73.62,0.7637362637362637
"good app. but didnt exceed my expectations to create a google hangouts scheduler. i really want an automatoc hangouts chat scheduled to be sent but when i tried to set it up on zapier, it doesnt work. i had to unsubscribe to yearly premium, im not sure what gives the premium vs free",4.0,GooglePlay,GooglePlay,53,283,93.01,0.8301886792452831
"it took me a couple of days to figure out how to enter information without data such as 'may' converting to 'date'. i simply had to tap on the word and it reversed the automation. i also found out by accident that a simple swipe down revealed all the sub-tasks that i was entering. i thought i had to go back to the main menu all the time. a simple 'start here first' induction video would be great but the more i practice, the better the app feels. still orientating, early days yet.",3.0,GooglePlay,GooglePlay,93,484,90.61,0.7204301075268817
the app crashes and closes when trying to sync. i have the platinum plan,2.0,GooglePlay,GooglePlay,14,72,53.46,0.9285714285714286
super grateful for speedy service. my car tire ended up with a nail in it and this dobbs magically repaired my tire and had me on my way in 30 minutes! thank you!,5.0,Yelp,Yelp,33,162,87.65,0.8484848484848485
"hungry? in the mood for indian? in need of something quick? this is the spot for you! you create your own meal by choosing what your style (naan pizza, rice bowl, naanwhich, pasta bowl) then pick your protein, pick which curry (you can mix if more than one speaks to you), choose which toppings to top & sauce (choose as many as you want). quiet space and plenty of seating inside. they offer plenty of drink options and it is easy to find a parking spot. what a great budget friendly spot and you get a lot for the price! fast food styled and i'm a fan.",5.0,Yelp,Yelp,107,554,90.27,0.7570093457943925
"unfortunately, i am stuck with 480 mints that i do not like because you cannot return these kind of items to amazon (which makes sense, i guess). anyway, when you first put the mint in your mouth there is no taste. zero. then, as the mint gets crumbly -- not in a slow dissolve way but just a fall apart way -- you get a little mint. maybe i got a bad batch, but whatever the case i certainly would not buy this brand again, and i learned not to buy items i've never tried in such a large quantity.",2.0,Amazon,Amazon,100,498,86.7,0.75
"this used to be a wonderfully flavored, handy product. something has gone awry in the last 6 months. the creamer is virtually flavorless when i pour it in my coffee, although it tastes fine if i sip it while in the original product container. wonder if there was a product ingredient change or an ingredient source change that could account for the loss of flavor when it is added to a hot liquid?",2.0,Amazon,Amazon,73,397,92.5,0.7534246575342466
"i got my wisdom teeth removed (costed more than i was expecting) and developed a very painful dry socket. went back before my follow-up consultation was scheduled because of the incredible pain in my lower right side. i saw a different doctor than who had done my procedure. i understood, since i came in early, and was seen briefly by cari callaway who confirmed i had the dry socket. instead of a prescription for the well-documented pain that is associated with this, she only advised putting oil on the wound and waiting. i tried to relay the debilitating aspect of my pain, and she dismissed me at every turn. i got no answer to ""what if the oil doesn't work?"" as she just repeated how essential oils aren't medicine unless they work, and this works. don't come here if you like your dentists to be receptive to your concerns and pain.",3.0,Yelp,Yelp,151,840,75.97,0.7152317880794702
baja shrimp tacos were wonderful. nice to be able to choose from a variety of options.,4.0,Yelp,Yelp,16,86,79.12,0.9375
i loved the franklin planners and this is as close as it comes so good job,5.0,GooglePlay,GooglePlay,16,74,77.33,0.9375
"life changing! i've been using this app for 2 years and it has changed my lifestyle. i actually bought the premium and i didn't regret it at all. i love that it is intuitive, the streak motivates you to keep doing. i love that there are more rewards that comes with the streak. for example, if you reach 30-day marked, you should receive a badge or trophy just to keep us motivated.",5.0,GooglePlay,GooglePlay,72,382,90.93,0.7777777777777778
"n't recommend, agree refund__c writer, getting reservation ala carte restaurants impossible, started calling 8:00 a.m. suggested time couldn__c_e_ good hour, did told restaurants booked, argued women vacation didn__c_e_ want beg dinner reservation, suggested buffets awful, arrived saturday monday started feeling ill. developed fever lasted till tuesday night accompanied diarrhea i__c_e recovering week later, sick people, felt especially bad children, order dinner walk 20 minutes half hour humidity heat, tram wait just long takes walk you__c_eee lucky seat available, make sure bring comfortable shoes, forget heels, little tiny black bugs crawling bathroom desk coffee table flat surface noticed thing lead believe bed slept, restless sleep, babysitting towel pool beach day wasn__c_e_ fun, walked towel hotel charge, like pampered forget, no room service no coffee coffee pot provided cups milk bar bring room, no bar beach, leave beach drink water, grounds beach pool absolutely beautiful, wish felt enjoy, truly wouldn__c_e_ recommend place, like refund__c writer said glitters isn__c_e_ gold__c,",1.0,TripAdvisor,TripAdvisor,157,1105,73.06,0.8853503184713376
"excellent value stayed 22nd floor junior suite balcony executive lounge access excellent rate aud258 night, cheapest room rate hotels similar standard sydney balcony suite lounge access quite incredible value, bedroom large small living room attached normal mini-bar large wine fridge, flat screens living room bedroom, main bathroom large great views additional toilet, balcony gave great views darling harbour city real bonus city hotel balconies, bed firm did n't impede sleep oddly hard pillows did extent.the executive lounge provided acceptable breakfast soft drinks day self-serve canapes drinks evening, actually bit atmospheric hotel executive lounges, outdoor pool area lovely improved weekdays throngs checked, nice jacuzzi steam room sauna average gym pool level.i say expected value like sydney, swissotel not plush properties like radisson comfortable spacious value not beaten, definitely stay,",4.0,TripAdvisor,TripAdvisor,128,909,83.81,0.7890625
"complete disappointment, hotel complete disappointment, claims boutique hotel beach lacks amenities boutique offer, rooms definitely minimal there__c_e_ bed placed conveniently center room blue fluorescent light fixtures nope not building exterior room serve room__c_e_ lighting sheer curtains cordon bathroom, obtuse armoire barely equip carryon luggage mismatched beat alongside mini-bar no better shape, room dacor reminded seedy motel bare white walls fluorescent lightning floating bed just mirror ceiling what__c_e_ missing, food inedible despite hotel eat rooftop bar restaurant comes kitchen, hotel staff offers incompetent concierge service times tried advised visit old san juan shopping mall el yunque far you__c_eo better chances getting advice valet william/kevin booking tours/visits, gym closed visit renovations features available, pool small wading pond albeit roof, hotel referred island caters late night party scene guests, you__c_eee looking relaxing pleasant holiday i__c_eo recommend intercontinental el san juan ritz hotels nearby, hotel claims big offers little__c,",1.0,TripAdvisor,TripAdvisor,145,1090,76.07,0.8689655172413793
"i was born in a time when i know what good candy is supposed to taste like, as well as soda pop. for those of you like me you will not go wrong on this chocolate candy. the chocolate does not taste like medicine but tastes like chocolate should and the creamy nougat is out of this world.",5.0,Amazon,Amazon,58,288,87.74,0.7758620689655172
"things don't seem to improve with time at outback. the food took forever to come and was cold. the salmon filet had bones throughout, the baby back ribs were dry, the fries were a mushy, cardboardy, salty cold mess and the burgers were so greasy they dripped all over the place. we only went because we got a gift card for outback but even free, it wasn't worth it.",1.0,Yelp,Yelp,69,365,94.92,0.8405797101449275
"if you like tea, then this will be something that can be enjoyed. it is slightly sour, but i drink it without any sugar or other additives.",4.0,Amazon,Amazon,27,139,95.98,0.925925925925926
"i tried this product long ago, and couldn't remember how well my three dachshunds liked it. i've been feeding them this for several days, gradually introducing it. i typically mix canned food with their meal at night, give a little more dry in the mornings if they cleaned their bowls the night before. well, there's lots of beneful left every morning. i generally feed my dogs purina little bites or pedigree small breed. this isn't the best dog food or the worst, but i give the what i can afford and i do read the labels. they've all lived to be very old dogs; my oldest is 17, so i must be doing something right. however, they just don't like beneful, with or without canned food. i think it's a bit pricier than what i usually get also, but not sure about that. i do know my dogs gave this food a bad review.",2.0,Amazon,Amazon,154,813,76.36,0.7467532467532467
the app was working fine until i removed google now. now the widgets will not show on home page.,4.0,GooglePlay,GooglePlay,19,96,80.02,0.9473684210526316
"simply horrible hotel generic hotel no character, glance appears somewhat elegant, quickly hollow wooden doors extremely low ceilings head hits exit signs corridors on.this hotel not waterfront unless consider waterfront 2 streets away actual water, careful booking water view hotel shaped like e afford rooms view water view tiny little sliver.the rooms literally smallest seen hotel caliber, shoebox, king size beds opinion foreshortened fit depressingly small little rooms, oh health club fans n't bother, health club small little guest rooms 5 odd machines, ceilings low unable use stairmaster rooms, tomorrow night excellent hyatt, stayed thought waterfront mean better setting doesnt,",1.0,TripAdvisor,TripAdvisor,100,690,88.17,0.81
"very bad premium services, developers are not taking care of this app anymore",1.0,GooglePlay,GooglePlay,13,77,58.0,1.0
"there's a bug where i set a reminder on saturday weekly then after i saved it, it shows friday on the screen.",4.0,GooglePlay,GooglePlay,22,109,79.31,0.8636363636363636
"this is a great spot! glad that my friend recommended while i was in town for the day. food was great, with portions so big we couldn't finish. loved eating al fresco so close to saguaro national park.",5.0,Yelp,Yelp,38,201,95.02,0.9473684210526316
"i ordered from here while my boyfriend was doing solar pannel work on a house 8 minutes down the street from him. i ordered his lunch, a burger and fries. the man on the phone told me it would be a 45 minute wait and i called back after waiting an entire hour and asked how soon? he told me the delivery driver left 10 minutes ago and was on his way. the food didn't arrive until an hour and 23 minutes went by and i called back to explain how that messed up my boyfriends lunch break because he didn't have his food in time or even close to on time. the man responded by yelling at me that they are busy instead of offering some type of condolence. will not be ordering again due to the lack in time management and the rude response. first and last time",2.0,Yelp,Yelp,150,754,89.5,0.66
"money grabbing charge credit card checkin checkout, not allow 16 years area spa including small pool accompanied parents, charge extra 4 person time use spa pool, roof pool 1 metre deep unheated, garage difficult 4x4 spaces tiny charge extra, charge extra breakfast, not using place live spain come minimum age use spa pool facilties staff unhelpful usual spanish lack service,",2.0,TripAdvisor,TripAdvisor,60,377,78.2,0.8333333333333334
"i bought these in hopes that my kids would like to eat them on their way out the door. so dissapointing! these are so gross! i can barely even tolerate them. we eat so healthy so it is not that we aren't used to healthy good food. we always eat whole wheat and we are always eating fruits and vegi's. you all can't say that it is because we aren't used to healthy eating. now, back to the cookies.they just are gross. i don't know what else to say, they are dry and tasteless discs comparable to cardboard. so very bummed out that they aren't what we were hoping for. back to granola bars i guess. :( o and just cause it says cookies does not mean it is good.",1.0,Amazon,Amazon,130,659,85.72,0.6307692307692307
"considering the extra that one pays for organic products, this product did not deliver. for one thing it did not pass my smell or taste tests. thyme is a fantastic herb, and i expected the organic to be even more robust than non-organic. i understand that it is dried for packaging, but even so, i did not expect to have to ""struggle"" so much to extract it's aroma or develop its flavor profile in my dishes. non-chef that i am , i have been around the kitchen long enough to know what i am working with when it comes to my favorite herbs and spices. this brand does not measure up.",2.0,Amazon,Amazon,111,582,90.61,0.6936936936936937
"great location great location, near museum quarter convenient public transportatin city, near different ethnic restaurants.stayed junior suite, nice modern room bathroom, beautiful restaurant, good breakfast buffet cheaper options nearby.we stay,",4.0,TripAdvisor,TripAdvisor,30,246,89.8,0.9333333333333332
"my kiddo wanted a shake and with the help of yelp and an interest in avoiding a chain, we came here. -sns would have been cheaper. dq, cheaper. i don't get where the other reviews are saying something costs $1. on the menu were shakes, sundaes, and waffle cones, all of which were $4-something plus tax. -shake size was smaller than what you get elsewhere. the kid consumed her chocolate shake before i got a chance to taste it but kid+shake=happy no matter the quality. -lid did not fit the bowl. i was struggling with a melting chocolate sundae mess oozing over the side plus adjusting the crooked lid. i had a mess on my napkined lap.-my flavor was chocolate peanut butter, but i found one piece of pb in the whole shebang. -ice chunks. melting and re freezing? i don't know. and as has been mentioned, there is a gummy texture that is unpleasant.i'm irritated to find out something should have been a dollar. we had to look like we were from out of town so some offer of help with the menu or what the regulars know would have been nice.i'm not giving a one star rating because even though i won't be back i'd like this business to succeed. if you live in or are visiting the neighborhood, give it a try but ask questions! i can't recommend going out of your way to try gordon's.",2.0,Yelp,Yelp,239,1283,72.04,0.6485355648535565
"wallet stolen room, recently stayed hotel zaza disappointed.first let state live dallas just wanted nice night together.while louis vuitton wallet stolen room, not safe wife louis vuitton purse, obviously inside job told desk staff acted no big deal unsympathetic, 10 phone calls property finally got manager todd iacona told investigate.of course said no accessed room according key records, yeah right, hotel management 101 tells admit fault compensating free night dinner hotel, offered none, local dallasite recommend stay w downtown, staff nicer amenities better.btw room zaza did not shampoo soap numerous light bulbs burnt out.avoid costp.s, contact similar situation, love contact local news station tell goes,",1.0,TripAdvisor,TripAdvisor,105,718,94.51,0.8571428571428571
"kellogg's rb has been one of my favorite rb's for years, and this version does nothing to change that. the flakes are crisp and hold up well in milk. the raisins are soft, plump, and don't get hard in the milk like some do. the cinnamon coating has a nice flavor that is not overpowering. the almonds.oh, there's a couple.are crispy with a sweet coating. in the bowl with milk, the cinnamon flavor nicely compliments the bran flakes and raisins. the almonds don't really add anything to the mix. there aren't that many of them, and you really can't taste them when you get a couple in the mix on the spoon, hence the four-star rating. at least kellogg didn't any dubious claims about added antioxidants from the added almonds. bottom line: i'd buy this variety.",4.0,Amazon,Amazon,136,761,88.95,0.7205882352941176
"this product is amazing. i know a few people with little ones that use these and they love them! super easy to clean and use. when ordering these, i was under the impression that there were 2 per package.fyi-they're not! only one per.",4.0,Amazon,Amazon,43,234,93.57,0.9302325581395348
i have bought this product now a couple of times. this is the best price you will find anywhere else. it's a healthy replacement drink. or even if you want to cut back on some calories.,5.0,Amazon,Amazon,36,185,93.9,0.9166666666666666
this place is awesome. i was in from out of town with friends. my wife got the brisket tacos and i had the brisket meal. amazing bbq. great atmosphere. love the street and area surrounding edley's. a must try.,5.0,Yelp,Yelp,39,209,91.18,0.8717948717948718
check you local grocery for a better price. the oil is good but overpriced on amazon.,4.0,Amazon,Amazon,16,85,81.0,1.0
"was looking forward to eating here. had heard great reviews about the 96th st. location so when this one opened up close to home i was excited to try it. went on a week night, there were a few other people dining in. i got the dark meat platter with collard greens and my bf got the tenders platter with skinny fries, both southern style (no heat). we ordered and our food came out in less than 5 minutes. my bf said his tenders and fries were cold, the fries were definitely lukewarm at best and slightly soggy. my chicken was warm. it seemed like the chicken wasn't freshly made to order but probably sitting under a heat lamp (if even). the flavors were good but the food coming out lukewarm, not hot, was unappetizing. extremely disappointing.",2.0,Yelp,Yelp,137,747,90.56,0.7591240875912408
"o.k, right deal got good deal combination flights uk worth make sure address chinese character marco polo taxi know this. appears way arrival good subway connection 2 stops tian'amnen walk subway clean safe good runs late.lots modern malls doorstep hotel best no westerns, starbucks 2 min walk hotel coffee really awful, lots building hotel putting everwhere run 2008.taxi easy door cheap hotel little card explain popular locations chinese taxi drivers o.k, averaqge standard nice modern bathrooms room stank stale smoke non-smoking room did n't clear week.beds comfortable tea coffee water room.hotel restaruant really bad got served half semi-raw chicken breakfast buffet ok adequate peole large choice want silver service staying big chain paying 4 times price, mall door basement foodcourt options food chinese/ japanese good quality clean/modern cheap aimed young professionals, guests chinese european makes quieter environment.summary stay mercure takes marco polo imagine steady stream improvements taking place, hotel pool gym honest use, appearred clean modern,",3.0,TripAdvisor,TripAdvisor,156,1072,79.93,0.8397435897435898
"i started my first aero garden with great success; it gave me more herbs than i could keep up with. however, when i ordered this international basil seed kit, despite following the re-plant instructions to the letter, after about a month, i have just one basil sprout, approximately 3 cm above the label. the package says they're ""guaranteed to grow"" but says nothing about how to redeem that guarantee if they don't grow. now i've spent over $20 on something that didn't even work. what a waste!",1.0,Amazon,Amazon,87,496,95.28,0.8505747126436781
"it was all going good, even the irritating adds, until today where the app crashed and all my data saved on it are gone. i'm really irritated now.",1.0,GooglePlay,GooglePlay,28,146,95.19,0.8928571428571429
"great food! my colleagues and i wanted to try some southern food that was within walking distance from the sheraton downtown hotel. we were not disappointed. their ribs melt in your mouth. the cocktails are delicious, just be careful, you may not stop at one. their brisket was one of the best i have eaten.",5.0,Yelp,Yelp,55,307,93.19,0.8909090909090909
"most of this brand has 9 grams of fat per serving. the overstuffed beef has 5 grams, 240 calories, and no trans fat. so when i'm dieting, i can have this as a main course once in a while. i like to add some zucchini, onions, and diced tomatoes to make a more filling portion. some parmesan tops it off.",5.0,Amazon,Amazon,60,302,93.1,0.85
"yesterday 3/14/20 i walked into the store to return some items. there was a guy sitting on a machine right in front of the door yelling back and forth to a girl at the customer service desk. his name was eli, i'm not sure about hers. eli was yelling to her in front of all the customers waiting in line about a customer who ordered flooring and didn't pick it up on the right day and blah blah blah. then proceeds to yell to this girl ""i really don't like this customer, if he needs it loaded, call me up here and i'll talk to him"". this has to have been one of the most unprofessional thing i have ever heard or saw. the place was a mad house yesterday and i understand it was stressful and overwhelming for employees, but to blatantly scream across the room and annoying a customer is and how much you don't like him is unacceptable. eli sounded like a child throwing a tantrum, and the girl at the counter was entertaining it. very rude employee interaction in front of a whole lot of customers.",1.0,Yelp,Yelp,190,998,72.7,0.631578947368421
paid for this years ago and used it on another device. now i have a new phone and when i'm trying to login it says my email address is not in the database.,2.0,GooglePlay,GooglePlay,33,155,92.58,0.9393939393939394
if you think this coffee is good you should compare it to something that was not made in an old school percolator. this coffee takes me back to the coffee that was the standard in the early 70's. we have so much more choice today. with coffee that really tastes good. one thing this coffee is good for is if you are cold and tired and you need something fast to get you going this stuff will work.,2.0,Amazon,Amazon,78,397,89.42,0.6794871794871795
"not 5 star, guess really depends kind holidays used taking impressed hotel not, canadian say 5 star no near 5 star hotel offers north america, n't clock room did not like serenis cocotal food terrible buffet specialty restaurants, did n't service remarkable staff fact, spa huge disappointment standards not, room smelly dated fresh flowers sprinkled bed attracted lines ants day, patio door locks close outside shower hilariously updated jets installed shower head considering wall shower curtain imagine water went jets hit wall shower flooded floor time people thinking, construction pool trip pretty annoying paying relaxing holiday listen jack hammers 10 feet away.if want cheap away sure book n't expect,",1.0,TripAdvisor,TripAdvisor,109,710,81.27,0.8623853211009175
had a cheeseburger. decent. nothing to write home about. i enjoyed the traditional wrapper.,3.0,Yelp,Yelp,14,91,54.2,1.0
this app is such high quality in its usage and visual design. it's on par with the quality you'd expect from google.,5.0,GooglePlay,GooglePlay,22,116,80.84,0.9545454545454546
"not o.k, continental stayed convention, hotel overall o.k, continental, needing upgrading rooms, parking major problem convention, did n't room early park parking garage pay 5.00 time, let r.v, multiple spaces parking lot not inconsiderate fellow hotel stayers relation limited free parking available, validate parking patrons n't, monte carlo restaurant o.k, overpriced food service receive, hotel deceiving not appears getting little age outdated ways, elevators slow inconsistent, stay not dollar price try, staff overall helpful courteous helped small refrigerator room no charge, wanted charge, not, wonderful toll road addison hotel intercontinental, got coming going,",2.0,TripAdvisor,TripAdvisor,93,674,93.84,0.8279569892473119
none of the notifications work. other people in the forums teport similar problems bht no fix. the app is nice but it isnt nearly as functional without notifications,2.0,GooglePlay,GooglePlay,28,165,93.32,0.8928571428571429
the only thing that made me stay was the bar maid. everything else was a bust. the manger looked like a crackhead .,2.0,Yelp,Yelp,23,115,75.65,0.8260869565217391
"great widget, great customizability, great notifications. simple reminders, recurring tasks, and things you want to do today are all easy to schedule.",5.0,GooglePlay,GooglePlay,22,150,78.11,0.8636363636363636
"my dog seems to know when it about noon and time to ""brush his teeth!"" he does vertical jumps until that little green toothbrush comes out of the container!",5.0,Amazon,Amazon,29,156,97.57,0.9655172413793104
"not worth stayed lenox weekend trip boston, great location, rooms small not website, switch rooms elevator night listening people coming going, old hotel hear neighbors hallways, rooms high speed internet access joke, old dialup service faster, n't plan getting work need online,",1.0,TripAdvisor,TripAdvisor,42,279,87.54,0.9047619047619048
"fabulous hotel hi just staying puri santrian honestly say nicest hotel stayed, rooms large clean lots storage, staff puri great friendly eager, pools clean grounds immaculate, lots sunbeds available good condition, drawback hawkers beach entrances constantly ask want massages follow, understand really need money hotel not hotels empty.the drinks food hotel pricey compared restaurants cafes outside expected hotel, brilliant stay puri definitely come second visit,",5.0,TripAdvisor,TripAdvisor,65,466,90.97,0.8923076923076924
"just had dinner at the iron hill. pretty good food but sat at a table where the sun was directly in our eyes with no shade. thank god for our waitress colleen, she saved the day and seemed like the only one concerned about us. i recommend this restaurant when your in a booth and definitely ask for colleen to be your waitress.she made the experience worthwhile",4.0,Yelp,Yelp,67,361,93.23,0.835820895522388
i'm sold. its healthy and my 13 yr old loved it and so did i. i will be buying more.,5.0,Amazon,Amazon,20,84,73.97,0.95
i like this flavor a lot. when i make this i add about 1/4-1/2 cup of regular old fashioned oats. it makes it not quite so sweet and i like the texture of the non-instant oats. i just add water and cook in microwave for 3 minutes. i have no idea what someone said meant about the fake flavoring smell lingering for a week. i didn't have any problem with the smell.,4.0,Amazon,Amazon,72,364,89.27,0.7222222222222222
awesome school! the instructors are very high quality. the administration office people are super friendly and welcoming.,5.0,Yelp,Yelp,17,121,76.54,0.8823529411764706
solid lunch option. i think the breakfasts are even better. they don't totally serve you so you have to be willing to get up sometimes to order and get your meal. they seem very understaffed at times and not super friendly. people i have gone with think the tri-tip is awesome.,3.0,Yelp,Yelp,51,277,91.0,0.803921568627451
"occidental grand punta cana great r overall good time enjoyed stay, room floor spacious, resort beautiful perfect size, easy walk entire property, staff especially bartenders entertainers friendly helpful, tipping goes long way especially housekeeping, people disabilities beware no elevators, course hiccups registration desk worst service encounter stay, took hours check early check, luckily got bracelets 30 minutes able enjoy cocktail cool, party departing separately beware desk check slip need bellhops departing, talk guest services assistance, morning attempted make dinner reservations completely booked, local travel agency representative talked management got reservation, way restaurants half went did n't understand problem getting reservations, food mediocre pretty disappointing food available 24/7, all-inclusive cooking masses expected, people raved food nationalities tastes vary, did n't food beach pools amazing important, major issue water turn random times day meant no showers no toilet flushing ability wash hands, wonder workers handling food washed hands especially stomach issues trip, hot shower figured demand level dinner, resort offered nightly entertainment shows kids adults, plenty shade provided pools beach great, looking place relax rejuvenate soul happy,",2.0,TripAdvisor,TripAdvisor,175,1293,61.57,0.8857142857142857
"i have purchased several birthday cakes from denise's and each time i could taste that they had been previously frozen and were dry. however i know a great many of my friends and family, love their cakes. i just prefer a cake to be moist and fresh.",2.0,Yelp,Yelp,47,248,94.6,0.851063829787234
"nice cheap hotel best area stayed berlin plaza times, low price decent facilities free high speed internet free good breakfast buffett nice service mean overall hotel worth short stay good value money, course 3 star hotel rooms small not pretty, clean serves purpose, overall good place short low cost stay berlin best area right kudamm, huge variety nice shops great restaurants supermarkets right door,",3.0,TripAdvisor,TripAdvisor,64,404,74.57,0.765625
"fantastic location fantastic room family stayed zero spring break, 2 queenbed fantastic room spacious comfortable beds, pillow menu son loved water pillow, hotel located 1-2 short blocks subway freedom trail, great location, complaint wireless internet slow, really loved boston staying zero trip enjoyable,",5.0,TripAdvisor,TripAdvisor,43,307,86.51,0.8837209302325582
"nothing for ambience - get take out - but for fast and tasty pizza with a medium thick (not thin and not thick) crisp crust - this is a great place. our law firm had a few lunches catered with numerous pies brought in including plain, white. veggie (so great), sausage (pellets), and pepperoni. the attorneys feasted with gusto.a decent nay-bor-hood joint. jewknowamsayin'?",3.0,Yelp,Yelp,63,373,92.71,0.8571428571428571
"love this app i use it to list my house chores, medication schedule, study chapters, and endless other habits and tasks!",5.0,GooglePlay,GooglePlay,21,120,82.37,0.9523809523809524
"not bad place stay short term n't expect, want roominess amenities not walk stairs not place you.if day just need place sleep shower fine place, rate good compared lodgings city.it old 1920 built twin apartment buildings retired priests nuns, building sisters priests.our room queen bed large walk-in closet kitchenette bath, clean adequate night stay.the staff friendly bellboy.adam nice helpful, stairway funny smell mildew like room no air conditioner no smell, temps hit 90 open windows ceiling fan bearable, hot temperature seattle rare.this street city center old 1962 worlds fair site space needle park amusement rides short walk away, monorail 2 ride downtown, walk free public transportations pioneer square pike markey waterfront.if arriving air rush-hour period suggest let hotel book towncar, 45 plus tip taxi ride rush-hour expensive, stuck traffic nice not meter, went taxi 5 a.m. sunday cost 35 plus tip,",4.0,TripAdvisor,TripAdvisor,141,919,94.82,0.8794326241134752
"me and my sweetie finally went here after a year of people recommending it to us. we had assumed it was a sit-down restaurant, but actually it is much more casual with a counter ordering system. the chips were amazing and the selection of salsas was fun (although most were too salty), but the vegetarian choices are super lacking. i had the garden burrito, which had grilled squashes (delicious), pinto beans (delicious, but much too few), and carrots (why do restaurants insist on putting carrots in burritos?! it is not a good look). my meat-eating companion enjoyed his dish, although it came with a weird salad that was much too sweet (orange flavored craisins?). he may be back, but as a vegetarian, i'll be sticking to the amazing super cuca's. i also want to note that the service was stellar, even if the food was not for me.",3.0,Yelp,Yelp,148,834,90.46,0.7027027027027027
"new owners know what they're doing. genuinely excellent proper british food. as a brit it reminded me of home. had the roast beef, and it was perfect.",5.0,Yelp,Yelp,27,150,94.39,0.9629629629629628
"such good quality, authentic mexican food. the seafood platter for 2 is amazing, the ceviche is super fresh and delicious.",5.0,Yelp,Yelp,20,122,78.8,0.9
"not worth price wife stayed days november 2007. conference booking experience non-conference guest.the room standards price, clean, sheets did n't fit bed ended foot bed, bath tub drain n't seal wash cloth helped, rooms separate buildings pretty far removed desk, golf cart type vehicles circle sidewalks, run irregular basis, rode room walked rest time.the hotel probably 50 occupancy, pool sufficient chairs/towels, beach small, adjoining pool not wider feet rough shells/rocks, beach expensive rooms wider sandy, plenty room november, beach area afternoon.bugs, thankfully none room, conference cocktail party grassy area beach pool evening no-see-ums ate exposed skin, insect repellant, store property ran available desk 10, n't expose skin help, bugs day not nearly bad.the food expensive, rate 6 10 overall.there major golf course construction going stay earth moving equipment ran day long sight room, trying ready major golf event, pool gets 8 10. dirty near swim-up bar area attract debri.we stay, bug bites biggest reason, wife sick week return,",1.0,TripAdvisor,TripAdvisor,158,1055,80.27,0.8481012658227848
"starbuck's verona is my all-around favorite coffee. unfortunately, the price on amazon is no longer worth buying. it's cheaper to purchase at the grocery store.",4.0,Amazon,Amazon,25,160,93.73,0.92
i cant believe the majority of the trees were moved to premium users only. i've been using this app for years and have watched tons of adds. ill be looking for a new productivity app now that there is a ridiculous pay wall to use the different tree species.,1.0,GooglePlay,GooglePlay,49,257,95.05,0.8571428571428571
"bit luxury not luxurious location wow, langham place fantastic, service impeccable room small nicely decorated needs catered coffee peculator room fresh ground coffee, swimming pool stunning towering buildings looking harbour far smog daughter unwell stay staff n't, buffet breakfast nice good selection people happy.the location little bit way close markets, langham place great place stay n't mind walking,",5.0,TripAdvisor,TripAdvisor,58,408,91.98,0.8793103448275862
"these are really nasty. the ""soup booster"" is just a packet of oil and fat. maruchan makes far better ramen products.",1.0,Amazon,Amazon,21,117,80.6,1.0
"much better mexican food in tucson so no reason to go here. watery & weak $10 margarita, chimichanga all tortilla & very little filling & only small bits of meat. service slow, chips & salsa nothing special. disappointing!",2.0,Yelp,Yelp,38,222,94.23,0.9210526315789472
i have used these treats for several years and it was great to find them on amazon for about half the price that the vets charge.,5.0,Amazon,Amazon,26,129,94.49,0.9230769230769232
widget is not working properly with nova launcher. every time you have to open the app to add new task after clossing the app by recent apps.,3.0,GooglePlay,GooglePlay,27,141,94.87,0.8888888888888888
i was very disappointed with this order because no where on the description did it say that these were mini candy bars. if you don't want mini's do not by this package! now i have to spend more money because it would cost a ton of money to send these back and i'm not going to give out mini's to trick or treaters.,2.0,Amazon,Amazon,63,314,93.56,0.8253968253968254
i left a review earlier that was one star. while the app wasn't for me (i found that it was confusing and didn't suit my needs so i deleted it shortly after) the customer service was fantastic. i was charged for a subscription even though i didn't use the app because i made a mistake in canceling the subscription. i sent an email detailing my problem and asking for a refund. the response was quick and a refund was granted i thought it was only fair to come back and leave a nicer review.,3.0,GooglePlay,GooglePlay,94,491,89.47,0.6595744680851063
"i don't know what was wrong with this food, but my cats couldn't eat it. when they tried they would start chewing and it would fall out of their mouths. they tried for about an hour to no avail. i don't know if it was the size of the food or what. they didn't seem to dislike the taste, they just could not eat it.",1.0,Amazon,Amazon,65,314,85.15,0.7384615384615385
"in short: hana's is a hot mess. the menu is confusing, the service slow and the sushi hurried.i've been here twice. the first time it wasn't a terribly memorable experience. went again 2 months later because it was in my friends neighborhood. will never go back.it was in the early evening, not terribly busy but the waitress kept seeming to forget about us. when our sushi finally arrive it looked like it was thrown together last minute. the rolls fell apart at the touch forget trying to dip them in soy sauce. we both stopped eating after 2 bites and waited a half an hour for the waitress to check back with us. when we told he we thought the sushi was a wreck she told us that that was how they made sushi here. that most places used a machine, but here everything is handmade (i still have no idea what she ment by that- even my cheap little grocery store has people who hand make the sushi, and it doen't crumble against my chop sticks).",1.0,Yelp,Yelp,177,945,75.23,0.7175141242937854
"i have to say that i thought these were the lowest-quality imaginable for each of the three items per pack - the cheese was greasy all over the outside, and otherwise nondescript rubbery strips; the ""meat sticks"" were leathery and dry and sort of sandy; and the pretzel sticks were likewise blaa. i ordered the pack of 12 to keep in my office desk for snacks. because they were so unappealing, i didn't really burn through them and, after a few months, they really started to look even worse, and that was with keeping them stored in a very stable, dark environment (desk drawer in a climate controlled area). so, i think you could do better to buy better quality versions of these items; but if you really want the convenience of having them packed together like this, and can get around the low quality, they are probably okay for you if you don't try to keep them too long or in a hot car etc.",2.0,Amazon,Amazon,166,896,66.02,0.6807228915662651
"horrible service, i hate that i had to keep flagging down someone for the refill of my drink. the waiter was very spaced out and received the wrong pancakes.!",1.0,Yelp,Yelp,29,158,95.5,0.896551724137931
i have two problems: 1)if i am offline and application is closed then on my android 7.0 app do not works 2)i am unable to disable vibration(i do not founded in options menu). please help,3.0,GooglePlay,GooglePlay,35,186,94.04,0.8857142857142857
"just started using this, i like it so far. there is a broken image on the main screen display, so i am not sure if i am missing something there. does any one else see this?",4.0,GooglePlay,GooglePlay,36,172,89.27,0.8888888888888888
"tourists stay away bad address unless want rock concert right room stay away.it thursday night not holiday just ordinary day, started muted mid-evening earplugs, loudness increased decibels got high thought invited rock band room, interior court 2 blocks zocalo, wax ear plugs sleeping pills useless.for reason catedral hotel bad address want sightsee not change rooms.our room run furniture carpet shabby mattress shot, bathroom reasonable.we reserved quiet month ahead checked early, leaves wondering really raving catedral hotel,",1.0,TripAdvisor,TripAdvisor,76,532,95.72,0.8947368421052632
don't like to judge a place until i've been there twice. i remember not being impressed the first time but we decided to try amigo joes a second time. not only was the food only mediocre but the service was horrible. as we were finishing our dinner and drinks we were told it was last call. before we finished another staff member came to the table to tell us we had a few minutes to finish! then just a few minutes later a group of the staff all came and stood in our dining room just watching us. we and the other table we talked to were offended by this behavior. we felt rushed and uncomfortable we will definitely won't be going back.,1.0,Yelp,Yelp,123,639,89.44,0.6829268292682927
"i tend to drink a good deal of coffee during the morning period and folgers is just one of my favorites. however, this particular coffee is really tasty. hope this helps.",4.0,Amazon,Amazon,31,170,93.06,0.8709677419354839
the vodka collins was superb. the white bean and shrimp soup was done with cajun seasoning for a delightful epicurean experience. the entree of barbecue gulf shrimp was hot and wonderfully moist. the wait staff were all professional. major complaint the noise level was intolerable. we gave up on conversation and left as quickly as we could because we could not communicate. we were seated by a table of eight on our right and an equal number on the right. directly in front of us was another table of eight. we were a table of four with a six week ahead reservation.,4.0,Yelp,Yelp,102,568,87.63,0.6764705882352942
"took my dog less 8 minutes to remove the treat from the ""virtually indestructible"" ball that provides ""hours of stimulation"" and consume it. it was so hard to believe i put a second treat in the ball and the dog removed and consumed it in even less time. a total waste of money, $19.00 for the two treats and the ball.",1.0,Amazon,Amazon,61,318,90.54,0.7213114754098361
"great time husband just got 8 great days secrets excellence, start begenning.we arrived punta cana time airways boston opted helicopter hotel negative comments bus ride, helicopter ride hotel just beautiful not way, opted excellence club good choice rooms pretty centrally located, building 8 swim room, rooms spacious pretty.foodwe ate restaurants mexican dominican food great, plenty choose from.poolthe pool fantastic long water crystal clear, workers work hard make sure clean, water temp just right.servicethe service fantastic bartenders waitresses behond little tip does n't hurt, people work 15 hour days average 300.00 month, smile faces, entertainment staff great smiling talking, nightly entertainment.we went shows ones saw good, karaoke best right jim bon jovi lol saw ideal couple good show.drinksplenty want, not bars carry liquor shelf just basic liquorgroundsthe grounds beautiful peacocks flamingos bunies ducks ect, beachred flag week surf rough beach public property dont want leave valuables water, went water times strong tow, stay 20 min time got tired, need careful water, overall definetly great time especially meet darlene keith adrienne jim gary janet miss guys, want say hello best bartender world jose.also hotel little shops hotel ask nancy great fair price, volunteers schools bring school supplies children.we definetly resort best thing adults new friends free email questions,",5.0,TripAdvisor,TripAdvisor,206,1411,78.86,0.8300970873786407
trash dont waste ur time unless u want to pay for the things that should b free,1.0,GooglePlay,GooglePlay,17,79,79.6,1.0
"absolutely beautiful n't listen negative, husband just returned 5 days melia, reading reviews left little weary going, arriving soon began wonder thought negative place, check alittle slow offer waited room, rooms beautiful spacious resort grounds extrodinary, places fron hawaii st. thomas carribean places far beautiful, picky eater afraid not like eat quite variety good people forget americans spoiled way cook food good job, read reviews bugs rooms buffets did not encounter single one.the staff nothing polite courteous, think alot people forget treated way treat, friendly not demanding friendly isn't.we absolutley astounded people tipped serevers bartenders maids guess just accustomed tipping service inclusive resort deserve tipped waitress u.s. 1.00 alot greatful that.we cant wait boys, highly recommend place friends patients decide definitley mojito tropical lobby bar tell amaury hi, nicest people meet there.you tell melody guy said wonderful trip,",5.0,TripAdvisor,TripAdvisor,138,965,95.02,0.8695652173913043
"i've always been oddly intimidated by this place, i was in a few years ago with a buddy who got a piercing and the staff was ok- i came in tonight to get my lobes pierced after waiting several months after getting them sewed up, they told me i would have to have a pierced look at them which cool, i get it. a piercer came out, grabbed two post it's and looked at a girl that came in after me and then looked at me and said ok cool, they filed the girl that came in after me's paper work before mine so i asked the person behind the counter if i could squeeze ahead of her since i had already been here waiting and she said they weren't taking anyone else for the night. i told her i thought that was shitty even though i was already here and waiting before the person they already took- and she said she would check. they said it was cool but it's now been an hour and a half and i feel like there needs to be a better system here- whether it's a better way of checking people in when it's busy. or like checking in with a list. just seems unorganized and it made me feel super shitty after waiting. i want to appreciate it because it's super clean here and everyone seems nice but like. customer service is way way important.",4.0,Yelp,Yelp,243,1227,66.72,0.5555555555555556
"i bought this because i had some at a hotel and thought they were yummy. i have made these by the directions on the can, and have found them well.not soo good. they just don't taste the same as the hotel ones do, and they frankly are really just not that good. i has signed up for recurring deliveries of them, but i will cancel that soon, and will give away the remaining 5 cans i bought. the best kind i have ever made or found thusfar has been maple grove farms waffle mix, but the local store i used to get them at no longer carries them. i am still hunting for good waffle mix, and just haven't found it in this product. erik",2.0,Amazon,Amazon,125,630,89.69,0.688
"this seems like a great app, but if you fall off the wagon or take a long vacation, with dozens of daily tasks, then there's no realistic way to recover, because you have to dismiss potentially thousands of pass/fails until you can get a list of just current and relevant tasks remaining for today. multi-select helps, but still no good after a summer break, or older user with a 12 tasks triggering daily for a year = 4380 to dismiss by tapping each one. could solve with a ""select all"" feature.",3.0,GooglePlay,GooglePlay,91,496,88.14,0.7692307692307693
"highly overrated ok. wife went florence honeymoon italy chose hotel davanzati highly rated tripadvisor.we felt hype overrated, reviews state customer service hospitality great n't standard hotels room average little dusty, customer service good expected.location good,",3.0,TripAdvisor,TripAdvisor,35,268,93.73,0.9142857142857144
"it's been a few years since our last visit. drago's was never fine dining per se, but in the days before their expansion it was worth braving the wait and dealing with the battle axe of an owner just to get a taste of those chargrilled oysters--they were the best! the other dishes were--okay, and they still seem to be okay. the chargrilled oysters have certainly fallen off. they weren't as bubbly and piping hot. the bread was a letdown as well. nowadays there are lots of places grilling oysters. felix's and acme seem to be doing it better at the moment.",3.0,Yelp,Yelp,102,559,90.84,0.7647058823529411
"naploleon nightmare called hotel directly make reservation week prior stay time neglected mention construction going hotel building demolited, day constant sound jack hammering hope like 6, housekeeping attempt spotty like clean bathroom, location great, hotel staff extremely rude unhelpful want drink lounge not thirsty time served, desk staff unhelpful relied fact use french/english language barrier crutch, stay hotel not recommend dog.this review subjective opinion tripadvisor member,",1.0,TripAdvisor,TripAdvisor,66,491,89.91,0.8636363636363636
"brunch is a must! great variety of entrees and keto friendly options! delicious cocktails, butterfly effect is a must!",5.0,Yelp,Yelp,19,118,75.6,0.8421052631578947
"not the friendliest service, but the food is pretty good and relatively cheap. more senior crowd at b-fast time & i usually care for an adult atmosphere anyways :)",3.0,Yelp,Yelp,29,163,97.57,0.9655172413793104
"just a personal preference, i suppose, but i find that i like the corn pastas better. this brown rice pasta didn't reheat well, turning into a glutinous mass, but the flavor was fine. i also seem to digest corn pasta better, myself. all very subjective.",3.0,Amazon,Amazon,45,253,91.97,0.8222222222222222
i get 4 -6 cans of salmon or trout spread each year and i mix a can with sour cream and dill for a very good dip.,4.0,Amazon,Amazon,27,113,88.07,0.8888888888888888
cant beat the food.love the live bands that play and the outside seating will relax you while sitting with your pet. very pet friendly,5.0,Yelp,Yelp,24,134,78.5,0.9166666666666666
"unusable and badly designed due to being full of confirmation pop-ups and bugs. everything you do or don't do in and out of the app is followed by dozens of pointless pop-ups which causes the app to constantly crash! e.g. there's no need to confirm notification button presses! once there's an option to disable all pop-ups, this rating can be updated to 5 stars and all of us can subscribe to premium. let's see if the developer is interested in fixing and receiving more subscription revenue",1.0,GooglePlay,GooglePlay,86,493,90.04,0.7441860465116279
"location best pls excuse english actually staying crown plaza impression lala, stayed cp qingdao cp park view beijing, hotels bedder, executive suite smaller hotels price higher ok beijing, club floor personnel not like guests, service lobby lounge called want drink, pool sauna, small looks little worn pool cp park view incredible big nice, today sauna cold, food good room clean little dark, location perfect tourists, 20 min, walk forbidden city tienanmen, shopping street just outside, hear typical chinese traffic, internet free charge drinks beer minibar nice touch, freshly renewed rooms not,",3.0,TripAdvisor,TripAdvisor,91,600,77.03,0.9010989010989012
"i have found this app awesome so far! it really helps to remain organized! just 1 hard suggestion, if possible, please add facility for completing periodic goals, like what i am working, is for betterment of my carrier in coming 5 years. thanks a lot once again!",5.0,GooglePlay,GooglePlay,47,262,96.22,0.9574468085106383
"worked perfectly with chocolate pro fountain and tasted great. we used it for an employee event and it was so easy. no need to add oil as with other brands. great tip: instead of microwaving (wih constant surervision) we melted them in a large crock pot that morning and then kept on warm until time for the event. the only thing i would change: the chocolate didn't ""set"" like a shell coating as we had expected but it was still fabulous.",4.0,Amazon,Amazon,81,439,94.09,0.8271604938271605
"i know airport starbucks locations will generally be a step down from standalone locations, but i really don't care for this one in particular. located at the base of a concourse at the ind airport, it is in a very convenient location for anyone flying delta or united and as such generally has very long lines. not their fault directly, but they tend to be very slow, which exacerbates the problem.in addition, i find that they are often out of things, especially on the food side. they often also get my order wrong or leave items out entirely.the staff is also not up to starbucks standards. they are not friendly and generally don't engage the customers well at all. recently, when i stopped in here, their scanner for the mobile app starbucks card wasn't working. the lady seemed very put out that i was using one and demanded i read the numbers to her. she then cut me off mid-sentence because i was ""reading too fast.""i like starbucks far better, but at this point, i think i'll go to copper moon when i need coffee at the airport.",2.0,Yelp,Yelp,188,1038,74.74,0.6702127659574468
"not only were these olives way too salty (yes, i did soak 'em for forty eight hours to remove the sodium) but they were also lacking in olive flavor. after soaking most of the salt out all that remained was the nasty vinegar flavor. olives should never be cured in vinegar! these olives were also pretty soft and mushy. i guess for folks who don't have any teeth and hate the flavor of olives they would be just fine. nt",2.0,Amazon,Amazon,80,420,91.38,0.775
"to call a seed a plant is like calling an egg a chicken. this is an overpriced single seed in a drink can. i hope it grows, but based on the reviews (.which i wish i had read before purchasing) the chance of this ""plant"" producing peppers is not so hot. (pun intended). now i wish i had the drink in the can instead. that would have been more useful.",1.0,Amazon,Amazon,70,350,88.66,0.7285714285714285
"are the tasks created in this apo visible in google calendar? if yes, how to set that up?",4.0,GooglePlay,GooglePlay,18,89,79.73,0.9444444444444444
"but unfortunately there's only one way to eat a brace of coneys. good thing i had lots of po-ta-toes! boiled, mashed, stewed and fried to a crisp!",4.0,Amazon,Amazon,27,146,93.07,0.8888888888888888
"you would do better to hit the macy's home store when they are having a sale. these guys are pretty dodgy as a company. we bought a sterns and foster which collapsed within a month. we wanted a replacement for it of the same brand. the warranty people (who never return calls, by the way, so good luck getting ahold of them) told us we had one month to replace the mattress. but there were no s & f in the stores. in fact, they didn't have the mattress for another four months. we ended up unable to replace the mattress with what we originally purchased. it was a horrible idea to buy here. i don't know another company that would sell you expensive defective merchandise and then refuse to make it right. i will never buy here again.",1.0,Yelp,Yelp,139,735,90.08,0.7410071942446043
"my husband has bad psoriasis on his scalp. nothing made the flaking go away until this shampoo. he only has to wash his hair every other day and no more snow storm on his shirt. i am not a fan of all the ingredients. sodium lauryl sulfate is bad. it has a lot of chemicals in it. we try to do no chemicals in anything. since this works so well, he will continue to use it but less frequently. the nice thing about this is it is a shampoo/conditioner combo.",4.0,Amazon,Amazon,90,456,89.47,0.7555555555555555
they recently started sending spammy notifications every week or so. please stop.,1.0,GooglePlay,GooglePlay,12,81,55.2,1.0
"unskippable video ads pop up when you are adding or editing an event. i mean video ads popping up in a *calendar* app is bush league already, but unskippable? may as well have a boxing glove on a spring pop out of my phone and smash my groin - that's probably preferable.",1.0,GooglePlay,GooglePlay,52,271,95.69,0.8653846153846154
this place has good pho. staff was friendly and food was out quick. will come back if i'm in reno again.,5.0,Yelp,Yelp,21,104,79.17,0.9523809523809524
"nothing makes me angrier than paying extra for something on takeout and getting home to find they didn't take the time to check the order going out. fall back! update: mission responded immediately to apologize for the oversight, which i appreciate.",3.0,Yelp,Yelp,41,249,94.61,0.8780487804878049
i dont know why it missed some alarm. ui design is great. but i missed some imp task cause of this missed alarm prob,3.0,GooglePlay,GooglePlay,24,116,71.0,0.8333333333333334
"excellent service nice hotel booked based site reviews excellent service concierge desk, good location near shopping metro, rooms spacious equipped, little dated worn not bad means,",4.0,TripAdvisor,TripAdvisor,26,181,94.49,0.9230769230769232
"just ok overall impression property customer service good rooms old tired food beverage options plentiful original concepts.check-in smooth friendly, rooms disgrace need urgent remodeling quite spacious considerng busines hotel, light bulbs not replaced stay decor old furniture tired, bathroom just horrible old gray marble no water pressure whatsoever issues hot water took long time rooms not highlight hotel.i lunch cafe tamayo decent buffet great service, dined night china grill great concept good food impressive portions lousy service constantly flag waiter service, night dined bice not glitzy china grill good service best got restaurants- good food general, condition rooms suggest stay hotels town,",3.0,TripAdvisor,TripAdvisor,102,710,86.84,0.7745098039215687
"hi, push notifications and reminders are not working. plz help. my phone is one plus 6t",5.0,GooglePlay,GooglePlay,16,87,79.93,1.0
this is perfect. i'm able to get all of my family calendars in one place without having to lug around a traditional agenda. also they are wonderful at fixing any issues and responding to all emails.,5.0,GooglePlay,GooglePlay,36,198,95.1,0.9166666666666666
"i drifted down from the ace hotel and stumptown coffee shop, looking for a place to kill some time, and never imagined i would find a treasure like freda just a couple of doors down.the wall decor first caught my eye, and then a cheerful employee welcomed me in. she let me browse after offering to help, just the way i like it. i saw a bright yellow jumpsuit that i thought my daughter would love, but i needed help, and the employee was able to help me make the right selection. the jewelry and knick knacks were unique, but the soaps! i found some scented soaps that were so interesting with a burst of natural aromas perfectly blended that i bought several bars. back at home, they freshen the entire bathroom, and lather perfectly. the soaps will be on my family gift list next christmas.freda will be a regular stop on my future trips to nola.",5.0,Yelp,Yelp,157,849,75.61,0.6942675159235668
"the service from this amazon supplier was fast and efficient. the product was packaged well. the drawer is well made, operates smoothly, and, in my opinion is good value for the price. however, please be aware of two drawbacks: the footprint of the drawer is quite big (cut the dimensions out of newspaper and put on the counter under your coffeemaker to visualize the space you will lose), and, fatally for my needs, the drawer raises the coffeemaker high enough under my (standard) top cabinets that i cannot fully raise the handle to insert the coffee pod. this product will not work if placed under cabinets.",3.0,Amazon,Amazon,106,612,89.95,0.7075471698113207
"pops extremely well in a hot air popper. excellent flavor (not a weak flavor), not tasteless like some popcorn. wonderful texture. i've had some popcorn that has the texture of styrofoam, this one is not like that. yum!",5.0,Amazon,Amazon,38,219,92.68,0.8947368421052632
i have bought numerous bottles of red wine that went bad on the shelf. the store is not equipped to keep the wine at a temperature that will ensure quality. its too bad since they have a nice selection of wines that you cannot find elsewhere in town. but quality control is very bad and i will no longer be purchasing wine from them.,2.0,Yelp,Yelp,64,333,92.64,0.78125
"disabuse yourself of any notion that these taste anything like a ""real"" macadamian cookie. while the overall nutritional value is good, they taste a lot like packing or insulating materials. were i starving they'd probably taste great but then again so would my shoes.",2.0,Amazon,Amazon,44,268,95.94,0.9090909090909092
"aware large noisy construction, reason special rates major on-going construction just hotel, pictures nice view canals outdated big construction area, stayed hotel nights end august, general hotel located congested noisy area, given quiet room view wall morning woke-up 8 drilling noise outside construction, noise laud convinced coming adjoined room, administration said construction outside nothing, asking wake-up aware won__c_e_ tv automatically turned on__c meaning happen fall asleep tv nothing wake, don__c_e_ waste time arguing administration,",1.0,TripAdvisor,TripAdvisor,74,551,75.54,0.8513513513513513
"i love chai! in fact, i ordered this tea because i love pumpkin and i love chai. so the two combined sounded amazing. unfortunately it did not taste like pumpkin spice at all. i could taste the black tea more then the flavor it was printed on the box. the taste of the black tea was simular to that of a regular box of lipton tea, which i really do not like at all. i really would not suggest this tea to anyone.",3.0,Amazon,Amazon,83,412,80.98,0.6144578313253012
"sadly for me and the time i spend cooking ground turkey for my little darlings, they really didn't like the sojos complete food. they love the add meat variety (love love love) but this- they ate when they were starving, but otherwise ignored. i wish they loved it it would be so much easier! they are little yorkies - perhaps it's a breed thing.",2.0,Amazon,Amazon,64,346,93.11,0.796875
"gave native new yorker a second try. open face beef 'n gravy sandwich was very good, but they would not let me substitute a small dinner salad for the cole slaw. my wife tried chicken strips with salt & pepper garlic seasoning instead of the wings. very good also. but still very chilly in the restaurant (main dining room). don't forget to bring a coat.",3.0,Yelp,Yelp,65,354,93.9,0.8923076923076924
"when i was a kid, post used to make a cereal called c. w. post. it was a granola type cereal that was the absolute best. it disappeared from the grocery shelves sometime in the 1980's. fast forward to today. walking down the grocery isle, i noticed the single row of just bunches, high on the grocer's shelf. over the years, i had tried to find a granola cereal that could live up to the legend of the c.w. from my childhood. sampling all that i could find, i had no luck equaling that wonderful crunchy taste. likely this new find, just bunches, would also disappoint, but i figured i should give it a try to see if it came at least close to what i remembered. it was from the post people, perhaps they reached deep into their cereal recipe box and revived an old flavor from the past. one could only hope. it the parking lot of the grocery, i cracked open the box to give it a taste. instantly i was transported back to my childhood, munching on cereal and watching saturday morning cartoons, the road runner, bugs bunny, it all came back. i had found the 'holy grail' of cereals. ok, maybe that's taking it too far, but man its really good. so good, i subscribed for auto ship every month.",5.0,Amazon,Amazon,225,1192,71.6,0.6355555555555555
"not good hoped wife not happy hotel, no air-conditioning noise rooms poor.for money pay 240.00 n't consider hotel worthy price asked.the breakfast just adequate.if want quiet comfortable hotel stay not recommend place,",1.0,TripAdvisor,TripAdvisor,32,218,92.55,0.90625
"i've seen the catchy commercials for mio, so was happy to try it out, and sweet tea seemed like a worthy flavor. the marketing idea of a ""water enhancer"" is pretty slick. pros: it's easier to make a drink with something like this vs. those little tubs of powder that crystal light offers. while cl has more flavors, mio is more easily portable and is easier to adjust, in terms of how much you actually add to the drink. it's convenient, cons: sure, it's not as healthy as just plain water. (including vitamins or other healthy options in mio might be a great way for them to get around this in the future.) all in all, fun to try - if you want to drink more fluids, but don't love drinking 8 glasses of water a day, this would be an easy and tasty alternative.",4.0,Amazon,Amazon,145,761,91.88,0.7310344827586207
prices at this place are nuts! good selection but the prices kill me. instead of leaving with two or three bottles i would be broke buying one $29.50 for a 100ml of rounds umm no flipping way will i ever pay that i wouldn't even pay it if i was desperately needing some. store also feels very over crowed and the atmosphere was thick didn't really like it there. i'll give it a three but only because the selection was big.,3.0,Yelp,Yelp,81,423,92.27,0.8024691358024691
"terrible customer service second stay resort, realized offered a discount, inquiring desk said late change rate, 1/2 way 4 week stay, asked talk managment recieved bad sad response, not reccomend hotel,",1.0,TripAdvisor,TripAdvisor,31,202,94.8,1.0
"fabulous ambience family friendly reasonably-priced dinner atop la scaletta highlight family-friendly mid-town hotel, late night sitting upper rooftop bottle wine perfect romantic ending delightful day, view spectacular, stairs took surprise elevator realize la scaletta means sense, rooms lovely spacious staff family extremely friendly willing make stay beautiful florence memorable, 13 hotels stayed italy trip 2-4 stars included la scaletta personal favorite,",5.0,TripAdvisor,TripAdvisor,61,463,79.85,0.9016393442622952
"good check liked hotel good location friendly staff.nice smallish room, experience spoiled checkout rude duty manager, booked tick option breakfast sepertae room rate did n't day 2 wanted deduct total, completely inflexible quite rude n't care stayed agin sort way.the breakfast n't worth 9 euros.i recommended hotel wholeheartedly checkout encounter ms.koggel,",3.0,TripAdvisor,TripAdvisor,51,361,92.76,0.8627450980392157
rich vanilla aroma. bought one at world market and paid four dollars! this was a very good product at a wonderful price!,4.0,Amazon,Amazon,22,120,78.01,0.9090909090909092
"n't bring valuable beautiful hotel grounds huge bring walking shoes.some restraunts ok not.our biggest problems things got missing rooms.an engagment ring taken perfume clothing, not happy, hotel did nothing, said coul n't prove ring, etc. no,",2.0,TripAdvisor,TripAdvisor,36,243,93.18,0.9166666666666666
"beautiful hotel elegance history experience smooth professional start finish, person booked room phone eloquent professional helpful, arrived doormen bellmen desk staff wait staff professional inviting, room clean neat well-stocked, older building no musty dusty smell, drink legendary mark enjoyed sip, love older hotels charm perfect stay,",5.0,TripAdvisor,TripAdvisor,46,341,85.54,0.8913043478260869
"this place is way overpriced for what is offered. we went for dinner on a saturday night when it was upward of $30/person. big sushi selection and it was okay, but what you would expect of sushi at a buffet. the rest of the buffet was disappointing. the crab legs were cold and ""could not be heated"". there were lots of little seafood salads, which isn't something i personally would be looking at a buffet and wanting to fill up on. for the price we paid, there should have been a much bigger selection. we had a big group so 15% gratuity was added to the bill, which was okay in this case because our waiter was great (although how can you do a bad job at filling drinks and clearing plates, really?). i would maybe go back for lunch when it's a little cheaper but definitely not dinner.",2.0,Yelp,Yelp,149,789,89.1,0.6778523489932886
"in city centre? be sure to stop for a refresher at lazia. i enjoyed starting with the rosemary fizz (gin, fresh lemon, rosemary, and soda) to clean my palette then ordered my late lunch of scallops and shrimp. i always feel so fancy smancy when the food comes out looking like a piece of abstract artwork. i loved every thing about this dish. my only criticism is make sure bacon goes potatoes. the delicious saucy scallops sat on curried polenta while the shrimp sat on bland potatoes, nothing much more to say about that except the scallop sauce saved it from making boring eating faces. great service with excellent drink specials each day of the week!",4.0,Yelp,Yelp,116,655,93.17,0.8189655172413793
"this is good in about anything. i love diet coke with vanilla and this makes it better then you can buy. no added calories and tastes just like the one with sugar. it's also good making ice vanilla lattes. it does lose some vanilla flavor in hot strong coffee, but still adds sweetness. wonderful product. buy the espresso supply 750-mililiter syrup bottle pump, to go with it! it is less mess and you can control how much you put in better.",5.0,Amazon,Amazon,81,441,90.55,0.7901234567901234
i was very disappointed in the taste of the coffee. it did not taste like pumpkin coffee at all. it smelled more like french vanilla and the spices were all off. i threw out 75% of the bag. what a waste of 5 lbs. of coffee!,1.0,Amazon,Amazon,46,223,84.34,0.782608695652174
unskippable fullscreen ads in a calendar app that i paid for. nice. at least this reminded me how much better the default calendar app is anyways.,1.0,GooglePlay,GooglePlay,26,146,93.96,0.9230769230769232
"golden wheel drive inn has been a staple ""burger joint"" in boise since the 1950s. in fact, my mom worked there illegally when she was 14 :) after an owner change last year, this place really hits the mark in it's genre. they continually strive to use quality ingredients instead of trending toward dumbing down their quality, which is what a lot of these places are doing, thinking it will help them survive.i ordered a veggie burger which was delicious and the bread they used was tasty and spongy as well. they still have everything they're known for like their finger steaks and delicious milkshakes, but have added healthier items like veggie burgers and sweet potato fries which is awesome! seriously! try the sweet potato fries. i was making a work visit on gw when they were testing them, so the sweet potato fries should be up on the menu soon. go check out one of boise's best and longest standing drive inns and you'll see why they are still around.",4.0,Yelp,Yelp,171,959,77.23,0.7543859649122807
"i've been here twice now, and must say i really enjoyed the food. the first time was for a work lunch, but the second time i choose to go back because i liked it before. it did not disappoint. the honey walnut shrimp is excellent. they do warn you about their hot dishes and ask how spicy you would like them, which i think many would appreciate.",4.0,Yelp,Yelp,67,346,93.23,0.835820895522388
"worst rooms, stayed grand westin berlin days, location great rooms horrible experience, small ugly bathrooms bad smell renovated noisy, a/c did not work, avoid hotel stay anymore, lobby nice soon enter room just want leave hotel, payed room advance stay,",1.0,TripAdvisor,TripAdvisor,40,254,90.45,0.975
"the environment was nice so a couple of my friends and i decided to check this place out. in terms of the service, it could be improved, we got a little sas from our waitress. food wise, the vegan wings were delicious paired along with veganaise and veggie sticks. the fried cauliflower is pretty good having the right crunch and texture. hummus plate was also good but the salad and feta that came with it was not a favorite. lastly, we tried the mac & cheese and we weren't a fan. i felt the texture was off but, to others it may be great. to each his own right?",3.0,Yelp,Yelp,109,564,90.54,0.7431192660550459
this is a very nice app but some free features are kind of limited to use until you get the premium features. but i still use it though.,4.0,GooglePlay,GooglePlay,28,136,91.26,0.9285714285714286
how do i go pro does this app only work with facebook i dont have face book.,2.0,GooglePlay,GooglePlay,17,76,77.84,0.9411764705882352
"please talk to your neighbors or think about putting a window outside so your customers don't have to interact with lama dog employees. your food is delicious but it is unfortunate anyone has to interact with lana dog bartenders on saturday, 5/30/2020 late afternoon. they are dismissive, rude and tell your customers to leave. i used no profanity. i was not rude. i was wearing a mask. i tried to calmly approach them and tell them their approach could be better. i told them i was leaving and they responded with good! you can't be happy with their behavior. maybe you will have better luck explaining to them how to treat customers. it wasn't a covid thing. they just have lousy attitudes.",4.0,Yelp,Yelp,122,692,87.03,0.6721311475409836
i have four kids and we all love these. i never bought pop tarts for them until i saw these. i bought them initially at earthfare but it is much cheaper to get them here. we have also tried the brown sugar cinnamon but these are the best. :),5.0,Amazon,Amazon,49,241,84.99,0.7755102040816326
"this product very hard to find; seems to be only in specialty stores; was very happy to find it online, i puchased enough to save shipping! these pancakes are really delicious; i usually make the whole box and freeze them; then pop 3-4 in the oven for 10minutes and enjoy!",5.0,Amazon,Amazon,50,272,92.4,0.84
"beautiful app . always opens to bad news . overall percentage failure, rather than positive streaks of even one day . willing to upgrade with habit app .",3.0,GooglePlay,GooglePlay,28,153,90.24,0.8214285714285714
"both of my dogs, including the one that eats dirt off the floor, were unimpressed with these treats. the resealable bag is nice, but if the dogs don't eat the treat it isn't very helpful. if your dog does like these treats, it is convenient that they come in large wafers that are prescored to break in half for smaller dogs.",2.0,Amazon,Amazon,61,325,93.66,0.819672131147541
i am able to make sandwiches out of pamela's bread and it it does not crumble . the flavor is delicious .,5.0,Amazon,Amazon,22,105,74.47,0.9090909090909092
"friends went to portillos and raved about it. my boss is a chicago native and spoke highly of it. so we decided to give it a shot. had the beef and grilled italian sausage, hit peppers and extra gravy. loved it to the very last bite. good value, excellent service, friendly staff. just might have to go back and try the chicago dog.i have a thing for hot dogs i need to see what their interpretation of a chicago dog is, as if i can tell the difference.",4.0,Yelp,Yelp,88,453,90.04,0.7613636363636364
very difficult to rate an ice cream parlor so low but the store was extremely dirty and the ice cream was over priced and mediocre.,1.0,Yelp,Yelp,25,131,91.2,0.8
"wee gem say n't said reviewers, hotel wee gem oasis desert corporate anonymity, hotel quaint quirky personal unique surprises thank champagne photo frames rubber ducks complete christmas hats, popcorn coffee cookies, friendly helpful genuine alicia rex bar mao restaurant team susan tour desk rory house staff, did n't meet wes manager obviously doing great job setting high standards team lives, location excellent rooms great people work make special, highly recomment hotel appreciates personal touch wants experience not just stay.i best holiday san francisco fantastic city, thank chancellor, happy new year,",5.0,TripAdvisor,TripAdvisor,90,613,86.2,0.9
it's a cool way of getting at a glance your schedule. the theme could be more colorful,3.0,GooglePlay,GooglePlay,17,86,79.44,0.9411764705882352
this is a very mild pistachio oil. i tasted some in a restaurant recently and thought i would try a purchased brand before making my own. it doesn't seem to have any bits of pistachio in it which was what i expected. but it goes well in a salad and i guess i could add my own bits of pistachio to it.,4.0,Amazon,Amazon,62,300,85.29,0.7096774193548387
in response to ur reply. the reminders literally disappear. as though a person has gone into my calender 15 mins later and deleted the reminder set to 0 mins before event.,2.0,GooglePlay,GooglePlay,31,171,94.03,0.9032258064516128
"n't stay hotel renovated spent money quaility beds marble granite lobby, n't sleep lobby, beds terrible air unit sound like hitting drum kept awake, looks like renovated concerned aesthetics not important like central h/a quality beds, lobby 4 star hotel rooms not 2 1/2 star,",2.0,TripAdvisor,TripAdvisor,45,276,83.87,0.8222222222222222
"amazing food, great beer menu. we wish we were closer. it's a bit noisy but it's nothing to shy away from. spaetzl was amazing.",5.0,Yelp,Yelp,24,127,77.7,0.9166666666666666
"great interface and concept. what i appreciate most that other apps don't do is that they distinguish between habits, dailies, and to do's! props. also i love the guilds concept as well. one suggestion is maybe have a clear visualization tool too see the progress made. but i get it the point of this app is to level up your avatar! overall good job",4.0,GooglePlay,GooglePlay,64,349,92.24,0.859375
"this app isn't optimized for use, it's just a concept. for example, the alarm plays music but can't be shut off. there's no ""acknowledge alarm"" so if it starts paying music. yeah it never stops. this is only one of many bugs so bad it breaks the app. don't waste your time.",1.0,GooglePlay,GooglePlay,52,273,92.81,0.8846153846153846
"this elegant bistro is well worth searching out! intimate, tastefully appointed with a quiet elegance, delightful staff (stephen was our waiter and was fabulous). the manager, jim, is a wonderful host and provides the perfect attention to detail that makes the dining experience great: the menu is offered on lp record jackets, and the bill is presented on old lp records, there is often live music, a perfect bar, and a nice elevated view of the street.it is only a block away from virginia st. and near the beautiful river walk area of reno near the downtown casinos. parking is easy, cheap, and abundant with a multi-level city garage on the opposite corner of the bistro.while the ambiance is exceptional, the food itself is a scrumptious and eclectic mix of american (various steak offerings) and new orleans inspired creations of creole influenced dishes. just delightful offerings that caused enormous ""menu choice envy"".as in, ""i love this, but i want that too!"". hence, we must return to savor all the menu choices!i had the perfectly prepared pork chop with brandied apples and blue cheese, garlic mashed potatoes, and perfect sauteed vegetables.the portions were generous, delicious, and moderately priced.my wife was delighted with the fabulous ""chicken fried chicken"" while my sister-in-law raved over the creole shrimp and sausage linguine.if you live in or travel to reno, try this one out! you won't be disappointed. this will be a favorite stop every time we go to reno!",5.0,Yelp,Yelp,244,1487,74.81,0.7090163934426229
"4 stars hotel 1 star service stayed night hotel paying 600 euro night suite, hotel little charme fresh new nice, service desk misery, offer free trip murano nothing puting pressure buy lamp 120 euro vase 60. manage not sure water taxi not waiting anymore, way home arrived airport 1 hr boat ride noticed forgot tickets hotel room, called begged tickets send shuttle boat, staff not willing walk 5 minutes alilaguna shuttle boat, altough knew important, order water taxi 100 euro instead, not 4* service, not 1*,",2.0,TripAdvisor,TripAdvisor,86,511,84.07,0.8023255813953488
"for quite a while, i have been taking a chai tea bag and a plain yerba mate bag and brewing them together in a large mug with a little stevia to start the morning. since this has a chai flavor, is sweetened with stevia and is yerba mate, i thought it would save me a step or two. unfortunately, while tasty, the flavors are weak and it takes three bags to equal the flavor of the two i used to use. it doesn't matter how long i let it steep either. it's cheaper my old way and that flavor is dependable. i won't be buying this again.",3.0,Amazon,Amazon,107,533,86.24,0.7102803738317757
"small touches make hotel speacial cartright hotel small little touches set apart hotels, happy hour complimentary wine freshly baked cookies afternoon free free tea coffee 24 hours not mention good breakfast provide complimentary yummy waffle machine sweet tooth, hotel definitely worth staying, rooms small cosy beds comfortable, room stayed great walk robe fantastic lot luggage, bathroom tiny really spend small time day, hotel hidden treasure,",5.0,TripAdvisor,TripAdvisor,65,447,77.05,0.8615384615384616
"the entire staff was extremely helpful, informative and really friendly. also they were able to see me the day after i called (unheard of for normal doctors) and the in office wait time was less than 20 minutes. i had a really bad gynecologist experience a few months ago and the staff here totally wiped that from my mind. the staff was also very informative when it came to my healthcare options, types of birth control and what different results meant. for as long as i live in new orleans i won't be using any other gyno.",5.0,Yelp,Yelp,97,525,92.02,0.7525773195876289
"3.5 stars.even though poe only lived here for a year or two this is where he wrote a number of his classics like the raven and where his wife passed away. the house is free of charge to check out and that is why they don't make the money necessary to do anything with it like create a museum portion or recreate any of the rooms the way they might have been. this is just a honestly bare house with peeled paint and cracked plaster and a simple laminated sheet telling you what each room was when poe lived there. not really worth the trip unless you have a real poe obsession, and even then you might be a tad disappointed.",3.0,Yelp,Yelp,121,624,90.21,0.7024793388429752
the preview video sold me after 30s. didn't even watch the last 15s.,5.0,GooglePlay,GooglePlay,13,68,53.09,0.9230769230769232
"vertical ventures is great place to get in a great workout, fun, and meet other humble athletes. the staff is extremely helpful and the facility is well maintained. the equipment provided is always in good working order every time i visit. the only reason i did not provide a 5 star rating is because of the size of the facility.",4.0,Yelp,Yelp,60,329,91.3,0.75
"i give this restaurant 1 star because they portray that they support the troops and they are very american on the interior and exterior, they push really hard to let people know that they support the troops and even offer a military discount as displayed outside that they give military discount but once you go in they did not honor a military discount due to the fact that ""minimum wage went up."" they no longer give a discount to military members nor will they take down their painted window design stating that they support the troops and give them military discount. this is unacceptable and illegal, they are using the fact that they support american troops to reel people into their business. disgrace. it has been weeks since they no longer honor this discount to our american military and they are not taking it down. a report will be submitted to the better business bureau as well. pathetic.",1.0,Yelp,Yelp,158,902,69.69,0.5506329113924051
"had their jasmine tea with aloe jelly, very refreshing drink, it wasn't too sweet. they are generous on the jelly which i like.",4.0,Yelp,Yelp,23,127,82.4,1.0
"the interface is not very intuitive but does more than a satisfactory job once you get used to it. i'd like to see a more colourful home page and more theme options and the option to connect to google calendar, clock, microsoft your phone, etc. overall solid app for daily use",4.0,GooglePlay,GooglePlay,51,276,94.89,0.8431372549019608
"what motivated me to keep using the app was collecting coins to unlock different trees. now, to unlock must of them, is not enough to collect coins. now you have to have the ""pro"" version! i was earning to get the sunflowers. why? why!? i'll have to found another app. also, i don't think it's ok to only plant trees in real life only having the pro version :( use ecosia browser instead (not sponsored) and stop monopolizing our planet's health.",2.0,GooglePlay,GooglePlay,81,446,90.92,0.8024691358024691
c'est la meilleure application pour vaincre la procrastination,5.0,GooglePlay,GooglePlay,8,62,52.25,0.875
"i bought this at my local bjs with one of the weekly coupons. i am not an awesome baker on any level, but this was so easy to make and smelled amazing! the only downfall to me was way too much cinnamon crumble. it was a little hard doing the 2nd layer but i'm sure that is a learned skill. the cake stayed soft the while week we had it for breakfast gently wrapped in plastic wrap. i don't think i would pay $20 for it, but it is certainly a good product :-)",4.0,Amazon,Amazon,94,458,88.0,0.7978723404255319
"update: i appreciated the comment by the gm ot larry miller volkswagen, however, i have called 3 more times and have had no return call. this is ridiculous.my name purchase experience was ""meh"". i was left quite underwhelmed. during the sales process they missed a huge opportunity to sell me on a more expensive vehicle, the sales person told me my trade in was one figure, then when i was signing paperwork (after the salesman left for the day), i found that the trade in was $250 less. luckily i caught it and asked about it. as long as i purchased the warranty they would honor the first figure. i ended walking out with the car that i planned on getting when i arrived. after i left i found there were 2 chips in the windshield, a small dent on the passenger side door, and the front left speaker was blown out. i wondered if they shooed me out the door because they didn't want to keep the car on the lot. all in all, it was okay.",1.0,Yelp,Yelp,178,936,73.65,0.6460674157303371
i can't say what a good kobe steak tastes like because the package of 20 steatks that i received were spoiled. i am greatly dismayed at the handling of this expensive delivery. i'll have to try a kobe at an fine restaurant instead of on my home grill.,1.0,Amazon,Amazon,48,251,94.2,0.8333333333333334
"these shells are fantastic, except for the starch in the water from boiling i wouldn't know these aren't wheat based. they cook well and taste good. they have no texture issues. they are a great product.",5.0,Amazon,Amazon,36,203,92.23,0.8611111111111112
"small convenient stayed nights early april 2007. main feature hotel location ca n't central amsterdam walking distance tourist attractions city centre users commented rooms small no exception window rooms apparently lack, air-conditioning remote controlled individual split-cycle unit room not working quite evenly room change temperature suddenly changes having air-conditioner.the place spotless internet access available room extra cost 24 hours using laptop apparently flat-panel tv room internet capability stay mainly close hotel good shape clean,",4.0,TripAdvisor,TripAdvisor,74,553,94.09,0.8918918918918919
"the product is good--i have had three orders so far. the problem is with the manufacturer's credibility. one box was much lighter when i picked it up even though it was closed when i examined it. it was about 200g instead of 500g with sugar cubes freely moving on a bottom of the box. i have no idea what happened and it is impossible to report it to amazon--missing links, circular instruction, no phone numbers, no customer support links. the buttons on most pages, even on returns page are ""continue shopping"".",2.0,Amazon,Amazon,91,513,90.95,0.7362637362637363
i order these on the amazon subscribe & save program. very happy with the program and with the produce. well packaged. easy to use and makes a great cup of coffee.,5.0,Amazon,Amazon,31,163,92.03,0.8709677419354839
i don't get any notification on the tasks to be done neither do alarm work and so i am get frustrated pls do help me with this apart from that it is a good habit tracking app,3.0,GooglePlay,GooglePlay,37,174,84.97,0.918918918918919
"these fish-shaped pretzels actually taste better than i expected they would. not overly salted, they do have a unique taste of their own yet retain mostly that classic pretzel taste. the small size of the pretzel snack is nice in that there are fewer crumbs encountered than with larger pretzel shapes that have to be broken or bitten into when eating. the package contains the usual glowing buzz words like: natural, goodness, no artificial preservatives, and baked. the first ingredient listed is ""smiles"" followed by unbleached, enriched wheat flour. one serving of pieces has only calories. rarely do i limit myself to one serving so my intake of calories while snacking is considerably more. that's what happens when you snack right out of the bag instead of apportioning a reasonable amount before snacking. these would make a nice lunchtime snacks for the kids, especially in a packed lunch.",4.0,Amazon,Amazon,148,898,92.49,0.7702702702702703
"the website is buggy, but enjoyable. the app, however, feel almost nonfunctional.",3.0,GooglePlay,GooglePlay,12,81,52.7,0.9166666666666666
"great product & price, but if you don't live in the 48, you're outta luck! as usual, products like these aren't being shipped outside of the continental 48.",1.0,Amazon,Amazon,28,156,97.33,0.9642857142857144
"very useful but in my case i didnt hear a costum sound even though the voice and vibration work, also if i try to pick a song its usually start but the notification didnt do the same and im already check all the troubleshoot. is it because costum sound cant use music?",4.0,GooglePlay,GooglePlay,52,268,91.03,0.8076923076923077
"chic hotel great beaches excellent service great get-away, boyfriend stayed laconcha memorial day weekend 5 days/4 nights say outstanding experience, bit nervous reading reviews not disappointed, grounds immaculate construction going away noise, rooms contemporary no actual balcony ocean views beautiful, service impeccable frankie concierge desk took care need, la perla restaurant wonderful lots local spots great food entertainment, hotel lobby happening spot thursday sure looking absolute peace quiet say probably not place, ca n't say child friendly definitely recommend getaway couples girlfriends guys looking fun/sun nightlife, highly recommend stay, pricey rooms equipped refrigerators lots local places purchase food spirits hope helps enjoydkay texas,",4.0,TripAdvisor,TripAdvisor,103,764,76.21,0.8737864077669902
"average price stayed variety hotels italy germany switzerland 100-150 euro range probably attractive price 140 euro, quiet clean room inner building air conditioning worked centrally located sights train station, room plain-looking stayed bathroom left desired, price range shared shower toilet, floor plan rick steves mentions boggling little annoying tired traveler, nice touch staff pointed small stash guide books loaned free help appreciate local museums,",3.0,TripAdvisor,TripAdvisor,64,460,79.26,0.921875
"the app wasn't able to sync anymore and as much as i know, the app wasn't supported by its developer. p.s. i bought its premium version; it was great, not until they haven't keep it updated.",3.0,GooglePlay,GooglePlay,36,190,90.57,0.8055555555555556
infested with ads now. downloaded to specifically view one calendar and set it so but it automatically syncs my samsung and gmail calendars automatically every time i open it.,1.0,GooglePlay,GooglePlay,29,175,95.5,0.896551724137931
great food. great service. glad i ate here while visiting florida! i got the taco salad which was great. my wife had a burrito and we all shared order of nachos. we will be eating here again the next time we are in the tampa area!,5.0,Yelp,Yelp,46,230,91.3,0.8478260869565217
"fantastic boyfriend stayed hotel 4 nights february 30th birthday, staff friendly feel extremely welcome, stayed 27th floor magnificent view, location fantastic blocks time square 5th avenue doorman ready grab cab needed, treated night room service food n't cheap delicious like steak try ben benson steak house, boyfriend chef not easy n't rave food, given tour kitchen, prepared pricey worth penny.we thoroughly enjoyed time new york happily recommend hotel planning trip,",4.0,TripAdvisor,TripAdvisor,70,473,90.2,0.9
"first of all, i have to say that i got excellent service for a product that was not sold by amazon but, shipped by them. they came in the same shipment as another pumpkin-flavored product, carbon's golden malted pancake and waffle mix, that i had ordered. the waffles were and are wonderful! the pop-tarts tasted dry and stale. the frosting kind of cracks off and there is not much filling. the filling does not taste like pumpkin! it tastes sugary but, not particularly like anything else. i opened two different packets and had the same result. they were bad. i tasted them and ended up throwing them out. i tried one plain out of the package and i tried toasting the other. it didn't make any difference. what a waste of time and money!",2.0,Amazon,Amazon,134,739,87.97,0.7014925373134329
"okay room bad beds rude check staff noisy drunken people, stayed original building rooms smaller southern building rest family stayed before.location great, walking distance good restaurants bars shopping train stations, lobby staff obviously treating customers asian races differently westerners, condescending contempt bowing smiling back-side kissing, 2 hour delay check-in rooms 2.5 hours, especially bothersome arrived 8am red-eye flight walked town 1pm supposed check-in time asked wait lobby 3pm rooms small- beds uncomfortable- blankets kept slipping bed material blankets flat sheets not matched, really really good complimentary girly stuff shampoo body wash conditioner face wash. far superior hotel kits, connecting rooms traveled family 4 2 connecting room wonderful, beware tv remote father turned tv spooked 10 year old bed, restaurants expansive food edible not nearly good nearby, hotels like that.entertainment drunken people relax big well-dressed crowd conference day watch stagger listen make noises night, really quite entertaining expanse sleep, best saw man standing middle lobby drunk mind not violently just trying best stay feet staggering effort, staff did nothing just turn looking obviously amusing intrusive drunken man, saw policemen/security guard walking man thought ready escort joined staff watching discussing man, strange culture,",2.0,TripAdvisor,TripAdvisor,191,1368,71.58,0.8219895287958116
"first let me say that these beans taste just fine, however, there are way too many damaged beans in each tin and we were not expecting that.",3.0,Amazon,Amazon,27,140,95.29,0.9629629629629628
"horrible experience- gave away prepaid room room not ready prepaid executive room w/ view exec floor did not room 4 adults settle small suite w/ king bed 2 roll away beds stuffed cramped room simply gave away room, bunch crap, knew prepaid reserved 3 mos room, prepaid not discount lower grade roomthey ultra busy busy provide type quality service, far away home w/this previous thought quality hotel chainnever trust marriott hotels.com prepayment requirment sucks, alot hotels area stay suggest,",1.0,TripAdvisor,TripAdvisor,79,497,84.94,0.7848101265822784
very useful. easy to plan daily schedule. please keep on improving.,4.0,GooglePlay,GooglePlay,11,67,54.27,1.0
can't believe i waited for 1h30min for the dinner! definitely not a delightful thanksgiving night,1.0,Yelp,Yelp,15,97,78.8,0.9333333333333332
"i tried this because i can't seem to find the gloria jean serenity tea which i liked very much. the celestial seasonings was very very bland. i even tried it on the smallest cup, and it made no difference. there is no authentic flavor here. i was brought up drinking green tea. i especially like the yama moto brand green tea, but wanted something quick and easy in a k-cup. i like the celestial seasonings mandarin spice so i thought i would try the green tea. i realize that coffee and tea are a personal preference. for me, this green tea missed the mark completely.",1.0,Amazon,Amazon,105,569,87.75,0.6761904761904762
"your condescending attitude is not helping yor case. there is a sublist reorder but nothing for the main list. there is no sort of any kind says sort by do date or lets you pick what to sort by, a logic choice. completed tasks need to change imiediately so you know it's completed & next month is set. i didn't say it wasn't simple. the interface is not very intuitive. i did look at help & there is little for the main list. you are very irritating so i am going to try other choices.",2.0,GooglePlay,GooglePlay,95,485,89.34,0.7263157894736842
"nice experience just stay caribe hilton stayed night cruise nights, arrival looked fantastic, inpressive, reception area huge fabulous view sea, booked dble dble deluxe ocean view room 3, got ocean view check ins different parts hotel rooms did expect better hilton walls looked paper peeling areas carpet did look old bathroom lovely clean beds comfy, just little dissapointed rooms amt time spend room gounds, pools beach absolutely beautiful looks exactly like picture web site, ate mortons steakhouse premises meal delicious, steaks hugh worth trying little expensive, price list outside know expect, staff lovely reception bell boys pool tenders, no complaints, overall great time caribe hilton,",3.0,TripAdvisor,TripAdvisor,105,700,75.71,0.8571428571428571
"i like this brand. i didn't realize i was ordering extra bold. to me these t cups are bitter. since i can't control the strength, i make a small cup and toss. then i make a large cup to drink. it is still strong which i like, but still has a bit of bitter aftertaste. i still like this brand.",4.0,Amazon,Amazon,60,292,82.73,0.7166666666666667
"perhaps we hit it on the wrong night? i had called ahead to reserve a spot for my huge birthday celebration. the service was slow, not very attentive and there was no recognition of the birthday. food was average.",2.0,Yelp,Yelp,39,213,93.62,0.8974358974358975
"just left this location. literally feel nauseous after leaving from the mexico burger. there is a lump of chorizo on it that was super greasy, which also dripped all over my shirt.",1.0,Yelp,Yelp,32,180,97.07,1.0
"you can' t manage it easily per day, the interface is not clear when i click on a day i want to say only that day agenda not others around it. when i add a task it doesn t show me in which day is added - i have at least ten ideas to improve. they contact me, i will uninstall it for now. i submitted few complaints but there are more",2.0,GooglePlay,GooglePlay,72,333,88.75,0.7916666666666666
"depends want stayed hotel tour group things life dependent expectations, say probably closer 2.5 star hotel 3 star hotel liked just fine not opt stay time.because traveling father assigned 3-bed 2-room suite 37 really nice, rooms clean well-maintained maids cleaned daily, shower good size well-behaved showers experienced italy toilet seat awkwardly large especially uncomfortable, able open large windows street building outside did not mind, downside outside wall did pick lot traffic noise city bells, not really problem sensitive noise probably want request room opposite side.breakfast served bright open terrace area floor hotel not tower, self-service pastries yogurt fruit water juice, table additional basket pastries servers bring coffee tea cappucino, desk staff helpful friendly hold key wish, wi-fi available purchase 5 euros/hour internet time, cheapest internet points florence near santa maria novella faenza, hotel practically corner ponte vecchio puts pricy tourist zone florence compact worthwhile venture cheaper internet cafes.because prefer smaller homey bb style hotels probably not picked hotel nor stay, wants stay old tower building safe clean hotel helpful english-speaking desk staff lot worse,",3.0,TripAdvisor,TripAdvisor,174,1223,72.94,0.8218390804597702
the endive salad might be the best salad i've eaten in sb. and the lamb lollipops are delicious.,5.0,Yelp,Yelp,18,96,76.4,0.8333333333333334
"everything was packaged well, but there were no instructions on how to reconstitute them, had to go online and the mushrooms were not to my liking at all!",2.0,Amazon,Amazon,28,154,92.79,0.8928571428571429
i bought this specifically because it didn't come with rice. rice is one of the most inexpesive food items on the planet and it's so easy to make. the reviewer who said it didn't taste like eggplant has obviously never eaten indian food before. this is a non-refridgerated item that is priced right and tastes pretty good. i prefer it over other tasty bite entrees.,4.0,Amazon,Amazon,65,365,92.92,0.8307692307692308
"slow, less friendly, wunderlist was far better app, which you bought and killed. i am not liking it and finally uninstalling after tolerating it for 8 months.",1.0,GooglePlay,GooglePlay,27,158,95.98,0.925925925925926
"the tetley naturally decaffeinated iced tea is great. i am so glad i found amazon, as i do so much shopping here. if you like tea you will love this product.",5.0,Amazon,Amazon,31,157,92.09,0.8387096774193549
"poor customer service and promises not kept. no apology or solution. if i could give 0 stars, i would.",1.0,Yelp,Yelp,19,102,78.75,0.9473684210526316
"modern hotel heart east berlin modern hotel heart east berlinvery clean strange atmosphere didnt feel welcomed international travellers hotel english spoken staff.rooms good modern clean.hotel restaurant v.good exspensive.overall goodvery typical modern city hotel 1,0 rooms,",4.0,TripAdvisor,TripAdvisor,35,275,88.74,0.7714285714285715
i really can't change notification sound and it uses the same phone notification.,3.0,GooglePlay,GooglePlay,13,81,58.0,1.0
"this is the best vegetarian bouillon i've found to use as a substitute for chicken broth. but in the u.s., they use hydrogenated palm oil. i bought their vegetable bouillon on a trip to france this past year and it had the same wonderful taste but no hydrogenated fats. so i know they can do it. wish they would offer it this way in the states.",4.0,Amazon,Amazon,66,344,89.3,0.7575757575757576
"convenient hotel, went hawaii honeymoon, stayed marriott 3 days went cruise, room perfect served purpose, don__c_e_ think waikiki beach place honeymooners fun exciting city, say mixture south beach new york city touch orlando b/c touristy, rooms spacious not ultra big, love staying marriott hotels absolutely adore marriott beds, fluffy comfortable, balcony small didn__c_e_ view, view obstructed hotels surrounded bit noisy, didn__c_e_ bother love city life days cruise departure, hotel walking distance waikiki beach 1 block close touristy thing imagine, nice italian restaurant right hotel, fast food restaurants near hotel, sunset group hula dancers perform explain hawaiian tradition right beach, entertaining importantly free, think hotel great staying family friends not honeymooners honeymooners looking r r, definitely stay hotel,",4.0,TripAdvisor,TripAdvisor,117,840,74.62,0.8205128205128205
"the donuts are flavorful and moist. i thoroughly enjoyed the red velvet cake donut. i don't even like donuts, but these were fabulous.",4.0,Yelp,Yelp,23,134,78.26,0.9130434782608696
"not expected, stayed ocean blue golf beach resort feb. 11th-18th 2006.rooms beautiful clean, villa 5 overlooking pool view ocean, huge bathroom great balcony, beach/pools beach nice little cleaner, shopping fun beach, pools extremely clean spacious, nearly impossible obtain lounge chair 6am obtain umbrella.staff curteous slow, dollars work magic food oh begin, thankfully packed snacks home, buffet near beach downright horrible, flies thought area makes ill. main buffet better not, descriptions not given food making difficult distinguish eating, food not fresh hotdogs served lunch served day breakfast tomato soup-like sauce yes breakfast, food poisoning day trip overall not recommend resort, recommend punta cana love return certainly not resort,",2.0,TripAdvisor,TripAdvisor,107,754,94.43,0.8598130841121495
"pretty nice app, but unstable a bit: sometimes drops settings like ""show monthly/weekly"". and a big trouble: used it for 3 month. had troubles with signing up at start and gave up - i used it without account just on one phone. about a week ago received strange email about password from support (they have my email but didn't sign me in?). looked strange, frankly speaking, so i ignored the email and decided to try to register one more time. i used option ""sign up with facebook"", was glad to see title ""without data loss"" and when i finally registered. all my habits and data disappeared from interface. sent email to support with screens and description, but silence still.",2.0,GooglePlay,GooglePlay,119,676,90.27,0.7394957983193278
"disappointed stayed teenage sons december 21 25 2007. hotel okay certain aspects infuriating, room second floor directly main chinese restaurant, worst problem room hot, not cool management not helpful regard, retrospect probably insisted room did not appear, outside temperature ranged 25 41 degrees fahrenheit, not sure temperature room sons uncomfortable time slept clothes decently resorted turning lights halogen incandescent, second worst problem dresser drawers poorly built shallow scraped dropped wood shavings clothes, addition carpet room old worn permanently dirty cleaning staff replenished 3 small bottles hotel-branded water twice stay, finally apparently location right restaurant hallway smelled kitchen exhaust just really unpleasant, plus beds pillows comfortable bathroom nice, staff generally nice did not appear know fifth line subway open nearby not shown hotel subway maps, english language skills adequate, breakfast buffet included room pretty good lots choices think eat like, hotel conveniently located shopping major tourist attractions, hesitant stay hotel, certainly not stay 2nd floor ask specifically air conditioning room recently replaced,",2.0,TripAdvisor,TripAdvisor,161,1174,60.34,0.84472049689441
"i spotted this place when i ate at full circle pizza and knew that i wanted to come back and try it. i've had snow cones and hawaiian shaved ice before, but i had no idea what a new orleans style snoball was. i have to say that i really liked it. the ice is shaved into extremely tiny and thin pieces. that's a good thing because you don't have to wait for big chunks to melt in your mouth before you can continue eating. they have some toppings you can choose from that you wouldn't normally see at a snow cone place, such as marshmallow fluff and whipped cream. you can also get sugar free flavors. they also have several selections that are more than one flavor of syrup mixed together. i just went with grape syrup only. while i liked how it tasted it was almost too sweet for me. kids would probably love it though.the ""cash only"" sign was a downer. i normally carry very little cash but luckily i had enough to cover the order, thanks in part to their very reasonable prices!",4.0,Yelp,Yelp,187,981,75.05,0.7165775401069518
amazing app. it helped me to built winning habits. changing life thank you!,5.0,GooglePlay,GooglePlay,13,75,54.53,1.0
could you please add sub tasks and checklist? and also to add new category?,3.0,GooglePlay,GooglePlay,14,75,51.31,0.8571428571428571
"great vacation impression landed going awful, mother-daughter vac, important activities, somethings able attend, service desk busy pleasant, questions women behing counter try best answer accomodate, asked room close beach right away changed location, defintely improve service employees, sat started ask dinner reservations rest, hardest blow day wait reservation hould eat buffet rest.i encountered difficult time making reservations rest, place getting got better, servers rest.manager server manager alejandro elvis kidest nicest eaach everytime came, felt home like family, hospitality notch, actually did n't want leave exceptional, came ask questions things jasson interested say, smile face hepful people know meaning work customer service, highly advice going wonderful, dancers shows activities liking want visit friends,",4.0,TripAdvisor,TripAdvisor,112,831,90.39,0.9375
"i thought i would be economical and buy this 5lb jar. in our apt the dishwasher could use a boost and i heard (and read all the reviews)that a little bit of this added with dishwasher soap makes everything sparkle, etc. i used it once and it left little white specks everywhere and didnt even stop the weird hard water calcium film. i ended up hand washing everything that came out of the dishwasher and now im stuck with a 5 pound jar of this junk. i feel weird being the only poor review, but im at a loss of what to do. ha-ha, i guess i can make a billion pounds of home made cheese.",1.0,Amazon,Amazon,116,586,90.93,0.7155172413793104
i had jordon pritchard come out today and look at what our problem was and he was extremely knowledgeable and talked me through everything i needed to know in order to get our pest removal taken care of!,4.0,Yelp,Yelp,38,203,87.26,0.8421052631578947
"this cafe was amazing. great food, great coffee, and a wonderful atmosphere. worth checking out.",5.0,Yelp,Yelp,15,96,77.8,0.9333333333333332
"i bought this as well as the pantainorasingh thai tea mix on a quest to save money by making the things i like at home. this tea is very close to what i've gotten in thai restaurants, but the price is outrageous.especially after shipping. i bought these two teas before venturing to my local asian food market - stupid, i know. but when i got to the market, i found the price on thai mixes to be between $2.50-$4. so it's not even the shipping that makes the price high. it's good, but not enough to warrant paying the extra cost. and if you're looking to make thai iced tea, don't follow the recipe on the label. i found a recipe online that works out very well - 6 cups water, 1 cup sugar (or splenda), 1 cup tea.",2.0,Amazon,Amazon,139,715,88.43,0.6690647482014388
"good little spot in downtown boise, plenty of tv's for sports and the people are super nice. food seems to be made fresh (i got the blackened fish tacos.delicous) definitely a ""local spot"". fun vibe. the only reason i gave it a 4 star was the sauce on the fish tacos was wat too salty. i actually asked for no sauce but whatever.",4.0,Yelp,Yelp,63,329,92.24,0.8412698412698413
"please add a feature to assign tasks to multiple users. and for no reason, the app ads an empty note to every new task being created with the android app.",4.0,GooglePlay,GooglePlay,30,154,95.8,0.9
"the lunch rush created a bit of a line, but it moved quickly. i actually wished it moved slower so i had more time to decide which of couchon butcher's mouthwatering sandwiches to give a try. but, on the spot, i went with a classic, the blt. the hubby got the pastrami and a side of mac-n-cheese. we also got a couple of salami sticks to chew on while waiting for our meal. the salami was surprisingly the one low light of the visit. it could very well be that we don't know good salami, but it just had a flavor and texture neither of us enjoyed. everything else was off-the-charts delicious! i was so excited by the pickles on the plate. they were crunchy, spicy, and sweet. the bacon in the blt was addicting! i had resolved to eat half a sandwich, since i was in nola and planned on eating other meals, but i couldn't put it down. too many places make sandwiches about the bread, here it is all about the meat! the hubby raved about his pastrami too. i would recommend this place over and over, and will be back to give some of those other sandwiches a try!",4.0,Yelp,Yelp,203,1061,72.13,0.6305418719211823
"disapointed stayed lots times year loved hotel looked forward staying, sadly time disapointment good standard hotel no longer great, large range hotels londn price band need extra want stay hotel sadly lost that.now coch parties meetings breakfast tables slightly cuttig corners, real shame,",3.0,TripAdvisor,TripAdvisor,43,291,96.51,0.9302325581395348
"professional, friendly, prompt, and reasonably priced. adorable and relaxing ambiance.",5.0,Yelp,Yelp,10,86,46.8,0.9
"appalling worst hotel stayed, not recommend dog.the major problem staff reception breakfast room, good course customer service not astray rude unhelpful, amsterdam 3 times year come away impression like,",1.0,TripAdvisor,TripAdvisor,29,203,97.57,0.9655172413793104
can't complete events. must keep dismissing it or delete it.,3.0,GooglePlay,GooglePlay,10,60,54.8,1.0
"atmosphere is definitely good. very nice ambiance, perfect for an anniversary or birthday. the food was good, however not worth the price. total meal for 3 around $250 but didn't leave me with that feeling that much heart or thought was put into the preparation. tip: skip the salads, they are bland and a little wimpy. for the price, i expect a little more honestly.",3.0,Yelp,Yelp,65,367,92.06,0.8307692307692308
i love the concept & look of this mobile app & the desktop version. i wish i could set recurring tasks or add time reminders to tasks. you also can't set reminders if you add an event directly into artful agenda. you have to add it to your google calendar first to set the reminder then let it sync to artful agenda. i've paid for the year subscription & i'm really hoping it has more functionality by the end of my subscription or i won't be renewing.,4.0,GooglePlay,GooglePlay,87,452,90.45,0.6896551724137931
my girlfriends and i went a few wineries in the area today and the vibe here was by far the worst. as soon as we walked in (at4:30) our greeting was that they were closing at 5pm. the front desk lady was so not customer savvy and it seemed like all she cared about was closing up. when we were tasting the wines she was grabbing the wine bottles to close them up. they young gentlemen that was serving us the wine was definitely feeling uncomfortable because she was asking for the wine bottles as he was pouring them for us. i don't know if she was just having a bad day or just always in a negative mood but it was our last winery of the day and it didn't end our day on a high note.,2.0,Yelp,Yelp,138,685,82.13,0.6376811594202898
"it was good for a few days, but now it's not loading on my browser at all (gateway timeout), and changes i made on my ipad are not syncing to my phone. not useful if nothing works.",2.0,GooglePlay,GooglePlay,37,180,90.75,0.8648648648648649
"wonderful hotel 5* plus emphasis customer service having booked 11 months advance wes tyler direct based reviews trip advisor knew n't going disappointed.the hotel exceeded expectations quite frankly fail understand complain, wants spend time room whilst visiting sf, said rooms sufficiently big huge walk closet, bed pillows just curl sleep night away.the bathrooms big purpose.as birthday surprise husband bottle wine souvenir gift awaiting us.nice touch.as said personal touches- coffee cookies lobby nice treat morning popcorn bar evening ice machines floor, just little things long way.the free internet access great.all staff extremely helpful knowledgeable.i recommend hotel convenient right union square cable car stops right outside.i say second trip stay las vegas bellagio, quite frankly opinion terrible, no customer service no personal touches asking advice unless going tip big style n't help you.wes thanks staf making charming hotel gem san francisco,",5.0,TripAdvisor,TripAdvisor,139,967,94.19,0.8776978417266187
"as with most lulus the staff here are always friendly and helpful. lulu clothes are very comfortable, but many fits/designs are meant for skinnier people. prices are pretty expensive, but i will have to say my lulu clothes last a long time and i do like that they have complimentary alterations.",4.0,Yelp,Yelp,51,295,94.31,0.8235294117647058
"rajah garam masala (spice mix) 100g we have been watching bal arneson (spice goddess) on the cooking channel and had decided that we need to add some great tasting spices to our collection of spices, being as we just love bal's recipes.",5.0,Amazon,Amazon,42,236,87.54,0.9047619047619048
"i love horchata and i was expecting the normal flavor of horchata, however this tastes like a dessert made with boiled rice, milk and cinnamon (arroz con leche) with a taste of coconut. the flavor is good, but it has nothing to do with the real horchata.",3.0,Amazon,Amazon,47,254,92.06,0.8085106382978723
"melia caribe tropical melia caribe dissapointment, luggage took 2 hours room, beach pool nice, inclusive food drink terrible, restaurants need days advance boking barely air conditioned, restaurants themed japan mexican italian seafood, not reservations japanese seafood restaurants 5 day stay, alcoholic shelf, buffet lunches not good best meal day breakfast, left hungry day no town no place real food, sick drink/food 3 weeks got home, day check late left bags curside 5 hours thought locked away,",2.0,TripAdvisor,TripAdvisor,76,500,75.26,0.8421052631578947
"if there was a way to set a recurring task, 5 stars. overall, great app and love the layout - very functional",4.0,GooglePlay,GooglePlay,22,109,80.84,0.9545454545454546
"you cannot judge this place based on the appearance. we got here early and did not have to wait at all. the smoked sausage, egg and cheese biscuit was heavenly. wish i could have tried more because it all looked really good. definitely worth a visit!",4.0,Yelp,Yelp,46,250,94.52,0.9347826086956522
"warned, just returned stay hotel la playa, website various web reviews sound like decent affordable place stay isla verde, highly disappointed experiences hotel, no oasis website claims, rooms dirty sheets dirty spiders mosquitos ants room/shower mattress flimsy, difficult hot water shower no water pressure, complained problems person desk acted nothing, learned hotel uses solar power heat water cloudy day n't expect hot warm water shower, final warning bar area loud able hear room trying sleep,",1.0,TripAdvisor,TripAdvisor,75,500,76.4,0.88
"i guess you've got to take the good with the bad sometimes. this place is an aging landmark, and is more than a little rough around the edges. however, there just is something about being in this historic building on the corner of washington & state sitting behind the floor to ceiling windows that makes up for it for me. after not being there in some years, i was pleasantly surprised when my family went for breakfast recently and the service and food were good, and the prices reasonable. and you can get booze with breakfast. just saying. we'll be back.",4.0,Yelp,Yelp,101,558,92.04,0.7821782178217822
small portions and burnt fries cooked in oil that was too high (they came out black) and my partners country fried steak was all breading no steak.flavorless foodi was surprised how underwhelming this place is. the only thing going for it is the location.,1.0,Yelp,Yelp,44,255,95.94,0.9090909090909092
"i went a few months ago, but i'm just now finishing up this review.food was tasty but overall pretty meh. not a large selection (which can be a good thing at times), and gave the usual vibe of ""you're eating at a caterer's; this place does catering; try our catering!""-- the food is good, but it can only be so good. didn't really feel like it was worth the price.also: the oversized coffee cups are cute but a complete pain to drink out of. the design also means your coffee will be cold before you even get halfway through your meal",2.0,Yelp,Yelp,101,534,92.63,0.801980198019802
"extremely disappointed in our experience and our meal. we went to the restaurant to make a take out order. on the front window there is a sign stating $5 off first online order. cool, we sat outside and made our order. i could tell this did not go over well with the staff. why? it's advertised! we spent over $50 which for the amount of food we ordered was not ok. we sat, and sat, and sat waiting for our food. we were finally offered a drink while we waited which was nice. finally we were brought our food. my first thought is there is no way all of our food is in those bags. upon us checking yep, both orders of chips and salsa and cheese dip weren't in the bag. oh and by the way that's about $11 worth of food! went back in, received our left out items and went home. y'all they use velveeta cheese for their cheese dip! what?! where is my melty white cotija cheese? very disappointing. my taquitos were so bland and a bit over done. my husband's fajitas were ok. i did enjoy the rice and salsa though. i am disappointed we spent so much on a meal that opinion wasn't worth it. i would not return.",2.0,Yelp,Yelp,215,1105,69.8,0.6139534883720931
"nice not previous level, husband enjoyed staying maison orleans club level inside ritz carlton new orleans beautiful intimate appointed rooms, thrilled finally reopened, said somewhat disappointed quality stay, previously club level entrance accessible ground floor, club level accessed main ritz entrance utilize 3 separate elevators considerable distance, mind paying beef, additionally arrival lights bathroom, quickly fixed calling truly hotel caliber unacceptable, turn service did not arrive 9:30 pm felt late given returned room, site boasted flat screen televisions not case, lining bedside lamps ripped, working diligently old stuff rooms hotel times blocking hallways, food quality not par presentations, previously divine chocolate croissants offered no longer sigh, hoping kinks worked hotel reopened month, n't wrong beautiful hotel nicest no not previous standards,",3.0,TripAdvisor,TripAdvisor,121,879,75.29,0.8429752066115702
"how is a restaurant out of so many things on a monday night? you'd think the service would be outstanding to compensate for the shortcomings. wrong! never felt so much like a burden when i'm paying for a meal. sad, as this used to be one of my new orleans favorites. the short ribs were delicious.",3.0,Yelp,Yelp,56,297,91.18,0.8214285714285714
"didn't know until this moment when i randomly read the reviews that it needed to be refrigerated. item did not arrive in a refrigerated package. the label is all in japanese and nothing was mentioned on the item description about refrigeration. i had used it after it was sitting in my pantry for about a month and the taste was still a five star rating but needless to say, i will be throwing the rest out which infuriates me because i hate wasting.",3.0,Amazon,Amazon,83,450,91.67,0.7590361445783133
just like wunderlist except worse ! laggy update of list from one device to any.,2.0,GooglePlay,GooglePlay,15,80,80.8,1.0
"service was great, but food was expensive for what we got. not a lot of gluten free options either. we were so excited when this place came to fishers, but there are so many other options now that i'd choose over this. the fishers district is the place to be for good food and experiences!",2.0,Yelp,Yelp,55,289,92.85,0.8181818181818182
i can't copy past the activities for other days i must write them on every day on the calendar,1.0,GooglePlay,GooglePlay,19,94,79.86,0.8421052631578947
"i love the green mountain sweet black tea and that was what i ordered. i opened this sweet tea and brewed a cup (over ice, as instructed). this has a bitter taste the lingers after the tea is gone. it also had no sweetness that i could tell. even when sugar is added, it has the bitter taste and after taste. i would not recommend to anyone.",1.0,Amazon,Amazon,67,341,87.86,0.6865671641791045
"this is a big ass bag of coffee beans. good price for a big ass bag. i have been drinking it every day since i got it and all i have to say is, ""it's all right.""",4.0,Amazon,Amazon,37,161,85.01,0.7837837837837838
"the planters heart healthy mix tastes great. the bags are a serving size, so you don't have to think about portion control. the whole nuts are lightly salted and taste fresh. i did the subscribe and save, so i'll always have them available. a great deal for an excellent product.",5.0,Amazon,Amazon,50,279,92.0,0.84
a very flavorful cereal with or without milk. the sweetness of the honey and the lightly salted peanuts were a tasty combination. crunchy nut didn't last a week in my household. i would definitely purchase this item in the future. if the price was right.,4.0,Amazon,Amazon,45,254,91.73,0.8444444444444444
"we came in here to get some meat to take home. the only downside here is there is nearly no parking. we picked up some andouille sausage, pastrami, duck pastrami, tasso, cajun dogs, and boudin. it was a bit pricey, but compared to the low quality or non existence of these items at home, it was worth it. besides, they have bacon pralines.",4.0,Yelp,Yelp,63,339,93.08,0.8412698412698413
"$73 for a tin of earl grey, even if it's ahmad (my favorite)? i buy excellent loose ahmad tea for around $8.00, so pray tell me what justifies this price? (and i've smelled - not drunk - rare chinese tea that was going for $10/100 grams). i await enlightenment.",1.0,Amazon,Amazon,49,261,93.05,0.8775510204081632
"i came in to get a new resident drivers license. the attitude of all employees i encountered was top notch and made my experience 10x better than expected. at window 8, story assisted me with great professionalism. along with christine, the two of them allowed me to leave with everything complete and a smile on my face. thank you!",5.0,Yelp,Yelp,59,332,92.44,0.8305084745762712
very good mexican food. chips and salsa are great. food is above average. will be back,4.0,Yelp,Yelp,16,86,79.4,1.0
"i really didn't know what to expect from this product. but, i found myself pleasantly surprised. while it does not exactly taste like a mojito, it has that general flavor. i enjoyed it and found it quite refreshing. and, for the calories, what more could i ask?",3.0,Amazon,Amazon,47,261,91.45,0.8297872340425532
to hard to sign-in. make it easier to sign in. i wasn't able to sign in or use the app. uninstalled.,1.0,GooglePlay,GooglePlay,21,100,69.19,0.8095238095238095
"lovely gem 30 hour flight confess tiny bit initital disappointment regent, read request room view gendarmenmarkt, emailed phoned hotel request room arrived told room not right price bracket view, helpful replied email let know disappoint check, room given pleasant partial view gendarmenmarkt bit tired 1980s sage green carpet pale apricot walls gold taps bathroom, quibble not end negative note outrageously expensive access wish hotels learn reap profit lose annoyed guests, decent night sleep begin appreciate regent benefits forgave decor, regent fabulous location quiet street old eastern bloc perfectly located walking distance major sightseeing centres, worried town little removed heart city kurfurstendam visting town felt definitely right location decision, regent walking distance brnadenburg gate checkpoint charlie major galleries museums, galleries lafayette street beautiful high end boutiques minutes hotel, service hotel impressive complimentary shoe shine night book mark left book reading bowls chocolates left day box chocolates left farewell gift, doorman particularly friendly pleasure come hotel end day, relatively small hotel overall feel calmness tranquility,",4.0,TripAdvisor,TripAdvisor,163,1185,60.03,0.8343558282208589
they are not the same. the pieces are a lot bigger and my dog goes through the bag fairly quicker than before. the quality also seems a little less than what i have had in the past. nevertheless my dog likes them and i still get these every once in awhile. the price isn't bad and it keeps him busy and satisfies his chewing needs.,4.0,Amazon,Amazon,65,331,91.08,0.7692307692307693
the app is not compatible to read my notifications on my wrist band.all other apps notifications do work.all settings are set on my phone to make sure i receive the notifications but in vain.please make an update for this.(any update on this issue please),3.0,GooglePlay,GooglePlay,44,255,89.5,0.7727272727272727
"everything i expected from all the hype, hot chicken was great! food came out hot and fresh pretty fast after we eventually got through the 30 min wait out the door. sweet tea was on point as well. hot level heat was just right and not too over powering. would go back!",4.0,Yelp,Yelp,52,269,92.34,0.8461538461538461
the free tier is close to useless and coming from ticktick i found todoist pricier and work fewer features.,3.0,GooglePlay,GooglePlay,19,107,83.02,0.9473684210526316
"my experience confirmed another reviewer's comment: watch out your bills! have read about the salon's inconsistent price and billing, i asked for the same stylist as my previous visit and her pricing again (i was told the same price as my last visit a few months ago) before i booked the appointment. the bill came out $20 more than what i was quoted over the phone just 2 days ago. i am pretty sure i don't have hearing problem. i did not bother to argue, but i will not go back again. just don't like to deal with dishonest company.",1.0,Yelp,Yelp,100,534,91.97,0.75
"nice app but online synchronization and cloud connection is required in case we miss the phone, its very important today.",4.0,GooglePlay,GooglePlay,20,121,84.2,1.0
"these are good -- just not as good as i remember them from when i was a kid. being from the south, we stopped at a stuckey's any time we were on a short trip around the state. these pecan logs were always our favorite (usually 3 of us kids shared one). they are still well worth the price.",4.0,Amazon,Amazon,59,289,87.6,0.7966101694915254
"the description was misleading. the product desriptor stated that it was an assorted pack of three and it listed all the different cars. i placed the order thinking there would be three pez cars coming. when i only received one, i was very disappointed. because it was for my son's birthday, i had to look for something else online to put in my son's goody bag. after i received it, i went to look at the description again because i thought i had read it incorrectly. the description was not written clearly.",2.0,Amazon,Amazon,92,508,87.95,0.6630434782608695
"staying chelsea pines hotel loved stay chelsea pines hotel, certainly located walk places wanted, hotel clean hotel staff friendly helpful.i 2 suggestions, stay somewhat better shower head better, taking shower nice stream water, say harder water coming shower head, suggest showerheads, feels just like shower.the suggestion cable wire connecting tv needs permanently connected, day cable wire come loose, did not realize thought cable gone, day realized cable wire disengaged reattached wire, couple channels cable maybe cnn tcm amc thanks looking forward stay.christopher freeman,",5.0,TripAdvisor,TripAdvisor,83,583,93.84,0.8313253012048193
"disappointing just retuned 5 nites property, checkin check-out disapinting. told no ocean view rooms availabe room overlooking entrance smell diesel fuel shuttle buses.also felt hotel looked tired, rooms needed updating n't clean expect.on positive note pool area grounds beautiful staff friendly slow serve.bottom line not return, 3 star propery best,",2.0,TripAdvisor,TripAdvisor,50,352,96.2,0.98
"our go to place each week for chinese food with the kids. they don't like any of the other fancier chinese restaurants in the area. we just get the basics but they live it. always get wonton soup, boneless spare ribs, chicken fried rice, chinese pizza, pork lo mein and an order of moo shoo pancakes (without the moo shoo). kids love to wrap up the food in the pancakesowners are real nice. always giving us free two liters or smaller drinks for the kids.",4.0,Yelp,Yelp,85,455,91.76,0.7764705882352941
"natural peanut butter tastes so much better than the homogenized versions. but the separation of the product requires you to have to stir and stir. that can get messy and time consuming. this device makes that task quicker, easier and cleaner. it works pretty well, altho depending on how fussy you are, you may have to still stir it with your knife to completely mix it up.",4.0,Amazon,Amazon,67,374,91.89,0.7910447761194029
"nickel dime death, start stating love new orleans there/here times stayed locations, trip staying true holiday inn brand try use hotels possible.i highly recomend finding different hotel chateau lemoyne city, like way way extract money pocket turn, 30 dollar night parking 5 suv opted not tell phone size parking space just way money charging use business center.i read bunch complaints parking charges reviewers hotel obviously aware staff sickly sweet sell public parking area.charm used hotel room plenty cracks plaster marks walls over-paint trim n't charming just poorly kept.looks like time drury chance,",1.0,TripAdvisor,TripAdvisor,92,610,96.25,0.8804347826086957
"fantastic value husband great time hotel, slightly small junior suite exceptionally presented clean, bed really comfortable exactly needed long trip, arrived room servce closed staff really helpful advising best local outs ended ordering pizza direct room- needs room service staff helpful considerate service fast efficient.i stayed smaller modern spotless room roosevelt warm service larger flee pits saw fabulous city.i stay,",4.0,TripAdvisor,TripAdvisor,60,428,95.7,0.8833333333333333
"the whole app is based on the system calendar app.when adding, showing. tasks.use apis but personnalize the design.",1.0,GooglePlay,GooglePlay,18,115,76.27,0.8888888888888888
"food wonderful rooms need fixed, great hotel, towers, stayed older tower night town, room small appeared clean, hotel smelled musty moldy problems booking, staff wonderful food fanatastic greenhouse, went cruise wonderful time came spend 2 nights hotel march 2007 newer hotel suite large great view water patio doors opened closed 2 gaps, walked sick, mould visable walls floors slanted walked large bumps 3 high, wore shoes bed, ceilings water damage, ceiling bathroom leaked, mirrors bathroom broken wall plate covers trying cover holes. bedding clean, couch n't sit collapsed middle, staff helpful fact working travel agency, compay travel agent booked hotel transhotel horrible double billed plus got reservation wrong, little time lot money fix place,",2.0,TripAdvisor,TripAdvisor,114,756,80.19,0.8596491228070176
"i like the high protein/fiber and low calories. but this was way too sweet. i had to double the amount of recommended water to be able to drink this. i have also tried the iced tea and pink lemonade. i like the pink lemonade best and this one the least. overall, the product is not bad. it dissolves completely and does not have aftertaste. give it a try. but before buying a bunch of one single flavor, try them all first.",4.0,Amazon,Amazon,81,423,87.88,0.7160493827160493
works fine but the ads are horrible. every time i enter something new i have to watch a slow ad. i'm removing it!,1.0,GooglePlay,GooglePlay,23,113,74.56,0.9565217391304348
"biggest disappointment vacation just enjoyed 16-day vacation spain, visited cities stayed hotels, nights spent hotel barcelona catedral, checked 4:00 p.m. given smoking handicap room warm, desk claimed not know request non-smoking email response, inserted spare keycard activate electricity air conditioning went enjoy city 11:30 p.m. returning room temperature warm, thermostat clicked 25 degrees 80 f needless say comforter way warm maintenance people long gone evening, tossed turned miserably night long, showering housekeeping knocked door said wrong room proceded rooms 8:00 a.m. complained heat requested plain bedsheet comforter warm, asked compensated way bad night, told need talk manager compensation, told not inserted keycard properly turn air not true lights worked fine, went explore city not knowing expect night, came room nice cool duvet cover no blanket no sheet toiletries bathroom floor, ask comforter, sleep better night, night elevator room growled night long, bad night, went check billed water bottle left room second night asked compensation bad experience said offer free breakfast, nice know check-out, way airport no time enjoy meager offer, recommend avoiding hotel, paid rack rate decent night sleep, location fine new cheaply-constructed building, bathroom appears formica-tile marble ceramic hotels visited, predict building not age customer service come haunt,",1.0,TripAdvisor,TripAdvisor,199,1394,74.65,0.7939698492462312
"my favorite spot to grab a quick bite knowing it will be delicious, fast, and inexpensive. the tacos are some of the best in the city and the atmosphere is relaxed and cool.",5.0,Yelp,Yelp,33,173,94.85,0.8484848484848485
"this stuff tasted like cough syrup, but actually tasted kind-of good if you don't use too much. yet, to get the vitamin benefit, you have to use quite a bit and it really is like cough syrup and way to sweet for my liking. a light squeeze only give you 10-25% of your daily b vitamin and a double-portion (yuck) will give you your daily. that sucralose stuff is used in all the ""vitamin"" drinks now, but really.it's not good for you. your better off pop-in a high-dosage multi-vitamin and drink plain water.",2.0,Amazon,Amazon,93,507,90.94,0.7311827956989247
"really helps to know when tasks are completed. it would be a solid 5 if, when you shared say with google drive, that the completed dates would transcribe in the transfer. major reason for chosing this app was knowing when something was accomplished. otherwise a great piece of software. very functional in task management.",4.0,GooglePlay,GooglePlay,54,322,93.23,0.8703703703703703
"we had a party of 10. we waited over an hour and half for our food. after an hour the manager came out to tell us that they were out of baby back ribs. it was a wednesday night so it's not like it was busy. food was decent, but prices were very high. when the manager was asked about the wait for the food he responded ""it's normal"". if you like overpriced bbq give this place a try!",3.0,Yelp,Yelp,79,383,85.1,0.759493670886076
was able to get on wait list via telephone system and only had to wait 10 mins to be seen on a saturday afternoon. there was a glitch with my health insurance so i had to pay they're reduced contracted rate of 99.00 and when i called back to say the antibiotic they prescribed was way to expensive out of pocket they called in one of the ones that publix pharmacy dispenses for free ! all this half hour before their closing time.,5.0,Yelp,Yelp,83,430,92.39,0.7831325301204819
"i'm sorry. this was on my to do list for 5 years. it was sub par. cracker barrel is much, much better. this was just not good",1.0,Yelp,Yelp,27,125,86.63,0.8888888888888888
terrible. second pair of shoes i tried to take in and he said they weren't worth the price to fix. when i asked what i would be he quoted 75. i agreed and then he changed it to a higher amount. i think he doesn't want the service.i will try a competitor.,1.0,Yelp,Yelp,52,254,84.34,0.7692307692307693
this was pleasant to drink and easy to prepare. i would have preferred a more chocolaty flavor. perhaps a thicker consistency would be an improvement.,3.0,Amazon,Amazon,25,150,92.53,0.88
"not able to sync with outlook. cannot create goals with a goal tracker, or export calendar events, tasks, or notes, and only accessible through phone and tablet. much improvements needed for such a high subscription rate.",3.0,GooglePlay,GooglePlay,36,221,94.27,0.8888888888888888
"the pizza just isn't very good, disappointingly inauthentic. frozen, mass produced and just not good. to be fair if you are drunk and hungry then you'll like it and it will do the job but it's on par with papa johns or something like that, it's not real pizza",2.0,Yelp,Yelp,49,259,93.82,0.8163265306122449
"unique fun change pace, stayed white swann 3 nights february loved, breakfasts great lots choices fresh fruit quiche croissants, rooms different fun daughter loved bears ended taking home, evening wine social nice time meet relax, hotel close cable cars union square, easy, tip muni 3 day pass buses cable cars, save tons transportation. 18 days great deal.you not disappoitnted white swann inn,",5.0,TripAdvisor,TripAdvisor,62,395,96.03,0.9032258064516128
